part_id,part_name,motor_type,price
082322MBK2LN0,"MPX2 10W30 SLMB 0,8L REP O",NEW VARIO TECHNO CBS,59000.0
082322MBK3LN1,"MPX2 10W30 SLMB 0,65L IDE E",SCOOPY STYLISH ,0.0
082322MBK2LN0,"MPX2 10W30 SLMB 0,8L REP O",NEW VARIO TECHNO PGM FI,59000.0
082322MBK3LN1,"MPX2 10W30 SLMB 0,65L IDE E",BeAT Sporty CBS ISS Deluxe,50000.0
082322MBK3LN1,"MPX2 10W30 SLMB 0,65L IDE E",BEAT SPORTY CBS,0.0
06455KREK02,"PAD SET, FR",ADV 160 CBS,121500.0
082342MBK0LZ0,"SPX2 10W30 SLMB 0,8L REP",ADV 160 CBS,70500.0
08294M99Z8YN1,SCOOTER GEAR OIL (120ML) IDE,ADV 160 CBS,16500.0
082322MBK0LN1,"OLI MPX2 10W30 SL 0,8L IDE",VARIO 160 ABS,0.0
082322MBK2LN0,"MPX2 10W30 SLMB 0,8L REP O",SCOOPY,59000.0
082342MBK0LZ0,"SPX2 10W30 SLMB 0,8L REP",PCX 160 CBS,70500.0
082322MBK3LN1,"MPX2 10W30 SLMB 0,65L IDE E",BeAT Street,0.0
082342MBK0LZ0,"SPX2 10W30 SLMB 0,8L REP",VARIO 160 CBS,0.0
082342MBK0LZ0,"SPX2 10W30 SLMB 0,8L REP",PCX 150,70500.0
082322MBK3LN1,"MPX2 10W30 SLMB 0,65L IDE E",BeAT Sporty CBS,0.0
082342MBK0LZ0,"SPX2 10W30 SLMB 0,8L REP",VARIO TECHNO NON CBS,70500.0
08232M99K0LN5,"MPX2 10W30 SLMB 0,8L CAS",BEAT STREET CBS,59000.0
082322MBK0LN1,"OLI MPX2 10W30 SL 0,8L IDE",CB150 VERZA CW,59000.0
23100K36BA0,"BELT DRIVE, KIT",CB150 VERZA CW,189500.0
082322MBK0LN1,"OLI MPX2 10W30 SL 0,8L IDE",VARIO 125 CBS,59000.0
082342MBK0LZ0,"SPX2 10W30 SLMB 0,8L REP",VARIO 125 CBS-ISS MMC,70500.0
08CLAH50500,HONDA M/C GENUINE COOLANT,VARIO 125 CBS,19500.0
12391KZR600,"GASKET, CYLINDER HEAD COVER",VARIO 125 CBS,55000.0
17210K97N00,ELEMENT COMP AIR/C,NEW SCOOPY FI,79500.0
082322MBK0LN1,"OLI MPX2 10W30 SL 0,8L IDE",BEAT POP ESP CBS,59000.0
082322MBK3LN1,"MPX2 10W30 SLMB 0,65L IDE E",BEAT STREET CBS,50000.0
082342MAK8LZ0,"SPX1 10W30 SLMA 1,2L REP",CBR 150R STD,90000.0
082322MBK0LN1,"OLI MPX2 10W30 SL 0,8L IDE",VARIO 110 CBS,59000.0
23100KZLBA0,BELT DRIVE KIT,SCOOPY FI,156000.0
082322MBK3LN1,"MPX2 10W30 SLMB 0,65L IDE E",BEAT SPORTY CW,50000.0
08294M99Z8YN1,SCOOTER GEAR OIL (120ML) IDE,VARIO FI,16500.0
17220KZR600,"ELEMENT SET, AIR CLEANER",VARIO FI,59000.0
082322MBK0LN1,"OLI MPX2 10W30 SL 0,8L IDE",VARIO FI,59000.0
082322MBK3LN1,"MPX2 10W30 SLMB 0,65L IDE E",BEAT SPORTY CBS ISS,50000.0
082342MBK0LZ0,"SPX2 10W30 SLMB 0,8L REP",NEW VARIO CBS PGM FI,70500.0
17220KZR600,"ELEMENT SET, AIR CLEANER",NEW VARIO CBS PGM FI,59000.0
22011KWN900,"PIECE SET,SLIDE",NEW VARIO CBS PGM FI,25000.0
23100K35BA0,"BELT DRIVE, KIT",NEW VARIO CBS PGM FI,175000.0
22100KVB900,OUTER COMP CLUTCH,NEW VARIO CBS PGM FI,131000.0
082342MBK0LZ0,"SPX2 10W30 SLMB 0,8L REP",BEAT FI CW,70500.0
082342MBK0LZ0,"SPX2 10W30 SLMB 0,8L REP",PCX160 ABS,0.0
08294M99Z8YZ1,SCOOTER GEAR OIL (120ML) IDE,BeAT Sporty CBS ISS Deluxe,16500.0
08113HFH000,HONDA FOLDABLE HOOK,BeAT Sporty CBS ISS Deluxe,101000.0
082322MBK3LN1,"MPX2 10W30 SLMB 0,65L IDE E",BeAT Sporty DLX Smart Key,0.0
082342MBK0LZ0,"SPX2 10W30 SLMB 0,8L REP",PCX160 RoadSync,0.0
06455K59A71,"PAD SET,FR BRAKE",GENIO CBS,89000.0
34906GB6921,BULB TAILLIGHT,GENIO CBS,12500.0
08294M99Z8YZ1,SCOOTER GEAR OIL (120ML) IDE,Beat Sporty,16500.0
082322MBK2LN0,"MPX2 10W30 SLMB 0,8L REP O",Beat Sporty,59000.0
082322MBK3LN1,"MPX2 10W30 SLMB 0,65L IDE E",BEAT SPORTY DLX SMART KEY,0.0
082322MBK0LN1,"OLI MPX2 10W30 SL 0,8L IDE",BeAT Sporty CBS,59000.0
07249RM15,MINYAK REM,BeAT Sporty CBS,10000.0
31500KZR602,BATTERY(GTZ6V),VARIO 125 CBS,302000.0
08232M99K0LN5,"MPX2 10W30 SLMB 0,8L CAS",VARIO 125 CBS,59000.0
07019LCL018,ANGIN  NITROGEN SET,BeAT Sporty CBS ISS Deluxe,10000.0
08294M99Z8YN1,SCOOTER GEAR OIL (120ML) IDE,Beat Sporty,16500.0
06435KSPB02,PAD SET RR,CB150R STREETFIRE,70500.0
082322MAK8LN1,"OLI MPX1 10W30 SL 1,2L IDE",CB150R STREETFIRE,73500.0
082322MBK3LN1,"MPX2 10W30 SLMB 0,65L IDE E",SCOOPY STYLISH,0.0
082342MBK0LZ0,"SPX2 10W30 SLMB 0,8L REP",VARIO 125 CBS ISS,70500.0
08294M99Z8YN1,SCOOTER GEAR OIL (120ML) IDE,VARIO 125 CBS ISS,16500.0
17220KZR600,"ELEMENT SET, AIR CLEANER",VARIO 125 CBS ISS,59000.0
22100KWN900,OUTER COMP CLUTCH,VARIO 125 CBS ISS,130000.0
22011KWN900,"PIECE SET,SLIDE",VARIO 125 CBS ISS,25000.0
9410912000,"WASHER, DRAIN PLUG, 12MM",VARIO 125 CBS ISS,1500.0
06945CL62,PER REM,BeAT Sporty CBS,5000.0
06945CLC96,CLIP COVER,BeAT Sporty CBS,25000.0
38110KZVY02,HORN COMP (HIGH),BeAT Sporty CBS,70000.0
082342MBK0LZ0,"SPX2 10W30 SLMB 0,8L REP",VARIO 125 CBS,70500.0
31500KZR602,BATTERY(GTZ6V),SCOOPY FI,302000.0
082322MBK3LN1,"MPX2 10W30 SLMB 0,65L IDE E",BEAT FI CW,50000.0
08234M99K8LZ0,SCOOTER GEAR OIL-SYN120MLREP,SCOOPY FI,19500.0
52400K25901,CUSHION ASSY RR,SCOOPY FI,264500.0
082342MBK0LZ0,"SPX2 10W30 SLMB 0,8L REP",SCOOPY FI,70500.0
08232M99K0LN5,"MPX2 10W30 SLMB 0,8L CAS",BEAT FI CW,59000.0
91202KVB901,OIL SEAL 20.8X52X7.5,BEAT SPORTY CW,8700.0
082322MBK0LN1,"OLI MPX2 10W30 SL 0,8L IDE",BEAT SPORTY CW,59000.0
08294M99Z8YN1,SCOOTER GEAR OIL (120ML) IDE,BEAT SPORTY CW,16500.0
31926KYT901,SPARK PLUG U27EPR-9 (DS),BEAT SPORTY CW,23000.0
08294M99Z8YN1,SCOOTER GEAR OIL (120ML) IDE,NEW BEAT CAST WHEEL,16500.0
082322MBK3LN1,"MPX2 10W30 SLMB 0,65L IDE E",NEW BEAT CAST WHEEL,50000.0
082322MBK3LN1,"MPX2 10W30 SLMB 0,65L IDE E",SCOOPY FASHION,50000.0
07019LCL018,ANGIN  NITROGEN SET,BEAT SPORTY CBS ISS,10000.0
23100KZRBA0,BELT DRIVE KIT,NEW VARIO TECHNO PGM FI,200500.0
02722LCL12,BAUD / RING,VARIO 125 CBS,1000.0
45517K81N30,"HOLDER, MIRROR",VARIO 125 CBS,27000.0
AHGK0010014,HONDA LEATHER KEYCHAIN,BeAT Sporty CBS ISS Deluxe,57000.0
08294M99Z8YN1,SCOOTER GEAR OIL (120ML) IDE,BeAT Sporty CBS ISS Deluxe,16500.0
43130KZL930,BRAKE SHOE,BeAT Sporty CBS ISS Deluxe,55500.0
08294M99Z8YN1,SCOOTER GEAR OIL (120ML) IDE,BEAT CW FI MMC,16500.0
082342MBK0LZ0,"SPX2 10W30 SLMB 0,8L REP",ADV150 ABS,70500.0
08234M99K8LZ0,SCOOTER GEAR OIL-SYN120MLREP,ADV150 ABS,19500.0
082322MBK3LN1,"MPX2 10W30 SLMB 0,65L IDE E",SCOOPY PRESTIGE,0.0
34901KFVB51,BULB HEADLIGHT (12V 25/25W),BEAT SPORTY CW,19000.0
12391KZR600,"GASKET, CYLINDER HEAD COVER",SPACY CW HELM IN FI,46500.0
08CLAH50500,HONDA M/C GENUINE COOLANT,SPACY CW HELM IN FI,16500.0
08294M99Z8YN1,SCOOTER GEAR OIL (120ML) IDE,BeAT Street,16500.0
AHGK0010014,HONDA LEATHER KEYCHAIN,BeAT Street,114000.0
43130KZL930,BRAKE SHOE,VARIO TECHNO 125 FI ISS,55500.0
42711K59A12,TIRE RR TL (90/90-14),VARIO TECHNO 125 FI ISS,297000.0
06976PENTIL,PENTIL TUBLES,VARIO TECHNO 125 FI ISS,10000.0
16895LCLBAUDCVTT,BAUD CVT,BEAT SPORTY CBS ISS,2000.0
131A1K81P00,PISTON KIT STD,BEAT SPORTY CBS ISS,114000.0
91202KVB901,OIL SEAL 20.8X52X7.5,BEAT SPORTY CBS ISS,8700.0
12100K25600,CYLINDER COMP.,BEAT SPORTY CBS ISS,445500.0
14520GFC771,LIFTER ASSY. TENSIONER,BEAT SPORTY CBS ISS,76000.0
12191K44V00,"GASKET, CYLINDER",BEAT SPORTY CBS ISS,9700.0
12251GGC901,GASKET CYLINDER HEAD,BEAT SPORTY CBS ISS,14500.0
147A1KVY900,VALVE SET,BEAT SPORTY CBS ISS,65000.0
12209GB4682,SEAL VLV. STEM,BEAT SPORTY CBS ISS,12000.0
082342MBK0LZ0,"SPX2 10W30 SLMB 0,8L REP",BEAT SPORTY CBS ISS,70500.0
06141KVB505,CAM CHAIN KIT,BEAT SPORTY CBS ISS,116500.0
31916KRM841,SPARK PLUG CPR8EA9 (NGK),BEAT SPORTY CBS ISS,23000.0
44711KVB930,44711KVB931,BEAT SPORTY CW,133500.0
08CLAH50500,HONDA M/C GENUINE COOLANT,PCX 160 CBS,19500.0
31917K0RV01,"PLUG, SPARK(LMAR8L-9)(NGK)",PCX 160 CBS,70000.0
06455K46N21,"PAD SET, FR. BRAKE",BEAT SPORTY CBS ISS,62000.0
082322MBK0LN1,"OLI MPX2 10W30 SL 0,8L IDE",VARIO 125 CBS ISS SP,59000.0
08294M99Z8YN1,SCOOTER GEAR OIL (120ML) IDE,VARIO 160 ABS,16500.0
082342MBK0LZ0,"SPX2 10W30 SLMB 0,8L REP",VARIO 160 ABS,70500.0
082342MAK8LZ0,"SPX1 10W30 SLMA 1,2L REP",NEW CBR 150R STD,90000.0
082322MAK2LN0,"MPX1 10W30 SLMA 0,8L REP",BLADE,57000.0
22132GCC771,PIECE SLIDE,SPACY CW HELM IN FI,40500.0
23100KZLBA0,BELT DRIVE KIT,SPACY CW HELM IN FI,156000.0
082342MBK8LZ0,"SPX2 10W30 SLMB 0,65L REP",BeAT Street,61500.0
06430KZL930,SHOE SET BRAKE,BeAT Street,61000.0
082342MBK0LZ0,"SPX2 10W30 SLMB 0,8L REP",NEW PCX 150 CBS,70500.0
082342MBK0LZ0,"SPX2 10W30 SLMB 0,8L REP",PCX 160 ABS,70500.0
43130KZL930,BRAKE SHOE,VARIO TECHNO 125 CBS ISS,55500.0
08232M99K0LN5,"MPX2 10W30 SLMB 0,8L CAS",BEAT FI SW,59000.0
06435K97N01,PAD SET RR BRAKE,PCX,132500.0
082322MBK3LN1,"MPX2 10W30 SLMB 0,65L IDE E",Beat Sporty,50000.0
23100K44V01,BELT DRIVE,BEAT FI CBS,111000.0
22105K44V00,BOSS DRIVE FACE,BEAT FI CBS,27500.0
43130KZL930,BRAKE SHOE,BeAT Sporty CBS,55500.0
AHGK0010014,HONDA LEATHER KEYCHAIN,BeAT Sporty CBS,57000.0
08294M99Z8YN1,SCOOTER GEAR OIL (120ML) IDE,BeAT Sporty CBS,16500.0
17210K16900,"ELEMENT COMP., AIR CLEANER",BEAT SPORTY CBS ISS,53500.0
12391K44V00,"GASKET,HEAD COVER",BEAT SPORTY CW,24000.0
TBC500ML,THROTTLE BODY CLEANER 500ML,BEAT SPORTY CW,35500.0
12251GGC901,GASKET CYLINDER HEAD,BEAT SPORTY CW,14500.0
082342MBK0LZ0,"SPX2 10W30 SLMB 0,8L REP",BEAT SPORTY CW,70500.0
12191K44V00,"GASKET, CYLINDER",BEAT SPORTY CW,9700.0
147A1KVY900,VALVE SET,BEAT SPORTY CW,65000.0
12209GB4682,SEAL VLV. STEM,BEAT SPORTY CW,12000.0
131A5KZL305,PISTON KIT (1.00),BEAT SPORTY CW,114000.0
31926KRM841,SPARK PLUG CPR9EA9 (NGK),BEAT SPORTY CBS ISS,23000.0
30700KPH881,CAP ASSY NOISE SUPPRESSOR,BEAT SPORTY CBS ISS,50500.0
08232M99K0LN5,"MPX2 10W30 SLMB 0,8L CAS",STYLO 160 CBS,59000.0
08294M99Z8YN1,SCOOTER GEAR OIL (120ML) IDE,VARIO 150,16500.0
082322MBK0LN1,"OLI MPX2 10W30 SL 0,8L IDE",VARIO 125 CBS ISS,0.0
91255KVB902,OIL SEAL 29X44X7,BEAT SPORTY CW,7600.0
08234M99K8LZ0,SCOOTER GEAR OIL-SYN120MLREP,BEAT SPORTY CW,19500.0
91009KVB903,"BRG,BALL RADIAL 60/22 UU",BEAT SPORTY CW,47600.0
21395KVB901,GASKET MISSION CASE,BEAT SPORTY CW,19500.0
43130KZL930,BRAKE SHOE,BEAT SPORTY CW,55500.0
91204K50T01,OIL SEAL 29X44X7(NOK),ALL NEW SCOOPY SPORTY,4500.0
22535K81N00,WEIGHT SET CLUTCH,ALL NEW SCOOPY SPORTY,154000.0
AHB6301RS,BEARING BALL (SET),ALL NEW SCOOPY SPORTY,58500.0
08294M99Z8YN1,SCOOTER GEAR OIL (120ML) IDE,ALL NEW SCOOPY SPORTY,16500.0
23411K81N00,SHAFT DRIVE,ALL NEW SCOOPY SPORTY,126000.0
HB6302RS,"BEARING,BALL",ALL NEW SCOOPY SPORTY,33800.0
91009KVB903,"BRG,BALL RADIAL 60/22 UU",ALL NEW SCOOPY SPORTY,47600.0
HB6204,"BEARING,BALL",ALL NEW SCOOPY SPORTY,27200.0
21395KVB901,GASKET MISSION CASE,ALL NEW SCOOPY SPORTY,19500.0
23421K81N00,SHAFT COUNTER,ALL NEW SCOOPY SPORTY,96000.0
HB6201,"BEARING,BALL",ALL NEW SCOOPY SPORTY,20000.0
91202KJ9003,OIL SEAL 20X32X6,ALL NEW SCOOPY SPORTY,8500.0
23422KZL930,"GEAR, COUNTER(51T)",ALL NEW SCOOPY SPORTY,76000.0
43130KZL930,BRAKE SHOE,BeAT Street,55500.0
082322MBK3LN1,"MPX2 10W30 SLMB 0,65L IDE E",BEAT STREET,0.0
08294M99Z8YN1,SCOOTER GEAR OIL (120ML) IDE,VARIO 125 CBS ISS SP,16500.0
082322MBK3LN9,"MPX2 10W30 SLMB 0,65L CAS",SCOOPY ENERGETIC,0.0
31928MFFD01, SPARK PLUG U24EPR9 (DS),VARIO 125 CBS,20000.0
03512HDL000,HONDA DISC LOCK,BeAT Sporty CBS,107500.0
08232M99K0LN5,"MPX2 10W30 SLMB 0,8L CAS",ALL NEW SCOOPY STYLISH,59000.0
08CLAH50500,HONDA M/C GENUINE COOLANT,ALL NEW SCOOPY STYLISH,19500.0
08234M99K8LZ0,SCOOTER GEAR OIL-SYN120MLREP,NEW VARIO TECHNO PGM FI,19500.0
08232M99K0LN5,"MPX2 10W30 SLMB 0,8L CAS",NEW VARIO TECHNO PGM FI,59000.0
AHTS0301050,HRC23 SPRTY NAVY TSHIRT XL,NEW SCOOPY PRESTIGE,151000.0
082322MBK3LN1,"MPX2 10W30 SLMB 0,65L IDE E",NEW SCOOPY PRESTIGE,50000.0
AHGK0010014,HONDA LEATHER KEYCHAIN,NEW SCOOPY PRESTIGE,57000.0
082322MAK0LN1,"OLI MPX1 10W30 SL 0,8L IDE",BLADE,57000.0
22110KVY900,FACE COMP MOVEABLE DRIVE,NEW BEAT CAST WHEEL,71500.0
91202KVB901,OIL SEAL 20.8X52X7.5,NEW BEAT CAST WHEEL,8700.0
22102KVY900,FACE DRIVE,NEW BEAT CAST WHEEL,136500.0
082322MBK3LN1,"MPX2 10W30 SLMB 0,65L IDE E",NEW SCOOPY SPORTY,50000.0
23100KZLBA0,BELT DRIVE KIT,BEAT SPORTY CBS ISS,156000.0
082322MBK0LN1,"OLI MPX2 10W30 SL 0,8L IDE",VARIO TECHNO 125 FI CBS,59000.0
082322MBK0LN1,"OLI MPX2 10W30 SL 0,8L IDE",VARIO 125 CBS MMC,59000.0
22535KWN901,WEIGHT SET CLUTCH,VARIO 125 CBS,159500.0
22011KWN900,"PIECE SET,SLIDE",VARIO 125 CBS,25000.0
17210KZR600,"ELEMENT COMP, AIR CLEANER",VARIO 125 CBS,56500.0
23100K35BA0,"BELT DRIVE, KIT",VARIO 125 CBS,175000.0
43130KZL930,BRAKE SHOE,VARIO 125 CBS,55500.0
31926KYT901,SPARK PLUG U27EPR-9 (DS),VARIO 125 CBS,23000.0
08232M99K0LN5,"MPX2 10W30 SLMB 0,8L CAS",GENIO CBS ISS,59000.0
08232M99K0LN5,"MPX2 10W30 SLMB 0,8L CAS",BEAT FI CBS,59000.0
06535GN5505,RACE STEERING KIT,NEW BEAT CAST WHEEL,103000.0
ACG10GR,AHM CVT GREASE 10 GR,NEW BEAT CAST WHEEL,15000.0
23100K44BA0,"BELT DRIVE, KIT",BEAT STREET CBS,150000.0
22102K44V00,FACE DRIVE,BEAT STREET CBS,49500.0
22110K44V00,FACE COMP MOVABLE DRIVE,BEAT STREET CBS,75500.0
082322MAK0LN1,"OLI MPX1 10W30 SL 0,8L IDE",REVO,57000.0
08CLAH50500,HONDA M/C GENUINE COOLANT,NEW PCX 150 CBS,19500.0
32100KWB920,HARNESS WIRE,SUPRA X,284500.0
082322MBK3LN1,"MPX2 10W30 SLMB 0,65L IDE E",NEW SCOOPY STYLISH,50000.0
43130KZL930,BRAKE SHOE,NEW SCOOPY STYLISH,55500.0
08294M99Z8YN1,SCOOTER GEAR OIL (120ML) IDE,NEW SCOOPY STYLISH,16500.0
AHGK0010014,HONDA LEATHER KEYCHAIN,NEW SCOOPY STYLISH,57000.0
06455KPPN02,"PAD SET, FR BRAKE",CB150R STREETFIRE,64500.0
082342MBK0LZ0,"SPX2 10W30 SLMB 0,8L REP",ADV 160 ABS,70500.0
ACG10GR,AHM CVT GREASE 10 GR,BEAT SPORTY CW,15000.0
08232M99K0LN5,"MPX2 10W30 SLMB 0,8L CAS",VARIO 125 CBS ISS,59000.0
06535GN5505,RACE STEERING KIT,BEAT SPORTY CW,103000.0
AHB6201RS,BEARING BALL (SET),BEAT SPORTY CW,51400.0
22110GFM960,"FACE COMP., MOVABLE DRIVE",NEW VARIO,82000.0
2212AKVB900,ROLLER WEIGHT SET,NEW VARIO,67500.0
22011K81N00,"PIECE SET,SLIDE",NEW VARIO,18500.0
17210K93N00,"ELEMENT COMP., AIR CLEANER",NEW SCOOPY STYLISH,63500.0
31919K25602,SPARK PLUG U27EPR-N9 (DS),NEW SCOOPY STYLISH,24500.0
31916KRM841,SPARK PLUG CPR8EA9 (NGK),VARIO 125 CBS,21850.0
08232M99K0LN5,"MPX2 10W30 SLMB 0,8L CAS",BEAT POP ESP CW PIXEL,59000.0
082322MBK3LN1,"MPX2 10W30 SLMB 0,65L IDE E",BEAT,50000.0
31500KPH881,BATTERY GTZ5S GS,SCOOPY ESP,248000.0
AHGK0010014,HONDA LEATHER KEYCHAIN,VARIO 160 CBS,57000.0
AHTS0301050,HRC23 SPRTY NAVY TSHIRT XL,VARIO 160 CBS,151000.0
082322MBK0LN1,"OLI MPX2 10W30 SL 0,8L IDE",PCX160 CBS,0.0
082322MAK0LN1,"OLI MPX1 10W30 SL 0,8L IDE",REVO CW,57000.0
44711K59A12,TIRE FR TL (80/90-14),VARIO 150 SPORTY,263000.0
42753KWF901,"VALVE,RIM(TRITON)",VARIO 150 SPORTY,21000.0
23100K0JBA0,BELT DRIVE KIT,NEW SCOOPY PRESTIGE,130500.0
082322MBK0LN1,"OLI MPX2 10W30 SL 0,8L IDE",VARIO 150,59000.0
082322MAK1LZ1,OLI MPX1 10W30 SL 1L IDE,TIGER CAST WHEEL,65000.0
08232M99K0LN5,"MPX2 10W30 SLMB 0,8L CAS",SCOOPY ESP,0.0
ALF6201RS,BEARING BALL (SET),ALL NEW SCOOPY STYLISH,49900.0
HBF50ML,"BRAKE,FLUID",ALL NEW SCOOPY STYLISH,8500.0
88220K81N30,"MIRROR COMP., L.",BEAT STREET,40500.0
42711K59A12,TIRE RR TL (90/90-14),BeAT Sporty CBS,297000.0
082342MBK8LZ0,"SPX2 10W30 SLMB 0,65L REP",BeAT Sporty CBS,61500.0
31500KPH881,BATTERY GTZ5S GS,BeAT Sporty CBS,248000.0
08294M99Z8YN1,SCOOTER GEAR OIL (120ML) IDE,BEAT STREET CBS,16500.0
31500KWWA02,BATTERY YTZ4-V,BEAT SPORTY CW,253500.0
ACG10GR,AHM CVT GREASE 10 GR,VARIO TECHNO 125 CBS ISS,15000.0
082322MBK0LN1,"OLI MPX2 10W30 SL 0,8L IDE",VARIO 160 CBS,0.0
03512HDL000,HONDA DISC LOCK,BeAT Sporty CBS ISS Deluxe,107500.0
08294M99Z8YN1,SCOOTER GEAR OIL (120ML) IDE,ALL NEW SCOOPY STYLISH,16500.0
082322MBK0LN1,"OLI MPX2 10W30 SL 0,8L IDE",ALL NEW SCOOPY STYLISH,59000.0
06455KVBT01,PAD SET FR,BeAT Sporty CBS,60500.0
06430K44V80,"SHOE SET,BRAKE",VARIO 125 CBS ISS,57500.0
35150KPH880,SWITCH UNIT LIGHTING,VARIO TECHNO,35500.0
082322MBK0LN1,"OLI MPX2 10W30 SL 0,8L IDE",VARIO TECHNO,59000.0
08294M99Z8YN1,SCOOTER GEAR OIL (120ML) IDE,VARIO 160 CBS,16500.0
082322MBK3LN1,"MPX2 10W30 SLMB 0,65L IDE E",VARIO 160 CBS,50000.0
43130KZL930,BRAKE SHOE,VARIO 160 CBS,55500.0
082322MBK0LN1,"OLI MPX2 10W30 SL 0,8L IDE",REVO 110 CAST WHEEL,59000.0
43130KZL930,BRAKE SHOE,ALL NEW SCOOPY PLAYFUL,55500.0
06455KVBT01,PAD SET FR,ALL NEW SCOOPY PLAYFUL,60500.0
082322MBK3LN9,"MPX2 10W30 SLMB 0,65L CAS",BeAT Sporty CBS,50000.0
082342MBK0LZ0,"SPX2 10W30 SLMB 0,8L REP",PCX160 CBS,70500.0
082342MAK0LZ0,"SPX1 10W30 SLMA 0,8L REP",SUPRA X 125 CW MMC,69500.0
082322MBK8LZ0,"MPX2 10W30 SLMB 0,8L REP",NEW BEAT CAST WHEEL,59000.0
35340KWB601,SWITCH FR STOP ASSY,NEW BEAT CAST WHEEL,55500.0
082322MAK0LN5,"MPX1 10W30 SLMA 0,8L CAS",REVO X,57000.0
082342MBK0LZ0,"SPX2 10W30 SLMB 0,8L REP",BeAT Sporty CBS,70500.0
17220KZR600,"ELEMENT SET, AIR CLEANER",VARIO 125 CBS,59000.0
HPC480ML,HONDA PARTS CLEANER,VARIO 125 CBS,40000.0
08294M99Z8YN1,SCOOTER GEAR OIL (120ML) IDE,SPACY CW HELM IN,16500.0
082322MBK0LN1,"OLI MPX2 10W30 SL 0,8L IDE",SPACY CW HELM IN,59000.0
15600LCL24,ENGINE FLUSH,REVO X,25000.0
HBF50ML,"BRAKE,FLUID",REVO X,8500.0
15600LCL08,CAIRAN INJECTOR,REVO X,35000.0
45530KVY911,CYLINDER SET MASTER,REVO X,77000.0
082322MBK0LZ1,"OLI MPX2 10W30 SL 0,8L IDE",VARIO 150,58500.0
08294M99Z8YN1,SCOOTER GEAR OIL (120ML) IDE,ADV160 ABS,16500.0
06455KWB601,PAD SET FR,SUPRA X 125 CW,55000.0
08232M99K0LN5,"MPX2 10W30 SLMB 0,8L CAS",BEAT SPORTY CW,59000.0
082322MBK3LN1,"MPX2 10W30 SLMB 0,65L IDE E",BEAT SPORTY CBS ISS DELUXE,50000.0
082322MAK0LN1,"OLI MPX1 10W30 SL 0,8L IDE",REVO SW FI,57000.0
22535K44V00,WEIGHT SET CLUTCH,BeAT Sporty CBS ISS Deluxe,127000.0
17210K0JN00,"ELEMENT COMP,AIR/C",BeAT Sporty CBS ISS Deluxe,55000.0
22123KWN640,"ROLLER SET,WEIGHT",BeAT Sporty CBS ISS Deluxe,50000.0
06455KVBT01,PAD SET FR,BeAT Sporty CBS ISS Deluxe,60500.0
31926KRM841,SPARK PLUG CPR9EA9 (NGK),BeAT Sporty CBS ISS Deluxe,23000.0
22011K93N00,PIECE SET SLIDE,BeAT Sporty CBS ISS Deluxe,16500.0
31919K25602,SPARK PLUG U27EPR-N9 (DS),VARIO 150,24500.0
91005KVBN50,"BRG,COMP DRIVE SHAFT",VARIO 150,39500.0
12251KZR601,"GASKET, CYLINDER HEAD",VARIO 125 CBS,24000.0
91201K59A11,"OIL SEAL, 20.8X32X6",VARIO 125 CBS,11500.0
06455KVB401,PAD SET FR (NA),NEW PCX 150 ABS,58500.0
08294M99Z8YN1,SCOOTER GEAR OIL (120ML) IDE,NEW PCX 150 ABS,16500.0
082342MBK0LZ0,"SPX2 10W30 SLMB 0,8L REP",NEW PCX 150 ABS,70500.0
08294M99Z8YN1,SCOOTER GEAR OIL (120ML) IDE,VARIO TECHNO 125 FI CBS,16500.0
34906GB6921,BULB TAILLIGHT,BeAT Sporty CBS,12500.0
SS8175ML,OIL SHOCK,BEAT SPORTY CBS ISS,29500.0
082322MBK0LN1,"OLI MPX2 10W30 SL 0,8L IDE",BEAT SPORTY CBS ISS,59000.0
51490KGH902,SEAL SET FR FORK,BEAT SPORTY CBS ISS,86000.0
08294M99Z8YN1,SCOOTER GEAR OIL (120ML) IDE,VARIO TECHNO 125 FI ISS,16500.0
082322MBK0LN1,"OLI MPX2 10W30 SL 0,8L IDE",VARIO TECHNO 125 FI ISS,59000.0
31926KRM842,31926KRM841,VARIO TECHNO 125 FI ISS,18500.0
17210KZR600,"ELEMENT COMP, AIR CLEANER",VARIO TECHNO 125 FI ISS,56500.0
17653LCL03,INJECTOR CLEANER,VARIO 125 CBS,25000.0
082322MBK3LN1,"MPX2 10W30 SLMB 0,65L IDE E",SCOOPY ENERGETIC,0.0
082322MBK3LN1,"MPX2 10W30 SLMB 0,65L IDE E",BEAT CW FI MMC,50000.0
082342MBK0LZ0,"SPX2 10W30 SLMB 0,8L REP",ADV160 CBS,70500.0
TBC500ML,THROTTLE BODY CLEANER 500ML,NEW PCX 150 CBS,35500.0
082322MBK3LN1,"MPX2 10W30 SLMB 0,65L IDE E",VARIO FI,50000.0
082322MAK0LN5,"MPX1 10W30 SLMA 0,8L CAS",BLADE S,57000.0
08234M99K8LZ0,SCOOTER GEAR OIL-SYN120MLREP,PCX 160 CBS,19500.0
5325BK25610,"COVER COMP,HANDLE RR",BEAT SPORTY CW,44000.0
08294M99Z8YN1,SCOOTER GEAR OIL (120ML) IDE,BEAT SPORTY CBS ISS,16500.0
17210K1AN00,"ELEMENT COMP,AIR/C",BeAT Sporty CBS,51500.0
31919K25602,SPARK PLUG U27EPR-N9 (DS),BeAT Sporty CBS,24500.0
082322MBK3LN1,"MPX2 10W30 SLMB 0,65L IDE E",SCOOPY ESP,50000.0
082342MBK0LZ0,"SPX2 10W30 SLMB 0,8L REP",VARIO TECHNO,70500.0
53178K81N30,LEVER L STEERING HANDLE,VARIO 125 CBS ISS,45000.0
08234M99K8LZ0,SCOOTER GEAR OIL-SYN120MLREP,ALL NEW SCOOPY SPORTY,19500.0
43130KZL930,BRAKE SHOE,ALL NEW SCOOPY SPORTY,55500.0
082322MBK0LN1,"OLI MPX2 10W30 SL 0,8L IDE",ALL NEW SCOOPY SPORTY,59000.0
45530KVY911,CYLINDER SET MASTER,ALL NEW SCOOPY SPORTY,77000.0
06455KVBT01,PAD SET FR,ALL NEW SCOOPY SPORTY,60500.0
22011K81N00,"PIECE SET,SLIDE",NEW SCOOPY FASHION,18500.0
23100K0JBA0,BELT DRIVE KIT,NEW SCOOPY FASHION,130500.0
OSC70ML,OIL SYSTEM CLEANER 70ML,BEAT FI CW,30000.0
31926KYT901,SPARK PLUG U27EPR-9 (DS),SCOOPY FI,23000.0
43130KZL930,BRAKE SHOE,SCOOPY FI,55500.0
082322MBK3LN1,"MPX2 10W30 SLMB 0,65L IDE E",SCOOPY FI,50000.0
44712KZT901,"TUBE, TIRE",BeAT Sporty CBS ISS Deluxe,46000.0
34901KPH881,BULB HEADLIGHT,BEAT SPORTY CBS,45000.0
08294M99Z8YN1,SCOOTER GEAR OIL (120ML) IDE,BEAT SPORTY CBS,16500.0
082322MBK0LN1,"OLI MPX2 10W30 SL 0,8L IDE",STYLO 160 CBS,59000.0
SS8175ML,OIL SHOCK,VARIO 160 CBS,29500.0
082342MBK0LZ0,"SPX2 10W30 SLMB 0,8L REP",SCOOPY PRESTIGE,70500.0
08234M99K8LZ0,SCOOTER GEAR OIL-SYN120MLREP,SCOOPY PRESTIGE,19500.0
082342MBK0LZ0,"SPX2 10W30 SLMB 0,8L REP",VARIO FI,70500.0
08294M99Z8YN1,SCOOTER GEAR OIL (120ML) IDE,PCX 160 CBS,16500.0
08232M99K0LN5,"MPX2 10W30 SLMB 0,8L CAS",VARIO 160 CBS,59000.0
082322MAK0LN1,"OLI MPX1 10W30 SL 0,8L IDE",SUPRA X 125 HELM IN FI,57000.0
43130KZL930,BRAKE SHOE,NEW VARIO TECHNO PGM FI,55500.0
082342MBK0LZ0,"SPX2 10W30 SLMB 0,8L REP",NEW VARIO TECHNO PGM FI,70500.0
082322MBK3LN9,"MPX2 10W30 SLMB 0,65L CAS",BeAT Sporty CBS ISS Deluxe,50000.0
082322MBK0LN1,"OLI MPX2 10W30 SL 0,8L IDE",VARIO 150 MMC,59000.0
34906GB6921,BULB TAILLIGHT,BEAT SPORTY CBS ISS,12500.0
082322MAK1LN1,OLI MPX1 10W30 SL 1L IDE,TIGER CAST WHEEL,65500.0
34908GA7701,BULB W BASE,TIGER CAST WHEEL,6500.0
22011K0JN00,"PIECE SET,SLIDE",BEAT STREET CBS,16500.0
082322MBK0LN1,"OLI MPX2 10W30 SL 0,8L IDE",NEW VARIO 150,59000.0
08294M99Z8YN1,SCOOTER GEAR OIL (120ML) IDE,VARIO 110 CBS ISS,16500.0
082342MBK0LZ0,"SPX2 10W30 SLMB 0,8L REP",ADV160 ABS,0.0
08CLAH50500,HONDA M/C GENUINE COOLANT,VARIO 125 CBS ISS,19500.0
34901KPH901,BULB HEADLIGHT(12V 30/30W),REVO CW FI,43000.0
AHTS0301048,HRC23 ELGNT NAVY TSHIRT XL,NEW SCOOPY STYLISH,140000.0
082322MBK0LN1,"OLI MPX2 10W30 SL 0,8L IDE",NEW VARIO ESP CBS ADVANCE,59000.0
2212AK36T00,ROLLER WEIGHT SET,ADV160 ABS,54000.0
06455K84902,"PAD SET, FR BRAKE",ADV160 ABS,72500.0
35148K78N10,BATTERY,ADV160 ABS,14500.0
50503KWN900,"SHAFT,MAIN STAND",ADV160 ABS,26000.0
22011K1NV01,"PIECE SET,SLIDE",ADV160 ABS,28500.0
34906GB6921,BULB TAILLIGHT,NEW SCOOPY PRESTIGE,12500.0
08294M99Z8YN1,SCOOTER GEAR OIL (120ML) IDE,NEW VARIO 125 CBS,16500.0
SS8175ML,OIL SHOCK,BEAT SPORTY CW,29500.0
51410KZLA01,PIPE COMP FR FORK,BEAT SPORTY CW,297000.0
51490GN5305,SEAL SET FR FORK,BEAT SPORTY CW,88000.0
17220KZR600,"ELEMENT SET, AIR CLEANER",NEW VARIO 150,59000.0
082342MBK0LZ0,"SPX2 10W30 SLMB 0,8L REP",NEW VARIO 150,70500.0
08294M99K8LN9,SCOOTER GEAR OIL (120ML) FED,NEW SCOOPY FASHION,16500.0
082322MBK3LN1,"MPX2 10W30 SLMB 0,65L IDE E",NEW SCOOPY FASHION,50000.0
08232M99K0LN5,"MPX2 10W30 SLMB 0,8L CAS",BEAT SPORTY CBS,59000.0
08232M99K0LN5,"MPX2 10W30 SLMB 0,8L CAS",STYLO 160 ABS,0.0
082342MBK8LZ0,"SPX2 10W30 SLMB 0,65L REP",BeAT Sporty CBS ISS Deluxe,61500.0
08262LCL23,NUT 10,BeAT Sporty CBS ISS Deluxe,2000.0
34906GB6921,BULB TAILLIGHT,BeAT Sporty CBS ISS Deluxe,12500.0
08234M99K8LZ0,SCOOTER GEAR OIL-SYN120MLREP,NEW PCX 150 CBS,19500.0
06455K59A71,"PAD SET,FR BRAKE",VARIO 125 CBS ISS,89000.0
17210K0JN00,"ELEMENT COMP,AIR/C",BeAT Sporty CBS,55000.0
AHTS0201050,HRC23 SPRTY NAVY TSHIRT L,BeAT Sporty CBS,120000.0
08294M99Z8YN1,SCOOTER GEAR OIL (120ML) IDE,GENIO CBS ISS,16500.0
082342MBK0LZ0,"SPX2 10W30 SLMB 0,8L REP",ALL NEW SCOOPY PLAYFUL,70500.0
082322MBK2LN9,"MPX2 10W30 SLMB 0,8L FED",VARIO CAST WHEEL,59000.0
HBF50ML,"BRAKE,FLUID",VARIO CAST WHEEL,8500.0
45530KET920,CYLINDER SET MASTER,VARIO CAST WHEEL,78500.0
17572GGLJ00,"O-RING, FUEL PUMP",BeAT Sporty CBS ISS Deluxe,17500.0
AHTS0301050,HRC23 SPRTY NAVY TSHIRT XL,BeAT Sporty CBS ISS Deluxe,116000.0
17620K29J00,"CAP COMP,FUEL FILLER",BeAT Sporty CBS ISS Deluxe,49500.0
17510K0JN00,"TANK COMP,FUEL",BeAT Sporty CBS ISS Deluxe,186000.0
082342MAK0LZ0,"SPX1 10W30 SLMA 0,8L REP",SUPRA FIT,69500.0
44830KVY721,"CABLE COMP,SPDMT",BEAT SPORTY CW,39500.0
44800K25900,"BOX ASSY., SPEEDOMETER GEAR",BEAT SPORTY CW,64000.0
9410912000,"WASHER, DRAIN PLUG, 12MM",BEAT SPORTY CW,1500.0
06535GN5505,RACE STEERING KIT,BEAT SPORTY CBS ISS,103000.0
082322MBK0LN1,"OLI MPX2 10W30 SL 0,8L IDE",VARIO TECHNO 125 CBS ISS,59000.0
51490GN5305,SEAL SET FR FORK,SUPRA X 125 R DD,88000.0
51401KPH971,SPRING FR FORK,SUPRA X 125 R DD,47000.0
SS8175ML,OIL SHOCK,SUPRA X 125 R DD,29500.0
88110K25900,"MIRROR ASSY,R BACK",Beat Sporty,38500.0
22011K81N00,"PIECE SET,SLIDE",BEAT SPORTY CW,18500.0
23100KVYBA1,BELT DRIVE KIT,BEAT SPORTY CW,146500.0
16111KVB903,PISTON COMP VACUUM,BEAT SPORTY CW,142500.0
34906GB6921,BULB TAILLIGHT,BEAT SPORTY CW,12500.0
30700K50T01,CAP ASSY NOISE SUPRESSOR,BEAT SPORTY CW,27000.0
31919K25602,SPARK PLUG U27EPR-N9 (DS),BEAT SPORTY CW,24500.0
082342MBK0LZ0,"SPX2 10W30 SLMB 0,8L REP",VARIO 125 CBS MMC,70500.0
082322MBK0LZ1,"OLI MPX2 10W30 SL 0,8L IDE",BEAT SPORTY CW,58500.0
91202K0JN01,OIL SEAL 19.5X31.5X6,BEAT STREET CBS,24000.0
23100K1ABA0,"BELT DRIVE, KIT",BEAT STREET CBS,123000.0
22011K93N00,PIECE SET SLIDE,BEAT STREET CBS,16500.0
23100K44BA0,"BELT DRIVE, KIT",BEAT SPORTY CBS,150000.0
22102K44V00,FACE DRIVE,BEAT SPORTY CBS,49500.0
17210K16900,"ELEMENT COMP., AIR CLEANER",BEAT SPORTY CBS,53500.0
30700KZLA01,CAP ASSY NOISE SUPPRESSOR,BEAT SPORTY CBS,49500.0
082322MBK3LN1,"MPX2 10W30 SLMB 0,65L IDE E",Genio CBS ISS,50000.0
082342MBK0LZ0,"SPX2 10W30 SLMB 0,8L REP",NEW VARIO 125 CBS,70500.0
08234M99K8LZ0,SCOOTER GEAR OIL-SYN120MLREP,GENIO CBS ISS,19500.0
17210K16900,"ELEMENT COMP., AIR CLEANER",BEAT CW FI MMC,53500.0
35340KEV950,SWITCH FR STOP,BEAT CW FI MMC,14000.0
30510K25601,COIL COMP IGNITION,BEAT CW FI MMC,81500.0
HPC480ML,HONDA PARTS CLEANER,BEAT CW FI MMC,40000.0
12391K25601,"GASKET, HEAD COVER",BEAT CW FI MMC,24000.0
91202KVB901,OIL SEAL 20.8X52X7.5,BEAT CW FI MMC,8700.0
31919K25602,SPARK PLUG U27EPR-N9 (DS),BEAT CW FI MMC,24500.0
34906GB6921,BULB TAILLIGHT,BEAT CW FI MMC,12500.0
082342MBK8LZ0,"SPX2 10W30 SLMB 0,65L REP",PCX 160 CBS,61500.0
44711KYE911,TIRE FR TT (80/100-17),VERZA CAST WHEEL,263000.0
082322MAK0LN5,"MPX1 10W30 SLMA 0,8L CAS",REVO FIT,57000.0
AHTS0201048,HRC23 ELGNT NAVY TSHIRT L,NEW SCOOPY FASHION,140000.0
AHGK0010014,HONDA LEATHER KEYCHAIN,NEW SCOOPY FASHION,57000.0
08294M99K0NL0,SCOOTER GEAR OIL-SYN120MLREP,VARIO 125 CBS ISS,16500.0
082322MBK0LN1,"OLI MPX2 10W30 SL 0,8L IDE",SPACY CW HELM IN FI,59000.0
08232M99K0LN5,"MPX2 10W30 SLMB 0,8L CAS",BeAT Sporty CBS ISS Deluxe,59000.0
08294M99Z8YN1,SCOOTER GEAR OIL (120ML) IDE,NEW VARIO 150,16500.0
08CLAH50500,HONDA M/C GENUINE COOLANT,NEW VARIO 150,19500.0
082322MBK0LN1,"OLI MPX2 10W30 SL 0,8L IDE",NEW VARIO 125 CBS,59000.0
06455KVBT01,PAD SET FR,VARIO 150,60500.0
082322MAK1LZ1,OLI MPX1 10W30 SL 1L IDE,CB150 VERZA SW,65000.0
08CLAH50500,HONDA M/C GENUINE COOLANT,PCX160 CBS,19500.0
9410912000,"WASHER, DRAIN PLUG, 12MM",PCX160 CBS,1500.0
082322MBK0LZ1,"OLI MPX2 10W30 SL 0,8L IDE",BEAT SPORTY CBS,58500.0
082322MBK3LN1,"MPX2 10W30 SLMB 0,65L IDE E",GENIO CBS ISS,50000.0
AHGK0010014,HONDA LEATHER KEYCHAIN,GENIO CBS ISS,114000.0
082322MBK0LN1,"OLI MPX2 10W30 SL 0,8L IDE",BLADE,59000.0
08294M99K0NL0,SCOOTER GEAR OIL-SYN120MLREP,PCX 160 ABS,16500.0
08232M99K0LN5,"MPX2 10W30 SLMB 0,8L CAS",PCX 160 ABS,59000.0
082322MBK3LN1,"MPX2 10W30 SLMB 0,65L IDE E",NEW SCOOPY FI,50000.0
082322MBK0LN1,"OLI MPX2 10W30 SL 0,8L IDE",NEW SCOOPY PRESTIGE,59000.0
082322MBK0LN1,"OLI MPX2 10W30 SL 0,8L IDE",BEAT CW FI MMC,59000.0
06401KPH881,DRIVE CHAIN KIT,SUPRA X 125 CW HELM IN,206500.0
22535K44V00,WEIGHT SET CLUTCH,BEAT SPORTY CW,127000.0
22110K44V00,FACE COMP MOVABLE DRIVE,BEAT SPORTY CW,75500.0
082342MBK0LZ0,"SPX2 10W30 SLMB 0,8L REP",VARIO 150,70500.0
08232M99K0LN5,"MPX2 10W30 SLMB 0,8L CAS",NEW BEAT SPOKE WHEEL,59000.0
08294M99K0NL0,SCOOTER GEAR OIL-SYN120MLREP,VARIO 125 CBS,16500.0
23100KVY902,BELT DRIVE,BEAT SPORTY CBS ISS,113000.0
08234M99K8LZ0,SCOOTER GEAR OIL-SYN120MLREP,NEW PCX 150 ABS,19500.0
08234M99K8LZ0,SCOOTER GEAR OIL-SYN120MLREP,BeAT Sporty DLX Smart Key,19500.0
22131K0JN00,"PLATE,RAMP",BeAT Street,31500.0
91202K0JN01,OIL SEAL 19.5X31.5X6,BeAT Street,24000.0
082322MBK3LN1,"MPX2 10W30 SLMB 0,65L IDE E",VARIO 125 CBS MMC,50000.0
23100K36BA0,"BELT DRIVE, KIT",VARIO 150,189500.0
08294M99K0NL0,SCOOTER GEAR OIL-SYN120MLREP,PCX 160 CBS,16500.0
HPC480ML,HONDA PARTS CLEANER,BeAT Sporty CBS ISS Deluxe,40000.0
08CLAH50500,HONDA M/C GENUINE COOLANT,NEW VARIO 125 CBS-ISS,19500.0
082342MBK0LZ0,"SPX2 10W30 SLMB 0,8L REP",ADV150 CBS,70500.0
31917K0RV01,"PLUG, SPARK(LMAR8L-9)(NGK)",ADV150 CBS,70000.0
082322MAK0LN1,"OLI MPX1 10W30 SL 0,8L IDE",SUPRA X 125 CW MMC,57000.0
31926KRM841,SPARK PLUG CPR9EA9 (NGK),VARIO 125 CBS,23000.0
082342MBK8LZ0,"SPX2 10W30 SLMB 0,65L REP",VARIO 125 CBS,61500.0
08CLAH50500,HONDA M/C GENUINE COOLANT,VARIO 150,19500.0
08234M99K8LZ0,SCOOTER GEAR OIL-SYN120MLREP,NEW VARIO ESP CBS ISS,19500.0
082342MBK0LZ0,"SPX2 10W30 SLMB 0,8L REP",NEW VARIO ESP CBS ISS,70500.0
082322MBK0LN1,"OLI MPX2 10W30 SL 0,8L IDE",BEAT SPORTY CBS,59000.0
06435K97N01,PAD SET RR BRAKE,ADV150 CBS,132500.0
08232M99K0LN5,"MPX2 10W30 SLMB 0,8L CAS",VARIO TECHNO 125 FI ISS,59000.0
08294M99Z8YN1,SCOOTER GEAR OIL (120ML) IDE,NEW SCOOPY SPORTY,16500.0
082342MBK8LZ0,"SPX2 10W30 SLMB 0,65L REP",NEW SCOOPY SPORTY,61500.0
082322MBK3LN1,"MPX2 10W30 SLMB 0,65L IDE E",BeAT Sporty CBS ISS,50000.0
SS8175ML,OIL SHOCK,PCX 160 CBS,59000.0
51490KRM852,SEAL SET FR FORK,PCX 160 CBS,169000.0
51410K1ZJ11,"PIPE COMP,FR FORK",PCX 160 CBS,295000.0
082322MBK3LN1,"MPX2 10W30 SLMB 0,65L IDE E",VARIO 110 CBS,50000.0
AHGK0010014,HONDA LEATHER KEYCHAIN,BeAT Sporty CBS ISS,114000.0
06455KVBT01,PAD SET FR,BEAT SPORTY CW,60500.0
34908GA7701,BULB W BASE,SCOOPY ESP,13000.0
082322MBK0LN1,"OLI MPX2 10W30 SL 0,8L IDE",SCOOPY ESP,59000.0
91202KVB901,OIL SEAL 20.8X52X7.5,SCOOPY ESP,8700.0
17210K16900,"ELEMENT COMP., AIR CLEANER",SCOOPY ESP,53500.0
02550226,PAKET INJEKTOR CLEANER,SCOOPY ESP,37500.0
22011K81N00,"PIECE SET,SLIDE",SCOOPY ESP,18500.0
BAUDFILTER,BAUD FILTER,SCOOPY ESP,2000.0
ACG10GR,AHM CVT GREASE 10 GR,ADV160 CBS,15000.0
06535GN5505,RACE STEERING KIT,ADV160 CBS,103000.0
082322MAK0LN1,"OLI MPX1 10W30 SL 0,8L IDE",SUPRA X 125 R DD,57000.0
08CLAH50500,HONDA M/C GENUINE COOLANT,NEW VARIO 125 CBS,19500.0
17572GGLJ00,"O-RING, FUEL PUMP",NEW VARIO 125 CBS,17500.0
16700K60B11,PUMP UNIT FUEL,NEW VARIO 125 CBS,548500.0
31926KYT901,SPARK PLUG U27EPR-9 (DS),NEW VARIO 125 CBS,23000.0
082322MBK3LN1,"MPX2 10W30 SLMB 0,65L IDE E",ALL NEW SCOOPY SPORTY,50000.0
44711KVB930,44711KVB931,BEAT SPORTY CBS,133500.0
AHUB0001001,HRC24 RWB TRAVEL UMBRELLA,BeAT Sporty CBS ISS,160000.0
082342MBK8LZ0,"SPX2 10W30 SLMB 0,65L REP",NEW SCOOPY FASHION,61500.0
LCL0050309,SEAL TUTUP KLEP,STYLO 160 CBS,3000.0
082322MBK0LZ1,"OLI MPX2 10W30 SL 0,8L IDE",BEAT FI CW,58500.0
08232M99K0LN5,"MPX2 10W30 SLMB 0,8L CAS",VARIO 150,59000.0
37750KPH701,"SENSOR ASSY., THERMOSTAT OIL",BEAT SPORTY CW,69500.0
082322MBK0LZ1,"OLI MPX2 10W30 SL 0,8L IDE",NEW VARIO 150,58500.0
31916KRM841,SPARK PLUG CPR8EA9 (NGK),BEAT SPORTY CW,23000.0
082342MAK8LZ0,"SPX1 10W30 SLMA 1,2L REP",CB150 VERZA CW,90000.0
08294M99Z8YN1,SCOOTER GEAR OIL (120ML) IDE,BEAT SPORTY DLX SMART KEY,16500.0
082342MBK8LZ0,"SPX2 10W30 SLMB 0,65L REP",BEAT SPORTY DLX SMART KEY,61500.0
08232M99K0LN5,"MPX2 10W30 SLMB 0,8L CAS",BEAT SPORTY CBS ISS,59000.0
082322MBK0LN1,"OLI MPX2 10W30 SL 0,8L IDE",BEAT FI SW,59000.0
08234M99K8LZ0,SCOOTER GEAR OIL-SYN120MLREP,VARIO 125 CBS,19500.0
082342MAK8LZ0,"SPX1 10W30 SLMA 1,2L REP",CBR 150R,90000.0
082322MBK0LN1,"OLI MPX2 10W30 SL 0,8L IDE",NEW VARIO 125 CBS ISS,59000.0
082342MBK0LZ0,"SPX2 10W30 SLMB 0,8L REP",VARIO TECHNO 125 FI ISS,70500.0
082322MBK0LZ1,"OLI MPX2 10W30 SL 0,8L IDE",NEW VARIO 125 CBS,58500.0
082322MBK3LN1,"MPX2 10W30 SLMB 0,65L IDE E",BEAT FI CBS,50000.0
082322MAK0LN1,"OLI MPX1 10W30 SL 0,8L IDE",NEW SUPRA X 125 FI CW,57000.0
06455KVBT01,PAD SET FR,ALL NEW SCOOPY STYLISH,60500.0
ACG10GR,AHM CVT GREASE 10 GR,ALL NEW SCOOPY STYLISH,15000.0
91202K0JN01,OIL SEAL 19.5X31.5X6,BeAT Sporty CBS ISS Deluxe,24000.0
31500KPH881,BATTERY GTZ5S GS,BEAT SPORTY CW,248000.0
ALF6201RS,BEARING BALL (SET),BEAT SPORTY CW,49900.0
31926KRM841,SPARK PLUG CPR9EA9 (NGK),BeAT Street,23000.0
17210K1AN00,"ELEMENT COMP,AIR/C",BeAT Street,51500.0
08CLAH50500,HONDA M/C GENUINE COOLANT,PCX 160 ABS,19500.0
082322MBK3LN9,"MPX2 10W30 SLMB 0,65L CAS",GENIO CBS ISS,150000.0
9501472102,SPRING A SIDE STAND,SPACY CW HELM IN FI,7500.0
43130KZL930,BRAKE SHOE,BEAT CW FI MMC,55500.0
23100KZL932,"BELT,DRIVE",BEAT CW FI MMC,109000.0
06435K97N01,PAD SET RR BRAKE,BEAT SPORTY CW,132500.0
23100K97BA0,BELT DRIVE KIT,BEAT SPORTY CW,208500.0
31926KRM841,SPARK PLUG CPR9EA9 (NGK),BEAT SPORTY CW,23000.0
17210K97N00,ELEMENT COMP AIR/C,BEAT SPORTY CW,79500.0
08CLAH50500,HONDA M/C GENUINE COOLANT,BEAT SPORTY CW,19500.0
06455K84902,"PAD SET, FR BRAKE",BEAT SPORTY CW,72500.0
082342MBK8LZ0,"SPX2 10W30 SLMB 0,65L REP",SCOOPY FASHION,61500.0
11343LCL94,CLIP TRIM BESAR,BeAT Sporty CBS,3000.0
082322MBK0LN1,"OLI MPX2 10W30 SL 0,8L IDE",NEW SCOOPY SPORTY,59000.0
08234M99K8LZ0,SCOOTER GEAR OIL-SYN120MLREP,NEW SCOOPY SPORTY,19500.0
17220KZR600,"ELEMENT SET, AIR CLEANER",NEW VARIO 125 CBS ISS,59000.0
082342MBK0LZ0,"SPX2 10W30 SLMB 0,8L REP",NEW VARIO 125 CBS ISS,70500.0
34908GA7701,BULB W BASE,NEW VARIO 125 CBS ISS,6500.0
9410912000,"WASHER, DRAIN PLUG, 12MM",NEW VARIO 125 CBS ISS,1500.0
18318K81N00ZA,PROTECTOR MUFFLER,BEAT SPORTY CBS ISS,54500.0
082342MAK1LZ0,SPX1 10W30 SLMA 1L REP,VERZA CAST WHEEL,77500.0
35148K78N10,BATTERY,PCX 160 CBS,14500.0
31500KPH881,BATTERY GTZ5S GS,BEAT FI CW,248000.0
22102K35V00,FACE DRIVE,VARIO 150 MMC,103000.0
22110K36A00,FACE COMP MOVABLE DRIVE,VARIO 150 MMC,85000.0
9806786871, SPARK PLUG U20EPR9 (DS),BeAT Sporty CBS ISS Deluxe,19500.0
22123K1AN00,"ROLLER SET,WEIGHT",NEW SCOOPY SPORTY,39500.0
22011K93N00,PIECE SET SLIDE,NEW SCOOPY SPORTY,16500.0
31926KRM841,SPARK PLUG CPR9EA9 (NGK),NEW SCOOPY SPORTY,23000.0
06435K97N01,PAD SET RR BRAKE,ADV160 CBS,132500.0
06435KSPB01,PAD SET RR,CB150R STREETFIRE,69500.0
13251LCL10,BAUT,VARIO 125 CBS ISS,3000.0
ACG10GR,AHM CVT GREASE 10 GR,BeAT Sporty CBS,15000.0
9410912000,"WASHER, DRAIN PLUG, 12MM",BEAT SW FI MMC,1500.0
08234M99K8LZ0,SCOOTER GEAR OIL-SYN120MLREP,BEAT SW FI MMC,19500.0
082342MBK0LZ0,"SPX2 10W30 SLMB 0,8L REP",BEAT SW FI MMC,70500.0
HB6201RS,"BEARING, BALL",VARIO 150 MMC,52000.0
06910LCL179,CAP TAPPET,VARIO 150 MMC,10000.0
06910LCL10,BAUD 5000,VARIO 150 MMC,5000.0
35170KYZ901,SWITCH UNIT DIMMER,SUPRA X 125 CW MMC,17500.0
06455KWB601,PAD SET FR,SUPRA X 125 CW MMC,55000.0
06451K59A71,"SEAL SET,PISTON",SUPRA X 125 CW MMC,7000.0
23100K44V01,BELT DRIVE,BEAT SPORTY CW,111000.0
91202K50T01,OIL SEAL 20.8X52X6X7.5,BEAT SPORTY CW,6500.0
17210K16900,"ELEMENT COMP., AIR CLEANER",BEAT SPORTY CW,53500.0
30700KPH881,CAP ASSY NOISE SUPPRESSOR,BEAT SPORTY CW,50500.0
082322MBK3LN1,"MPX2 10W30 SLMB 0,65L IDE E",PCX 160 ABS,50000.0
082322MBK0LN1,"OLI MPX2 10W30 SL 0,8L IDE",BEAT FI CW,59000.0
082342MBK0LZ0,"SPX2 10W30 SLMB 0,8L REP",NEW SCOOPY STYLISH,70500.0
082342MBK0LZ0,"SPX2 10W30 SLMB 0,8L REP",BEAT POP ESP CBS-ISS,70500.0
ACG10GR,AHM CVT GREASE 10 GR,BEAT STREET CBS,15000.0
22011K81N00,"PIECE SET,SLIDE",BEAT STREET CBS,18500.0
HBF50ML,"BRAKE,FLUID",BEAT STREET CBS,8500.0
31926KRM841,SPARK PLUG CPR9EA9 (NGK),BEAT STREET CBS,23000.0
31500KPH881,BATTERY GTZ5S GS,BEAT STREET CBS,248000.0
23100K1ZN21,"BELT,DRIVE",VARIO 125 CBS,502500.0
43130KZL930,BRAKE SHOE,VARIO 125 CBS ISS,55500.0
22321KWW741,PLATE CLUTCH,REVO FIT,27000.0
12191KWB920,GASKET CYLINDER,REVO FIT,8500.0
AHB6322,BEARING BALL (SET),REVO FIT,179400.0
11394KWB920,GASKET R CRANKCASE COVER,REVO FIT,25500.0
22201KWW741,DISK CLUTCH FRICTION,REVO FIT,46500.0
13031K03306,"RING SET, PISTON (0.50)",REVO FIT,49000.0
12251KWB601,GASKET CYLINDER HEAD,REVO FIT,14000.0
13103K03H10,"PISTON (0,50)",REVO FIT,56000.0
082322MAK0LN1,"OLI MPX1 10W30 SL 0,8L IDE",REVO FIT,57000.0
13115GN5910,"CLIP, PISTON PIN, 13MM",REVO FIT,3000.0
22804148000,RUBBER CLUTCH DUMPER,REVO FIT,16500.0
31926KYT901,SPARK PLUG U27EPR-9 (DS),REVO FIT,23000.0
1443AKWWA80,ARM ASSY IN VALVE ROCKER,REVO FIT,217000.0
22660KWB601,OUTER ASSY PRIMARY CLUTCH,REVO FIT,419500.0
22110KWW741,OUTER COMP CLUTCH,REVO FIT,244500.0
06381KWWA80,ROD KIT CONNECTING,REVO FIT,153500.0
22535KWWP00,WEIGHT SET PRIMARY CLUTCH,REVO FIT,126500.0
12209GB4682,SEAL VLV. STEM,REVO FIT,12000.0
13111087001,PIN PISTON,REVO FIT,10500.0
11395KWB920,GASKET L CRANKCASE COVER,REVO FIT,18500.0
14100K03N30,"SHAFT COMP, CAM",REVO FIT,200000.0
43130KZL930,BRAKE SHOE,VARIO 125 CBS MMC,55500.0
082322MAK0LN1,"OLI MPX1 10W30 SL 0,8L IDE",CB150 VERZA CW,57000.0
53220GN5900,THREAD HEAD TOP,Beat Sporty,23000.0
06535GN5505,RACE STEERING KIT,Beat Sporty,103000.0
082322MBK0LN1,"OLI MPX2 10W30 SL 0,8L IDE",NEW VARIO CBS PGM FI,59000.0
43130KZL930,BRAKE SHOE,BEAT FI SW,55500.0
42711K59A12,TIRE RR TL (90/90-14),BEAT FI SW,297000.0
45530KVY911,CYLINDER SET MASTER,BEAT FI SW,77000.0
HBF50ML,"BRAKE,FLUID",BEAT FI SW,8500.0
51490KC5305,SEAL SET FR FORK,MEGAPRO CW FI,98000.0
06455KPP901,PAD SET FR,MEGAPRO CW FI,53000.0
SS8175ML,OIL SHOCK,MEGAPRO CW FI,59000.0
082342MAK1LZ0,SPX1 10W30 SLMA 1L REP,MEGAPRO CW FI,77500.0
08234M99K8LZ0,SCOOTER GEAR OIL-SYN120MLREP,BEAT CW FI MMC,19500.0
91202KWN901,"OIL SEAL,26X45X6",VARIO 125 CBS,10500.0
19200KWN901,"PUMP ASSY., WATER",VARIO 125 CBS,284000.0
08234M99K8LZ0,SCOOTER GEAR OIL-SYN120MLREP,VARIO 125 CBS ISS,19500.0
45530KVY911,CYLINDER SET MASTER,NEW BEAT CAST WHEEL,77000.0
08232M99K0LN5,"MPX2 10W30 SLMB 0,8L CAS",BeAT Street,59000.0
08234M99K8LZ0,SCOOTER GEAR OIL-SYN120MLREP,BeAT Street,19500.0
08294M99Z8YN1,SCOOTER GEAR OIL (120ML) IDE,PCX160 CBS,16500.0
16016K03H11,SCREW SET,VARIO 150 MMC,13500.0
43130KZL930,BRAKE SHOE,VARIO 150,55500.0
08234M99K8LZ0,SCOOTER GEAR OIL-SYN120MLREP,ADV150 CBS,19500.0
HBF50ML,"BRAKE,FLUID",ADV150 CBS,8500.0
31500KWWA02,BATTERY YTZ4-V,BEAT SPORTY CBS ISS,253500.0
06430K44V80,"SHOE SET,BRAKE",BEAT SPORTY CBS ISS,57500.0
51490GN5305,SEAL SET FR FORK,BEAT SPORTY CBS ISS,88000.0
HBF50ML,"BRAKE,FLUID",BEAT SPORTY CBS ISS,8500.0
45530KVY911,CYLINDER SET MASTER,BEAT SPORTY CBS ISS,77000.0
23100K44BA0,"BELT DRIVE, KIT",BEAT SPORTY CBS ISS,150000.0
08234M99K8LZ0,SCOOTER GEAR OIL-SYN120MLREP,GENIO CBS,19500.0
22011K81N00,"PIECE SET,SLIDE",GENIO CBS,18500.0
43130KZL930,BRAKE SHOE,GENIO CBS,55500.0
082342MBK8LZ0,"SPX2 10W30 SLMB 0,65L REP",GENIO CBS,61500.0
91204K50T01,OIL SEAL 29X44X7(NOK),GENIO CBS,4500.0
22535K81N00,WEIGHT SET CLUTCH,GENIO CBS,154000.0
23100K0JBA0,BELT DRIVE KIT,GENIO CBS,130500.0
91005KVBN50,"BRG,COMP DRIVE SHAFT",BEAT SPORTY CBS,39500.0
18318K1AN00,"PROTECTOR,MUFFLER",BEAT SPORTY CW,43000.0
91202K0JN01,OIL SEAL 19.5X31.5X6,NEW SCOOPY STYLISH,24000.0
ACG10GR,AHM CVT GREASE 10 GR,NEW SCOOPY STYLISH,15000.0
34901KFVB51,BULB HEADLIGHT (12V 25/25W),BEAT SPORTY CBS,19000.0
06435K97N01,PAD SET RR BRAKE,ADV160 ABS,132500.0
AHTS0201048,HRC23 ELGNT NAVY TSHIRT L,BeAT Street,140000.0
01224LCL2SILSOKBEAT,SIL SOK BEAT,BeAT Sporty CBS,20000.0
01224LCLOLISOKBEAT,OLI SOK BEAT,BeAT Sporty CBS,25000.0
35148K78N10,BATTERY,PCX 160 ABS,14500.0
17210K16900,"ELEMENT COMP., AIR CLEANER",BEAT STREET CBS,53500.0
9410912000,"WASHER, DRAIN PLUG, 12MM",NEW SCOOPY FI,1500.0
082342MBK8LZ0,"SPX2 10W30 SLMB 0,65L REP",NEW SCOOPY FI,61500.0
082322MAK2LN0,"MPX1 10W30 SLMA 0,8L REP",REVO DISK BRAKE,57000.0
AHB6201RS,BEARING BALL (SET),VARIO 125 CBS ISS,51400.0
AHB6302RS,BEARING BALL (SET),VARIO 125 CBS ISS,66300.0
91204KWN901,"OIL SEAL,34X52X7",VARIO 125 CBS ISS,7500.0
082322MBK8LZ0,"MPX2 10W30 SLMB 0,8L REP",VARIO 125 CBS,59000.0
082342MBK0LZ0,"SPX2 10W30 SLMB 0,8L REP",ALL NEW CBR 150R,70500.0
08234M99K8LZ0,SCOOTER GEAR OIL-SYN120MLREP,ADV160 CBS,19500.0
43151329001,SPRING RR BRAKE,BeAT Sporty CBS,7000.0
15874LCL08,BAUD 20000,PCX 160 ABS,20000.0
31500KZR601,BATTERY YTZ6-V,PCX 160 ABS,332000.0
082322MBK2LN1,"MPX2 10W30 SLMB 0,65L IDE",BEAT SPORTY CBS ISS,49500.0
51490GN5305,SEAL SET FR FORK,VARIO 125 CBS ISS,88000.0
43130KZL930,BRAKE SHOE,NEW SCOOPY PRESTIGE,55500.0
06455KVBT01,PAD SET FR,NEW SCOOPY PRESTIGE,60500.0
08294M99Z8YN1,SCOOTER GEAR OIL (120ML) IDE,BeAT Sporty DLX Smart Key,16500.0
31916KRM841,SPARK PLUG CPR8EA9 (NGK),BEAT STREET CBS,23000.0
082322MBK0LZ1,"OLI MPX2 10W30 SL 0,8L IDE",BEAT FI SW,58500.0
23100K44BA0,"BELT DRIVE, KIT",BEAT SPORTY CW,150000.0
22535K1NV00,"WEIGHT SET,CLUTCH",PCX 160 CBS,218000.0
082322MAK0LZ1,"OLI MPX1 10W30 SL 0,8L IDE",LEGENDA,56500.0
08234M99K8LZ0,SCOOTER GEAR OIL-SYN120MLREP,SCOOPY ESP,19500.0
53178K1AN00,"LEVER,L STRG HANDLE",BeAT Sporty CBS ISS Deluxe,41500.0
082322MAK1LN1,OLI MPX1 10W30 SL 1L IDE,CRF150L,65500.0
082322MBK3LN1,"MPX2 10W30 SLMB 0,65L IDE E",Genio CBS,50000.0
43130KZL930,BRAKE SHOE,BeAT Sporty CBS ISS,55500.0
06455KVBT01,PAD SET FR,BeAT Sporty CBS ISS,60500.0
082322MBK3LN9,"MPX2 10W30 SLMB 0,65L CAS",SCOOPY FASHION,50000.0
34901KFVB51,BULB HEADLIGHT (12V 25/25W),REVO X,19000.0
082322MBK3LN9,"MPX2 10W30 SLMB 0,65L CAS",NEW SCOOPY FASHION,50000.0
CC200ML,CARBON CLEANER 200ML,NEW SCOOPY FASHION,43500.0
08294M99Z8YN1,SCOOTER GEAR OIL (120ML) IDE,NEW SCOOPY FASHION,16500.0
43130KZL930,BRAKE SHOE,NEW SCOOPY FASHION,50000.0
31500KPH881,BATTERY GTZ5S GS,SPACY CW HELM IN FI,248000.0
08232M99K0LN5,"MPX2 10W30 SLMB 0,8L CAS",NEW SCOOPY FI,59000.0
08294M99Z8YN1,SCOOTER GEAR OIL (120ML) IDE,NEW SCOOPY FI,16500.0
082322MBK0LN1,"OLI MPX2 10W30 SL 0,8L IDE",NEW VARIO TECHNO PGM FI,59000.0
082342MBK8LZ0,"SPX2 10W30 SLMB 0,65L REP",BEAT SPORTY CBS ISS DELUXE,61500.0
9501161000,STOPPER RUBBER A STAND,BEAT SPORTY CBS ISS,11000.0
42711K59A12,TIRE RR TL (90/90-14),BEAT SPORTY CBS ISS,260000.0
06455K84902,"PAD SET, FR BRAKE",PCX 160 ABS,72500.0
082322MBK3LN1,"MPX2 10W30 SLMB 0,65L IDE E",ALL NEW SCOOPY STYLISH,50000.0
08234M99K8LZ0,SCOOTER GEAR OIL-SYN120MLREP,NEW VARIO 125 CBS,19500.0
22401KVY900,SPRING CLUTCH,ALL NEW CBR 150R,7000.0
22535K44V00,WEIGHT SET CLUTCH,ALL NEW CBR 150R,127000.0
082322MBK3LN1,"MPX2 10W30 SLMB 0,65L IDE E",VARIO 150,50000.0
06455KVBT01,PAD SET FR,NEW SCOOPY FASHION,60500.0
31500KWWA02,BATTERY YTZ4-V,Beat Sporty,253500.0
OSC70ML,OIL SYSTEM CLEANER 70ML,BEAT SPORTY CBS ISS DELUXE,30000.0
HBF50ML,"BRAKE,FLUID",VARIO 125 CBS,8500.0
45530K59A71,CYLINDER SET MASTER,VARIO 125 CBS,26000.0
22100K81N21,OUTER COMP CLUTCH,NEW SCOOPY STYLISH,105500.0
23100K1AN23,"BELT,DRIVE",NEW SCOOPY STYLISH,93000.0
082342MAK1LZ0,SPX1 10W30 SLMA 1L REP,CB150R STREETFIRE,77500.0
082342MBK0LZ0,"SPX2 10W30 SLMB 0,8L REP",SPACY CW HELM IN FI,70500.0
30700KZL931,CAP ASSY NOISE SUPPRESSOR,SPACY CW HELM IN FI,35500.0
08232M99K0LN5,"MPX2 10W30 SLMB 0,8L CAS",PCX160 CBS,59000.0
31926KYT901,SPARK PLUG U27EPR-9 (DS),BEAT STREET CBS,23000.0
30700KPH881,CAP ASSY NOISE SUPPRESSOR,BEAT STREET CBS,50500.0
082322MBK2LN0,"MPX2 10W30 SLMB 0,8L REP O",BEAT STREET CBS,59000.0
082322MAK0LN1,"OLI MPX1 10W30 SL 0,8L IDE",REVO FIT FI,57000.0
22011KWN900,"PIECE SET,SLIDE",VARIO 160 CBS,25000.0
082322MBK3LN1,"MPX2 10W30 SLMB 0,65L IDE E",CB150X STD,50000.0
06535GN5505,RACE STEERING KIT,VARIO 125 CBS-ISS MMC,92700.0
2212AK44V00,ROLLER WEIGHT SET,BEAT STREET CBS,55000.0
082322MAK0LZ1,"OLI MPX1 10W30 SL 0,8L IDE",SUPRA X 125 SW MMC,56500.0
082342MBK8LZ0,"SPX2 10W30 SLMB 0,65L REP",BeAT Sporty CBS ISS,61500.0
08234M99K8LZ0,SCOOTER GEAR OIL-SYN120MLREP,ALL NEW SCOOPY STYLISH,19500.0
082342MBK8LZ0,"SPX2 10W30 SLMB 0,65L REP",ALL NEW SCOOPY STYLISH,61500.0
08CLAH50500,HONDA M/C GENUINE COOLANT,BEAT FI SW,19500.0
HPC480ML,HONDA PARTS CLEANER,BEAT SPORTY CW,40000.0
06833LX138,NEPEL,BEAT SPORTY CW,8000.0
06833LC1382,PART CLEANER,BEAT SPORTY CW,5000.0
42711K59A12,TIRE RR TL (90/90-14),VARIO 150,297000.0
AHB6201RS,BEARING BALL (SET),VARIO 150,51400.0
11103KVB930,"RUB.BUSH,ENG.HANGER",NEW VARIO 125 CBS,35000.0
34901KFVB51,BULB HEADLIGHT (12V 25/25W),NEW VARIO TECHNO PGM FI,19000.0
11103KVB930,"RUB.BUSH,ENG.HANGER",NEW VARIO TECHNO PGM FI,17500.0
08234M99K8LZ0,SCOOTER GEAR OIL-SYN120MLREP,BEAT STREET CBS,19500.0
082342MBK0LZ0,"SPX2 10W30 SLMB 0,8L REP",BEAT STREET CBS,70500.0
31500KWWA02,BATTERY YTZ4-V,SCOOPY ESP,253500.0
082322MBK2LN0,"MPX2 10W30 SLMB 0,8L REP O",NEW SCOOPY SPORTY,59000.0
45530K03M61,"CYLINDER SET, MASTER",BeAT Sporty CBS,96000.0
HBF50ML,"BRAKE,FLUID",BeAT Sporty CBS,8500.0
082342MAK0LZ0,"SPX1 10W30 SLMA 0,8L REP",LEGENDA,69500.0
ACG10GR,AHM CVT GREASE 10 GR,VARIO 150,15000.0
53175KVGA21,LEVER R STRG HDL,VARIO 150,53500.0
08294M99Z8YZ1,SCOOTER GEAR OIL (120ML) IDE,VARIO 150,16500.0
53199KVG910,SPRING BRAKE LEVER RETURN,VARIO 150,5000.0
SS8175ML,OIL SHOCK,VARIO 150,29500.0
53178K59A10,"LEVER L,STRG HANDLE",VARIO 150,34500.0
06535GN5505,RACE STEERING KIT,VARIO 150,103000.0
HBF50ML,"BRAKE,FLUID",VARIO 150,8500.0
082322MBK0LN9,"MPX2 10W30 SLMB 0,8L FED",CBR 150R,39500.0
35421LN,LINOL,SCOOPY,40000.0
31928MFFD01, SPARK PLUG U24EPR9 (DS),SCOOPY,20000.0
082322MBK0LN1,"OLI MPX2 10W30 SL 0,8L IDE",SCOOPY,59000.0
17210KVY960,ELEMENT COMP A/C,SCOOPY,56500.0
08294M99K0NL0,SCOOTER GEAR OIL-SYN120MLREP,SCOOPY,16500.0
34901KFVB51,BULB HEADLIGHT (12V 25/25W),BEAT SPORTY CBS ISS,19000.0
06535GN5505,RACE STEERING KIT,ALL NEW SCOOPY SPORTY,103000.0
06455KVBT01,PAD SET FR,GENIO CBS ISS,60500.0
082322MBK0LN1,"OLI MPX2 10W30 SL 0,8L IDE",NEW SCOOPY STYLISH,59000.0
43130KZL930,BRAKE SHOE,NEW BEAT CAST WHEEL,55500.0
AHUB0001001,HRC24 RWB TRAVEL UMBRELLA,VARIO 160 CBS,251000.0
082342MAK8LZ0,"SPX1 10W30 SLMA 1,2L REP",CB150R,90000.0
08CLAH50500,HONDA M/C GENUINE COOLANT,NEW VARIO TECHNO PGM FI,39000.0
19200KWN901,"PUMP ASSY., WATER",NEW VARIO TECHNO PGM FI,284000.0
19300K59A11,THERMOSTAT ASSY.,NEW VARIO TECHNO PGM FI,313500.0
ACG10GR,AHM CVT GREASE 10 GR,SCOOPY ESP,15000.0
082322MAK0LZ1,"OLI MPX1 10W30 SL 0,8L IDE",REVO FIT FI,56500.0
11569LCL74,PENTIL TUBELES pendek,BEAT SPORTY CW,10000.0
42711K59A12,TIRE RR TL (90/90-14),BEAT SPORTY CW,297000.0
082322MBK0LN9,"MPX2 10W30 SLMB 0,8L FED",SUPRA X 125 CW,39500.0
082322MBK2LN1,"MPX2 10W30 SLMB 0,65L IDE",SCOOPY PRESTIGE,0.0
31500KPH881,BATTERY GTZ5S GS,SCOOPY FI,248000.0
10176LCL25,MUR 39,SCOOPY ESP,10000.0
31100439891,GENERATOR AC,SCOOPY ESP,0.0
082322MBK0LN9,"MPX2 10W30 SLMB 0,8L FED",SCOOPY ESP,39500.0
02753LCL03,BAUT 3,BeAT Sporty CBS,5000.0
082342MBK8LZ0,"SPX2 10W30 SLMB 0,65L REP",SCOOPY PRESTIGE,61500.0
14520KWG601,LIFTER ASSY TENSIONER,CBR 150R STD,370000.0
08232M99K0LN5,"MPX2 10W30 SLMB 0,8L CAS",BEAT SW FI MMC,59000.0
06455KVBT01,PAD SET FR,VARIO 110 CBS,60500.0
43130KZL930,BRAKE SHOE,VARIO 110 CBS,55500.0
08232M99K0LN5,"MPX2 10W30 SLMB 0,8L CAS",ALL NEW SCOOPY SPORTY,59000.0
22011K81N00,"PIECE SET,SLIDE",ALL NEW SCOOPY SPORTY,18500.0
082322MBK0LN1,"OLI MPX2 10W30 SL 0,8L IDE",SCOOPY FI,59000.0
082342MBK0LZ0,"SPX2 10W30 SLMB 0,8L REP",STYLO 160 CBS,70500.0
082342MBK0LZ0,"SPX2 10W30 SLMB 0,8L REP",BeAT Street,70500.0
07019LCL018,ANGIN  NITROGEN SET,BeAT Street,10000.0
082322MBK2LN1,"MPX2 10W30 SLMB 0,65L IDE",BeAT Sporty CBS ISS Deluxe,49000.0
AHUB0001001,HRC24 RWB TRAVEL UMBRELLA,NEW SCOOPY STYLISH,251000.0
23100K1ZN21,"BELT,DRIVE",PCX 160 CBS,167500.0
22123K0JN00,"ROLLER SET,WEIGHT",PCX 160 CBS,42000.0
22011KWN900,"PIECE SET,SLIDE",PCX 160 CBS,25000.0
22535K1NV00,"WEIGHT SET,CLUTCH",PCX 160 ABS,218000.0
17210K1ZN20,"ELEMENT COMP,AIR/C",PCX 160 ABS,76500.0
ACG10GR,AHM CVT GREASE 10 GR,PCX 160 ABS,15000.0
23100K1ZN21,"BELT,DRIVE",PCX 160 ABS,167500.0
22123K0SV00,"ROLLER SET, WEIGHT",PCX 160 ABS,45000.0
06535GN5505,RACE STEERING KIT,BEAT SPORTY CBS,103000.0
ACG10GR,AHM CVT GREASE 10 GR,BEAT SPORTY CBS,15000.0
082342MBK0LZ0,"SPX2 10W30 SLMB 0,8L REP",BEAT CW FI MMC,70500.0
44711K59A72,TIRE FR TL (90/80-14),VARIO 150,298000.0
082322MBK8LZ0,"MPX2 10W30 SLMB 0,8L REP",VARIO 150,59000.0
31926KRM842,31926KRM841,VARIO 150,18500.0
17210KZR600,"ELEMENT COMP, AIR CLEANER",VARIO 150,56500.0
06455KREK02,"PAD SET, FR",PCX 160 CBS,121500.0
082322MBK0LN1,"OLI MPX2 10W30 SL 0,8L IDE",NEW BEAT CAST WHEEL,59000.0
12391KVY900,"GASKET,HEAD COVER",NEW BEAT CAST WHEEL,133000.0
082322MAU0JN3,"OLI MPX3 20W40 0,8L NIP",SUPRA X 125 R DD,50500.0
81110H02BLA,LICENSE PLATE COVER 2023,NEW SCOOPY SPORTY,59500.0
082322MBK3LN9,"MPX2 10W30 SLMB 0,65L CAS",NEW SCOOPY SPORTY,50000.0
TBC500ML,THROTTLE BODY CLEANER 500ML,BeAT Sporty CBS,35500.0
31926KRM841,SPARK PLUG CPR9EA9 (NGK),BeAT Sporty CBS,23000.0
30700K50T01,CAP ASSY NOISE SUPRESSOR,BeAT Sporty CBS,27000.0
22123K0JN00,"ROLLER SET,WEIGHT",BeAT Sporty CBS,42000.0
ACG10GR,AHM CVT GREASE 10 GR,BEAT SPORTY CBS ISS,15000.0
0769422123K0JN00,ROLLER,BEAT SPORTY CBS ISS,60000.0
22132GCC771,PIECE SLIDE,BEAT SPORTY CBS ISS,40500.0
082322MBK0LN1,"OLI MPX2 10W30 SL 0,8L IDE",PCX 160 CBS,59000.0
17920K15901,CABLE COMP B THROT,CB150R,50000.0
11393KGH901,GASKET R COVER,CB150R,28500.0
HB6201RS,"BEARING, BALL",CB150R,26000.0
31926KRM841,SPARK PLUG CPR9EA9 (NGK),CB150R,23000.0
12251K15900,"GASKET,CYLINDER HEAD",CB150R,28500.0
13400K15900,BALANCER ASSY,CB150R,555500.0
11395KGH901,GASKET L COVER,CB150R,8500.0
HB6301RS,"BEARING,BALL",CB150R,29900.0
30700KPP901,"CAP ASSY,NOISE",CB150R,351500.0
17910K15901,CABLE COMP THROT,CB150R,50000.0
082322MAK1LN1,OLI MPX1 10W30 SL 1L IDE,CB150R,65500.0
12191K15900,"GASKET,CYLINDER",CB150R,11000.0
HPC480ML,HONDA PARTS CLEANER,CB150R,40000.0
08CLAH50500,HONDA M/C GENUINE COOLANT,CB150R,39000.0
91002KZR602,BEARING RADIAL BALL SPECIAL,CB150R,128100.0
17210K1AN00,"ELEMENT COMP,AIR/C",NEW SCOOPY PRESTIGE,51500.0
31500KZR602,BATTERY(GTZ6V),BeAT Sporty CBS,302000.0
02658CC02,CAIRAN INJECTOR,VARIO 125 CBS,40000.0
082322MBK0LN1,"OLI MPX2 10W30 SL 0,8L IDE",PCX 160 ABS,59000.0
06435K97N01,PAD SET RR BRAKE,PCX 160 ABS,132500.0
06455KVB401,PAD SET FR (NA),PCX 160 ABS,58500.0
OSC70ML,OIL SYSTEM CLEANER 70ML,VARIO TECHNO 125 FI ISS,30000.0
10176LCL25,MUR 39,REVO FIT FI,10000.0
082322MBK0LN9,"MPX2 10W30 SLMB 0,8L FED",REVO FIT FI,39500.0
082322MBK0LN9,"MPX2 10W30 SLMB 0,8L FED",NEW PCX 150 CBS,39500.0
BRG17728,GREASE RQ,BEAT POP ESP CW,17000.0
17210K16900,"ELEMENT COMP., AIR CLEANER",BEAT POP ESP CW,53500.0
34906K25901,"BULB, TAILLIGHT(12V 18/5W)",BEAT POP ESP CW,22000.0
43130KZL930,BRAKE SHOE,BEAT POP ESP CW,55500.0
06455KVBT01,PAD SET FR,BEAT POP ESP CW,60500.0
0821222,INJEKSI CLEANER PLUS,BEAT POP ESP CW,80000.0
082322MBK2LN0,"MPX2 10W30 SLMB 0,8L REP O",BEAT POP ESP CW,59000.0
082322MBK0LZ1,"OLI MPX2 10W30 SL 0,8L IDE",BEAT,58500.0
9410912000,"WASHER, DRAIN PLUG, 12MM",BEAT SPORTY CBS,1500.0
08294M99Z8YN1,SCOOTER GEAR OIL (120ML) IDE,NEW SCOOPY PRESTIGE,16500.0
082342MBK8LZ0,"SPX2 10W30 SLMB 0,65L REP",NEW SCOOPY PRESTIGE,61500.0
08234M99K8LZ0,SCOOTER GEAR OIL-SYN120MLREP,NEW VARIO,19500.0
38110KTM851,HORN COMP (HIGH),NEW VARIO,68000.0
08CLAH50500,HONDA M/C GENUINE COOLANT,NEW VARIO,19500.0
06783LCL282,SEAL KREK,NEW VARIO,20000.0
08232M99K0LN5,"MPX2 10W30 SLMB 0,8L CAS",NEW VARIO,59000.0
9410912000,"WASHER, DRAIN PLUG, 12MM",BeAT Sporty CBS,1500.0
91005KVBN50,"BRG,COMP DRIVE SHAFT",BEAT FI CBS,39500.0
43130KZL930,BRAKE SHOE,NEW VARIO 125 CBS,55500.0
9410912000,"WASHER, DRAIN PLUG, 12MM",CB150R STREETFIRE,1500.0
31500KPH881,BATTERY GTZ5S GS,NEW SUPRA X 125 FI CW,248000.0
34906GB6921,BULB TAILLIGHT,BEAT SPORTY CBS,12500.0
22110K44V00,FACE COMP MOVABLE DRIVE,BEAT SPORTY CBS,75500.0
22011K81N00,"PIECE SET,SLIDE",BEAT SPORTY CBS,18500.0
31926KYT901,SPARK PLUG U27EPR-9 (DS),BEAT SPORTY CBS,23000.0
22105K44V00,BOSS DRIVE FACE,BEAT SPORTY CBS,27500.0
31500KPH881,BATTERY GTZ5S GS,BEAT SPORTY CBS,248000.0
082322MAK0LZ0,"MPX1 10W30 SLMA 0,8L REP",SUPRA X 125 CW MMC,57000.0
082322MBK0LN1,"OLI MPX2 10W30 SL 0,8L IDE",SUPRA FIT D,59000.0
08113HFH000,HONDA FOLDABLE HOOK,GENIO CBS,101000.0
08232M99K0LN5,"MPX2 10W30 SLMB 0,8L CAS",GENIO CBS,59000.0
HBF50ML,"BRAKE,FLUID",NEW BEAT CAST WHEEL,8500.0
08234M99K8LZ0,SCOOTER GEAR OIL-SYN120MLREP,PCX160 CBS,19500.0
08294M99Z8YN1,SCOOTER GEAR OIL (120ML) IDE,VARIO 125 CBS,16500.0
31500KZR602,BATTERY(GTZ6V),VARIO 125 CBS ISS,302000.0
082322MBK3LN9,"MPX2 10W30 SLMB 0,65L CAS",BEAT SPORTY DLX SMART KEY,50000.0
08234M99K8LZ0,SCOOTER GEAR OIL-SYN120MLREP,BEAT SPORTY DLX SMART KEY,19500.0
082322MBK0LN9,"MPX2 10W30 SLMB 0,8L FED",VARIO 160 CBS,39500.0
082322MBK3LN9,"MPX2 10W30 SLMB 0,65L CAS",SCOOPY PRESTIGE,0.0
06833LC1382,PART CLEANER,BeAT Sporty CBS,5000.0
44711KVB930,44711KVB931,SCOOPY ESP,133500.0
42711K93N02,TIRE RR TL (110/90-12),NEW SCOOPY STYLISH,347000.0
082322MAK0LN1,"OLI MPX1 10W30 SL 0,8L IDE",REVO X,0.0
082342MAK8LZ0,"SPX1 10W30 SLMA 1,2L REP",NEW CBR 150R,90000.0
082342MBK0LZ0,"SPX2 10W30 SLMB 0,8L REP",SPACY CW HELM IN,70500.0
42711K59A12,TIRE RR TL (90/90-14),ALL NEW SCOOPY STYLISH,297000.0
08CLAH50500,HONDA M/C GENUINE COOLANT,VARIO 125 CBS MMC,19500.0
22535K35V01,WEIGHT SET CLUTCH,VARIO 125 CBS,141000.0
06455KVBT01,PAD SET FR,VARIO 125 CBS,60500.0
53178KVBN60,LEVER L STRG HANDLE,VARIO 125 CBS,50500.0
OSC70ML,OIL SYSTEM CLEANER 70ML,Beat Sporty,30000.0
082322MBK0LN9,"MPX2 10W30 SLMB 0,8L FED",VARIO 125 CBS MMC,79000.0
08234M99K8LZ0,SCOOTER GEAR OIL-SYN120MLREP,BEAT SPORTY CBS,19500.0
22535K16A40,WEIGHT SET CLUTCH,BEAT FI SW,256500.0
06455KVBT01,PAD SET FR,BEAT FI SW,60500.0
34906GB6921,BULB TAILLIGHT,BEAT FI SW,12500.0
22011K81N00,"PIECE SET,SLIDE",BEAT FI SW,18500.0
22401GCC000,SPRING CLUTCH,BEAT FI SW,25500.0
ACG10GR,AHM CVT GREASE 10 GR,BEAT FI SW,15000.0
31919K25602,SPARK PLUG U27EPR-N9 (DS),BEAT FI SW,24500.0
2212AK44V00,ROLLER WEIGHT SET,BEAT FI SW,55000.0
9410912000,"WASHER, DRAIN PLUG, 12MM",BEAT FI SW,1500.0
34906GB6921,BULB TAILLIGHT,NEW SCOOPY STYLISH,12500.0
08232M99K0LN5,"MPX2 10W30 SLMB 0,8L CAS",NEW SCOOPY STYLISH,59000.0
082342MBK0LZ0,"SPX2 10W30 SLMB 0,8L REP",VARIO TECHNO 125 FI CBS,70500.0
082322MBK3LN9,"MPX2 10W30 SLMB 0,65L CAS",BEAT STREET,50000.0
08232M99K0LN5,"MPX2 10W30 SLMB 0,8L CAS",NEW SCOOPY PRESTIGE,59000.0
45530KVY911,CYLINDER SET MASTER,NEW SCOOPY PRESTIGE,77000.0
082342MBK8LZ0,"SPX2 10W30 SLMB 0,65L REP",BEAT SPORTY CBS,61500.0
06535GN5505,RACE STEERING KIT,SCOOPY FI,103000.0
ACG10GR,AHM CVT GREASE 10 GR,SCOOPY FI,15000.0
HB6201RS,"BEARING, BALL",SCOOPY FI,52000.0
HIC60ML,HONDA INJECTOR CLEANER,BeAT Sporty CBS,27500.0
OSC70ML,OIL SYSTEM CLEANER 70ML,BeAT Sporty CBS,30000.0
22011K81N00,"PIECE SET,SLIDE",BeAT Sporty CBS,18500.0
08294M99Z8YZ1,SCOOTER GEAR OIL (120ML) IDE,BeAT Sporty CBS,16500.0
31926KRM841,SPARK PLUG CPR9EA9 (NGK),GENIO CBS ISS,23000.0
34906GB6921,BULB TAILLIGHT,GENIO CBS ISS,12500.0
082342MBK0LZ0,"SPX2 10W30 SLMB 0,8L REP",VARIO 125 CBS ISS SP,70500.0
082322MBK0LN1,"OLI MPX2 10W30 SL 0,8L IDE",VARIO CAST WHEEL,59000.0
082342MBK0LZ0,"SPX2 10W30 SLMB 0,8L REP",STYLO 160 ABS,70500.0
91201K44V01,"OIL SEAL,20.8X30.5X6",NEW SCOOPY PRESTIGE,5000.0
31926KRM842,31926KRM841,VARIO 125 CBS ISS,18500.0
082322MBK0LN9,"MPX2 10W30 SLMB 0,8L FED",PCX 160 CBS,39500.0
44711K59A12,TIRE FR TL (80/90-14),BEAT SPORTY CBS ISS,263000.0
9410912000,"WASHER, DRAIN PLUG, 12MM",BEAT FI CW,1500.0
23100KZLBA0,BELT DRIVE KIT,BEAT FI CW,156000.0
22110KVB900,FACE COMP MOVEABLE DRIVE,BEAT FI CW,123000.0
22011K81N00,"PIECE SET,SLIDE",BEAT FI CW,18500.0
ACG10GR,AHM CVT GREASE 10 GR,BEAT FI CW,15000.0
22105KZLC00,"BOSS, DRIVE FACE",BEAT FI CW,26000.0
22110K44V00,FACE COMP MOVABLE DRIVE,BEAT SPORTY CBS ISS,75500.0
08234M99K8LZ0,SCOOTER GEAR OIL-SYN120MLREP,BEAT SPORTY CBS ISS,19500.0
22011K81N00,"PIECE SET,SLIDE",BEAT SPORTY CBS ISS,18500.0
06455KVBT01,PAD SET FR,NEW VARIO TECHNO PGM FI,60500.0
082322MBK0LN9,"MPX2 10W30 SLMB 0,8L FED",CB150 VERZA CW,39500.0
22011K0JN00,"PIECE SET,SLIDE",NEW SCOOPY PRESTIGE,16500.0
91202K0JN01,OIL SEAL 19.5X31.5X6,NEW SCOOPY PRESTIGE,24000.0
08234M99K8LZ0,SCOOTER GEAR OIL-SYN120MLREP,NEW SCOOPY PRESTIGE,19500.0
HBF50ML,"BRAKE,FLUID",NEW SCOOPY PRESTIGE,8500.0
22011KWN900,"PIECE SET,SLIDE",VARIO 150 MMC,25000.0
61100K1ZN20PFW,"FENDER, FR (PL FD WH)",PCX 160 CBS,283000.0
HIC60MLUJ,HONDA INJECTOR CLEANER,VARIO 150,90000.0
03512HDL000,HONDA DISC LOCK,NEW SCOOPY SPORTY,107500.0
31926KYT901,SPARK PLUG U27EPR-9 (DS),NEW SCOOPY SPORTY,23000.0
22011K81N00,"PIECE SET,SLIDE",NEW SCOOPY SPORTY,18500.0
17210K0JN00,"ELEMENT COMP,AIR/C",NEW SCOOPY SPORTY,55000.0
34908GA7701,BULB W BASE,BEAT FI CW,6500.0
082322MAK2LN0,"MPX1 10W30 SLMA 0,8L REP",NEW SUPRA X 125 FI CW,57000.0
082322MBK0LN9,"MPX2 10W30 SLMB 0,8L FED",BEAT STREET CBS,39500.0
082322MBK0LN9,"MPX2 10W30 SLMB 0,8L FED",NEW VARIO TECHNO PGM FI,39500.0
43130KZL930,BRAKE SHOE,BEAT STREET CBS,55500.0
082322MBK0LN1,"OLI MPX2 10W30 SL 0,8L IDE",NEW VARIO 125 CBS-ISS,59000.0
01389LCL16400K81N01,THROTTLE BODY ASSY,SCOOPY FI,640000.0
082322MBK8LN3,"MPX2 10W30 SLMB 0,65L NIP",ALL NEW SCOOPY STYLISH,50000.0
03512HDL000,HONDA DISC LOCK,BeAT Street,107500.0
08294M99Z8YZ1,SCOOTER GEAR OIL (120ML) IDE,BeAT Street,16500.0
08234M99K8LZ0,SCOOTER GEAR OIL-SYN120MLREP,NEW SCOOPY STYLISH,19500.0
082322MBK3LN1,"MPX2 10W30 SLMB 0,65L IDE E",GENIO CBS,50000.0
082322MBK3LN1,"MPX2 10W30 SLMB 0,65L IDE E",BEAT SW FI MMC,50000.0
17210KZR600,"ELEMENT COMP, AIR CLEANER",VARIO 150 MMC,56500.0
AHTS0201048,HRC23 ELGNT NAVY TSHIRT L,VARIO 160 CBS,140000.0
HBF50ML,"BRAKE,FLUID",BeAT Sporty CBS ISS Deluxe,8500.0
22110K36A00,FACE COMP MOVABLE DRIVE,NEW VARIO 150,85000.0
06455KVBT01,PAD SET FR,NEW VARIO 150,60500.0
45351KVB931,DISK FR BRAKE,NEW VARIO 150,172500.0
22102KZR600,"FACE, DRIVE",NEW VARIO 150,52500.0
35148K78N10,BATTERY,BeAT Sporty CBS,14500.0
08234M99K8LZ0,SCOOTER GEAR OIL-SYN120MLREP,CBR 150R STD,19500.0
17211K15900,"ELEMENT COMP,AIR/C",CBR 150R STD,61000.0
082342MAK1LZ0,SPX1 10W30 SLMA 1L REP,CBR 150R STD,77500.0
45530KVY911,CYLINDER SET MASTER,PCX 160 CBS,77000.0
91202K0JN01,OIL SEAL 19.5X31.5X6,PCX 160 CBS,24000.0
082322MBK3LN1,"MPX2 10W30 SLMB 0,65L IDE E",PCX 160 CBS,50000.0
HBF50ML,"BRAKE,FLUID",PCX 160 CBS,8500.0
31926KRM841,SPARK PLUG CPR9EA9 (NGK),PCX 160 CBS,23000.0
12209GB4682,SEAL VLV. STEM,BEAT FI SW,12000.0
06455KVBT01,PAD SET FR,VARIO 160 CBS,60500.0
08234M99K8LZ0,SCOOTER GEAR OIL-SYN120MLREP,VARIO 160 CBS,19500.0
31926KRM841,SPARK PLUG CPR9EA9 (NGK),VARIO 160 CBS,23000.0
082322MBK0LZ1,"OLI MPX2 10W30 SL 0,8L IDE",VARIO 125 CBS,58500.0
08234M99K8LZ0,SCOOTER GEAR OIL-SYN120MLREP,VARIO 150,19500.0
06455K59A71,"PAD SET,FR BRAKE",VARIO 150,89000.0
06430K44V80,"SHOE SET,BRAKE",BeAT Sporty CBS,57500.0
43450K25901,CABLE COMP RR BRAKE,BeAT Sporty CBS,82000.0
082322MBK2LN1,"MPX2 10W30 SLMB 0,65L IDE",BEAT SPORTY CW,49500.0
44711KVB930,44711KVB931,BEAT FI CW,133500.0
31926KRM841,SPARK PLUG CPR9EA9 (NGK),NEW VARIO ESP CBS,23000.0
10176LCL25,MUR 39,BEAT SPORTY CBS,10000.0
082322MBK0LN9,"MPX2 10W30 SLMB 0,8L FED",BEAT SPORTY CBS,39500.0
23100K2SN01,BELT DRIVE,VARIO 160 CBS,142500.0
06430K44V80,"SHOE SET,BRAKE",VARIO 160 CBS,57500.0
22100K0WNA0,"OUTER COMP,CLUTCH",VARIO 160 CBS,148000.0
31926KRM841,SPARK PLUG CPR9EA9 (NGK),BEAT SPORTY CBS,23000.0
082322MBK0LZ1,"OLI MPX2 10W30 SL 0,8L IDE",ALL NEW SCOOPY PLAYFUL,58500.0
082322MAK0LN1,"OLI MPX1 10W30 SL 0,8L IDE",REVO CW FI,56000.0
06455KVBT01,PAD SET FR,Beat Sporty,60500.0
08232M99K0LN5,"MPX2 10W30 SLMB 0,8L CAS",Beat Sporty,59000.0
SS8175ML,OIL SHOCK,Beat Sporty,29500.0
15874LCL11,CAIRAN TB,SPACY CW HELM IN FI,5000.0
31500KZR602,BATTERY(GTZ6V),ALL NEW SCOOPY SPORTY,302000.0
082322MBK2LN1,"MPX2 10W30 SLMB 0,65L IDE",VARIO 150,49500.0
17210K16900,"ELEMENT COMP., AIR CLEANER",ALL NEW SCOOPY STYLISH,53500.0
06628124,BAUT TEBENG,BeAT Sporty CBS,5000.0
082342MBK0LZ0,"SPX2 10W30 SLMB 0,8L REP",NEW SCOOPY FI,70500.0
31500KZR602,BATTERY(GTZ6V),BeAT Sporty CBS ISS Deluxe,302000.0
ACG10GR,AHM CVT GREASE 10 GR,PCX 160 CBS,15000.0
INJECTORCLEANER,INJECTORCLEANER,BEAT SPORTY CBS ISS DELUXE,46000.0
CVTCLEANER,CVT CLEANER,BEAT SPORTY CBS ISS DELUXE,35000.0
9410912000,"WASHER, DRAIN PLUG, 12MM",BEAT SPORTY CBS ISS DELUXE,1500.0
22011K81N00,"PIECE SET,SLIDE",BEAT SPORTY CBS ISS DELUXE,18500.0
91009KVB903,"BRG,BALL RADIAL 60/22 UU",BEAT SPORTY CBS ISS,47600.0
23422KZL930,"GEAR, COUNTER(51T)",BEAT SPORTY CBS ISS,76000.0
91006KZR602,BEARING RADIAL BALL 6201,BEAT SPORTY CBS ISS,22300.0
23411K81N00,SHAFT DRIVE,BEAT SPORTY CBS ISS,126000.0
LF6204,BEARING RADIAL BALL 6204,BEAT SPORTY CBS ISS,39700.0
91008KZR602,BEARING RADIAL BALL 6302,BEAT SPORTY CBS ISS,36200.0
91204K50T01,OIL SEAL 29X44X7(NOK),BEAT SPORTY CBS ISS,4500.0
23430K44V00,GEAR COMP FINAL(45T),BEAT SPORTY CBS ISS,256000.0
23421K44V00,COUNTERSHAFT(12T),BEAT SPORTY CBS ISS,87000.0
91005K50T01,"BRG,BALL RADIAL 6301",BEAT SPORTY CBS ISS,26300.0
91202KJ9003,OIL SEAL 20X32X6,BEAT SPORTY CBS ISS,8500.0
08294M99Z8YN1,SCOOTER GEAR OIL (120ML) IDE,PCX 160 ABS,16500.0
22110K1ZN20,"FACE COMP,MOVABLE DRIVE",PCX 160 ABS,120500.0
18450LCL08294M99Z8YN1,OLI GARDAN,PCX 160 CBS,20000.0
06435KSPB01,PAD SET RR,NEW CB150R STREETFIRE,69500.0
31201KVSJ01,BRUSH TERMINAL SET,NEW CB150R STREETFIRE,45500.0
44711K59A12,TIRE FR TL (80/90-14),NEW VARIO 125 CBS,263000.0
HBF50ML,"BRAKE,FLUID",NEW VARIO TECHNO PGM FI,8500.0
082322MBK0LZ1,"OLI MPX2 10W30 SL 0,8L IDE",NEW VARIO TECHNO PGM FI,58500.0
SS8175ML,OIL SHOCK,NEW VARIO TECHNO PGM FI,29500.0
01389LCL08294M99Z8YN2,OLI GARDAN,VARIO 125 CBS ISS,20000.0
42711K59A12,TIRE RR TL (90/90-14),VARIO 125 CBS ISS,297000.0
1323FGR123,BUSI CHAMPION,VARIO 125 CBS ISS,20000.0
06853LCL81,PIECE SLIDE(SET) KWN,VARIO 125 CBS ISS,25000.0
082322MBK0LN1,"OLI MPX2 10W30 SL 0,8L IDE",VARIO 150 SPORTY,59000.0
51490KC5305,SEAL SET FR FORK,NEW PCX 150 ABS,98000.0
SS8175ML,OIL SHOCK,NEW PCX 150 ABS,59000.0
51410K97T01,PIPE COMP FR FORK,NEW PCX 150 ABS,299000.0
082342MAK0LZ0,"SPX1 10W30 SLMA 0,8L REP",SUPRA X 125 R DD,69500.0
08232M99K0LN5,"MPX2 10W30 SLMB 0,8L CAS",SCOOPY FI,59000.0
16700K59A12,UNIT ASSY FUEL PUMP,NEW VARIO 150,865500.0
082342MBK8LZ0,"SPX2 10W30 SLMB 0,65L REP",Genio CBS ISS,61500.0
12251K12901,"GASKET,CYLINDER HEAD",VARIO 125 CBS ISS,19500.0
12206K97N00,"JOINT COMP,WATER HOSE",VARIO 125 CBS ISS,43500.0
12191KZR600,GASKET CYLINDER,VARIO 125 CBS ISS,13500.0
12209GB4682,SEAL VLV. STEM,VARIO 125 CBS ISS,12000.0
08294M99Z8YN1,SCOOTER GEAR OIL (120ML) IDE,NEW VARIO TECHNO PGM FI,16500.0
17210KZLA00,ELEMENT COMP A/C,SPACY CW HELM IN FI,60500.0
34908GA7701,BULB W BASE,VARIO 150,13000.0
SS8175ML,OIL SHOCK,VARIO 125 CBS ISS,29500.0
51410KZLA01,PIPE COMP FR FORK,VARIO 125 CBS ISS,297000.0
51401KZR600,SPRING FR FORK,VARIO 125 CBS ISS,53000.0
06535GN5505,RACE STEERING KIT,BeAT Sporty CBS ISS Deluxe,103000.0
ACG10GR,AHM CVT GREASE 10 GR,BeAT Sporty CBS ISS Deluxe,15000.0
OSC70ML,OIL SYSTEM CLEANER 70ML,GENIO CBS,30000.0
082322MBK3LN9,"MPX2 10W30 SLMB 0,65L CAS",GENIO CBS,50000.0
HPC480ML,HONDA PARTS CLEANER,GENIO CBS,36000.0
08294M99Z8YN1,SCOOTER GEAR OIL (120ML) IDE,GENIO CBS,16500.0
HIC60ML,HONDA INJECTOR CLEANER,GENIO CBS,27500.0
17210K16900,"ELEMENT COMP., AIR CLEANER",NEW VARIO 150,53500.0
91005KVBN50,"BRG,COMP DRIVE SHAFT",NEW VARIO 150,39500.0
31926KYT901,SPARK PLUG U27EPR-9 (DS),NEW VARIO 150,23000.0
34908GA7701,BULB W BASE,REVO X,6500.0
9820041000,"FUSE, MINI(10A)",REVO X,9500.0
HB6201RS,"BEARING, BALL",REVO X,26000.0
HB6301RS,"BEARING,BALL",REVO X,29900.0
082342MAK0LZ0,"SPX1 10W30 SLMA 0,8L REP",REVO X,69500.0
082342MAK8LZ0,"SPX1 10W30 SLMA 1,2L REP",ALL NEW CB150R STREETFIRE,90000.0
082322MBK2LN1,"MPX2 10W30 SLMB 0,65L IDE",BEAT STREET CBS,49500.0
082322MBK0LZ1,"OLI MPX2 10W30 SL 0,8L IDE",BEAT POP CBS ISS,58500.0
06535GN5505,RACE STEERING KIT,NEW VARIO 125 CBS,103000.0
ACG10GR,AHM CVT GREASE 10 GR,NEW VARIO 125 CBS,15000.0
082322MBK0LN9,"MPX2 10W30 SLMB 0,8L FED",NEW VARIO 125 CBS,39500.0
082322MBK6LN9,"MPX2 10W30 SLMB 0,65L FED O",SCOOPY PRESTIGE,50000.0
ALF6201RS,BEARING BALL (SET),NEW VARIO ESP CBS ISS ADVA,49900.0
34906GB6921,BULB TAILLIGHT,ALL NEW SCOOPY STYLISH,12500.0
18318K81N00ZA,PROTECTOR MUFFLER,BEAT SPORTY CW,54500.0
5071AKZLA00,"BAR, R P STEP SET",BEAT SPORTY CW,26000.0
5071BKZLA00,"BAR, L P STEP SET",BEAT SPORTY CW,26000.0
100406LCL22132GCC771,PIECE SLIDE,BEAT SPORTY CW,45000.0
02753LCL11,BULB WB,VARIO TECHNO 125 FI ISS,8000.0
02753LCL12,DSM,VARIO TECHNO 125 FI ISS,40000.0
082322MBK0LZ1,"OLI MPX2 10W30 SL 0,8L IDE",BEAT CW FI MMC,58500.0
02550226,PAKET INJEKTOR CLEANER,BEAT SPORTY CW,37500.0
2212AKVB900,ROLLER WEIGHT SET,BEAT SPORTY CW,67500.0
31919K25602,SPARK PLUG U27EPR-N9 (DS),ALL NEW SCOOPY STYLISH,24500.0
06455K84902,"PAD SET, FR BRAKE",ADV150 CBS,72500.0
23100K97BA0,BELT DRIVE KIT,ADV150 CBS,208500.0
31918K97T01,SPARK PLUG MR8K9 (NGK),ADV150 CBS,24000.0
17210K0JN00,"ELEMENT COMP,AIR/C",BEAT SPORTY CW,55000.0
91202KVB901,OIL SEAL 20.8X52X7.5,NEW SCOOPY FI,8700.0
22804148000,RUBBER CLUTCH DUMPER,BeAT Sporty CBS,5500.0
22535K44V00,WEIGHT SET CLUTCH,BeAT Sporty CBS,127000.0
082342MBK0LZ0,"SPX2 10W30 SLMB 0,8L REP",BEAT FI SW,70500.0
AHTS0301048,HRC23 ELGNT NAVY TSHIRT XL,BeAT Sporty CBS,140000.0
082322MBK3LN9,"MPX2 10W30 SLMB 0,65L CAS",BEAT SPORTY CBS,0.0
22132GCC771,PIECE SLIDE,BeAT Sporty CBS ISS Deluxe,40500.0
22535K16A40,WEIGHT SET CLUTCH,BeAT Sporty CBS ISS Deluxe,256500.0
06535GN5505,RACE STEERING KIT,NEW SCOOPY PRESTIGE JKT,103000.0
082342MBK0LZ0,"SPX2 10W30 SLMB 0,8L REP",NEW SCOOPY PRESTIGE JKT,70500.0
52400K97305,"CUSHION ASSY,REAR",NEW PCX 150 CBS,603000.0
51490KC5305,SEAL SET FR FORK,NEW PCX 150 CBS,98000.0
SS8175ML,OIL SHOCK,NEW PCX 150 CBS,59000.0
082322MBK0LZ1,"OLI MPX2 10W30 SL 0,8L IDE",PCX160 CBS,0.0
91005KVBN50,"BRG,COMP DRIVE SHAFT",BEAT SPORTY CW,39500.0
31916KRM841,SPARK PLUG CPR8EA9 (NGK),BEAT FI CW,23000.0
31100439891,GENERATOR AC,BEAT SPORTY CBS,0.0
08232M99K0LN5,"MPX2 10W30 SLMB 0,8L CAS",VARIO 125 CBS-ISS MMC,59000.0
06455KVBT01,PAD SET FR,VARIO 125 CBS MMC,60500.0
52400K0JN01,"CUSHION ASSY,REAR",BeAT Sporty CBS ISS Deluxe,242500.0
HBF50ML,"BRAKE,FLUID",BEAT FI CW,8500.0
91202KVB901,OIL SEAL 20.8X52X7.5,BEAT FI CW,8700.0
91384KVB900,O-RING 38.8X1.9,BEAT FI CW,7000.0
45530K03M61,"CYLINDER SET, MASTER",BEAT FI CW,96000.0
31926KRM842,31926KRM841,VARIO 125 CBS,18500.0
082322MBK3LN1,"MPX2 10W30 SLMB 0,65L IDE E",BEAT CBS FI MMC,50000.0
082342MBK0LZ0,"SPX2 10W30 SLMB 0,8L REP",PCX,70500.0
082322MAK2LN0,"MPX1 10W30 SLMA 0,8L REP",SUPRA X 125 PGM FI,57000.0
AHB6201RS,BEARING BALL (SET),SUPRA X 125 PGM FI,51400.0
9410912000,"WASHER, DRAIN PLUG, 12MM",BEAT POP ESP CW,1500.0
08232M99K0LN5,"MPX2 10W30 SLMB 0,8L CAS",BEAT POP ESP CW,59000.0
06945LCL12,BAUD OLI,BEAT POP ESP CW,5000.0
17210K1ZN20,"ELEMENT COMP,AIR/C",PCX 160 CBS,76500.0
08294M99Z8YN1,SCOOTER GEAR OIL (120ML) IDE,PCX160 RoadSync,16500.0
44711K59A12,TIRE FR TL (80/90-14),BeAT Sporty CBS ISS Deluxe,263000.0
082342MBK8LZ0,"SPX2 10W30 SLMB 0,65L REP",SCOOPY STYLISH ,61500.0
082322MBK3LN9,"MPX2 10W30 SLMB 0,65L CAS",VARIO 125 CBS,50000.0
1210AKZR600,CYLINDER COMP,VARIO 125 CBS,308500.0
12209GB4682,SEAL VLV. STEM,VARIO 125 CBS,6000.0
131A1KWN902,PISTON KIT (STD),VARIO 125 CBS,133500.0
082342MBK0LZ0,"SPX2 10W30 SLMB 0,8L REP",ALL NEW SCOOPY SPORTY,70500.0
43130KZL930,BRAKE SHOE,GENIO CBS ISS SE,55500.0
06455K59A71,"PAD SET,FR BRAKE",GENIO CBS ISS SE,89000.0
34901K81N01,BULB HEAD LIGHT,BEAT STREET CBS,34500.0
42753KWF901,"VALVE,RIM(TRITON)",BeAT Sporty CBS,10500.0
082322MBK3LN9,"MPX2 10W30 SLMB 0,65L CAS",NEW SCOOPY PRESTIGE,50000.0
HPC480ML,HONDA PARTS CLEANER,NEW SCOOPY PRESTIGE,36000.0
OSC70ML,OIL SYSTEM CLEANER 70ML,NEW SCOOPY PRESTIGE,30000.0
HIC60ML,HONDA INJECTOR CLEANER,NEW SCOOPY PRESTIGE,27500.0
35148K78N10,BATTERY,NEW SCOOPY PRESTIGE,14500.0
23100KZLPA0,BELT DRIVE KIT.PC,ALL NEW SCOOPY SPORTY,159500.0
06783LCL186,OIL SEAL KRUK AS,ALL NEW SCOOPY SPORTY,20000.0
42711K93N02,TIRE RR TL (110/90-12),NEW SCOOPY FI,347000.0
17210K03N30,"ELEMEN COMP, AIR/C",SUPRA X 125 CW MMC,51000.0
02014LCL03,PURGE INJECTION,BEAT SPORTY CBS,5000.0
08234M99K8LZ0,SCOOTER GEAR OIL-SYN120MLREP,VARIO 150 MMC,19500.0
08CLAH50500,HONDA M/C GENUINE COOLANT,PCX,19500.0
08234M99K8LZ0,SCOOTER GEAR OIL-SYN120MLREP,NEW SCOOPY FASHION,19500.0
91202K50T01,OIL SEAL 20.8X52X6X7.5,VARIO TECHNO 125 FI CBS,6500.0
082322MBK0LN9,"MPX2 10W30 SLMB 0,8L FED",NEW SCOOPY PRESTIGE,39500.0
082322MBK0LN9,"MPX2 10W30 SLMB 0,8L FED",BEAT SPORTY CW,39500.0
10176LCL25,MUR 39,BEAT SPORTY CW,10000.0
31100439891,GENERATOR AC,BEAT SPORTY CW,0.0
08294M99Z8YN1,SCOOTER GEAR OIL (120ML) IDE,BEAT FI CW,16500.0
31120KWB921,STATOR COMP,REVO FIT,279000.0
31500KPH881,BATTERY GTZ5S GS,REVO FIT,248000.0
082322MBK3LN1,"MPX2 10W30 SLMB 0,65L IDE E",BEAT POP ESP CW PIXEL,50000.0
23100KZLBA0,BELT DRIVE KIT,BEAT FI CBS,156000.0
AHTA0001011,HRC24 RWB SLING BAG,NEW SCOOPY STYLISH,160000.0
082342MBK0LN0,"OLI SPX2 10W30 SL 0,8L REP",ADV150 CBS,56500.0
06455KVBT01,PAD SET FR,SPACY CW HELM IN FI,60500.0
16400K81N01,THROTTLE BODY ASSY,BEAT SPORTY CBS ISS,477000.0
082322MAK0LN5,"MPX1 10W30 SLMA 0,8L CAS",NEW SUPRA X 125 FI CW,57000.0
OSC70ML,OIL SYSTEM CLEANER 70ML,NEW BEAT CAST WHEEL,30000.0
06455KVBT01,PAD SET FR,NEW VARIO 125 CBS,60500.0
HB6203RS,"BEARING,BALL",NEW VARIO 125 CBS,31100.0
9410912000,"WASHER, DRAIN PLUG, 12MM",NEW VARIO 125 CBS,1500.0
52400K0JN01,"CUSHION ASSY,REAR",BeAT Street,242500.0
17210K93N00,"ELEMENT COMP., AIR CLEANER",NEW SCOOPY PRESTIGE,63500.0
31919K25602,SPARK PLUG U27EPR-N9 (DS),NEW SCOOPY PRESTIGE,24500.0
082322MBK0LN1,"OLI MPX2 10W30 SL 0,8L IDE",NEW SCOOPY FI,59000.0
082322MBK0LN1,"OLI MPX2 10W30 SL 0,8L IDE",VARIO ESP CBS ADV MMC,59000.0
88210K97N01,MIRROR COMP R,PCX 160 CBS,62500.0
88115KWN980,CAP LOCK NUT,PCX 160 CBS,17000.0
90301KWW640,NUT HEX 10MM,PCX 160 CBS,7000.0
88220K97N01,MIRROR COMP L,PCX 160 CBS,62500.0
90101KWW640,BOLT ADPT 10MM,PCX 160 CBS,22000.0
OSC70ML,OIL SYSTEM CLEANER 70ML,BeAT Sporty CBS ISS Deluxe,30000.0
HIC60ML,HONDA INJECTOR CLEANER,BeAT Sporty CBS ISS Deluxe,27500.0
23100KZRBA0,BELT DRIVE KIT,VARIO 125 CBS-ISS MMC,200500.0
22011KWN900,"PIECE SET,SLIDE",VARIO 125 CBS-ISS MMC,25000.0
ACG10GR,AHM CVT GREASE 10 GR,VARIO 125 CBS-ISS MMC,15000.0
HIC60ML,HONDA INJECTOR CLEANER,Genio CBS ISS,27500.0
082322MBK3LN9,"MPX2 10W30 SLMB 0,65L CAS",Genio CBS ISS,50000.0
OSC70ML,OIL SYSTEM CLEANER 70ML,Genio CBS ISS,30000.0
08294M99Z8YN1,SCOOTER GEAR OIL (120ML) IDE,Genio CBS ISS,16500.0
HPC480ML,HONDA PARTS CLEANER,Genio CBS ISS,36000.0
082322MBK3LN9,"MPX2 10W30 SLMB 0,65L CAS",BeAT Sporty DLX Smart Key,50000.0
08294M99Z8YN1,SCOOTER GEAR OIL (120ML) IDE,VARIO 150 MMC,16500.0
08232M99K0LN5,"MPX2 10W30 SLMB 0,8L CAS",VARIO 150 MMC,59000.0
082322MBK0LN1,"OLI MPX2 10W30 SL 0,8L IDE",VARIO 125 CBS-ISS MMC,59000.0
082342MBK0LZ0,"SPX2 10W30 SLMB 0,8L REP",BEAT SPORTY CBS,70500.0
31500KPH882,BATTERY YTZ5-S,BEAT SPORTY CBS ISS,273000.0
23100K35V01,BELT DRIVE,VARIO 125 CBS,139000.0
45530K59A71,CYLINDER SET MASTER,BEAT STREET,23400.0
06430K44V80,"SHOE SET,BRAKE",BEAT SPORTY CBS,57500.0
HBF50ML,"BRAKE,FLUID",BEAT SPORTY CBS,8500.0
176561,KARBU CLEANER,VARIO 125 CBS,35000.0
23100K36BA0,"BELT DRIVE, KIT",VARIO 125 CBS,189500.0
082322MBK2LN9,"MPX2 10W30 SLMB 0,8L FED",VARIO 125 CBS ISS,59000.0
082322MBK8LZ0,"MPX2 10W30 SLMB 0,8L REP",VARIO 125 CBS ISS,59000.0
082342MAK1LZ0,SPX1 10W30 SLMA 1L REP,CB150R STREETFIRE SPECIAL,77500.0
17210KVB930,ELEMENT COMP A/C,NEW VARIO TECHNO PGM FI,59500.0
16700KZR305,"UNIT ASSY,FUEL PUMP",NEW VARIO TECHNO PGM FI,559000.0
17572GGLJ00,"O-RING, FUEL PUMP",NEW VARIO TECHNO PGM FI,17500.0
80105K59A70,"FENDER A,REAR",VARIO 150,50000.0
90131883000,BOLT DRAIN PLUG 12X15,PCX 160 ABS,3500.0
34901K25600,BULB HEAD LIGHT,REVO FIT,40850.0
082322MAK2LN0,"MPX1 10W30 SLMA 0,8L REP",REVO FIT,57000.0
44711KTM850,TIRE FR TT (70/90-17),REVO 110 SPOKE WHEEL,201000.0
19200KWN901,"PUMP ASSY., WATER",VARIO 150,284000.0
08234M99K8LZ0,SCOOTER GEAR OIL-SYN120MLREP,SCOOPY STYLISH ,19500.0
9805657723, SPARK PLUG U22FSU (DS),SUPRA X,18000.0
082322MBK0LN9,"MPX2 10W30 SLMB 0,8L FED",NEW VARIO 150,39500.0
082322MBK0LN9,"MPX2 10W30 SLMB 0,8L FED",BLADE,39500.0
082322MAK2LN0,"MPX1 10W30 SLMA 0,8L REP",SUPRA X 125 R DD,57000.0
082322MBK0LZ1,"OLI MPX2 10W30 SL 0,8L IDE",NEW SCOOPY PRESTIGE,58500.0
30700KPH881,CAP ASSY NOISE SUPPRESSOR,VARIO FI,50500.0
42711KWW010,TIRE RR TT (80/90-17),SUPRA X 125 R DD,255000.0
34901KFVB51,BULB HEADLIGHT (12V 25/25W),SUPRA X 125 R DD,19000.0
082342MBK0LZ0,"SPX2 10W30 SLMB 0,8L REP",NEW SCOOPY PRESTIGE,70500.0
HPC480ML,HONDA PARTS CLEANER,BeAT Sporty CBS,36000.0
16707KZR601,FILTER SET,VARIO TECHNO NON CBS,287000.0
08CLAH50500,HONDA M/C GENUINE COOLANT,ADV 160 ABS,19500.0
08113HFH000,HONDA FOLDABLE HOOK,BeAT Sporty CBS,101000.0
17210K97N00,ELEMENT COMP AIR/C,ADV150 ABS,79500.0
AHB6201RS,BEARING BALL (SET),PCX 160 CBS,51400.0
44711K0WN01,TIRE FR TL (110/80-14),ADV160 CBS,385000.0
42711K0WN01,TIRE RR TL(130/70-13),ADV160 CBS,427000.0
16700KZRC01,"UNIT ASSY, FUEL PUMP",NEW VARIO 125 CBS,565000.0
17210K1AN00,"ELEMENT COMP,AIR/C",BeAT Sporty CBS ISS,51500.0
31919K25602,SPARK PLUG U27EPR-N9 (DS),BeAT Sporty CBS ISS,24500.0
08294M99Z8YN1,SCOOTER GEAR OIL (120ML) IDE,BeAT Sporty CBS ISS,16500.0
082322MBK3LN1,"MPX2 10W30 SLMB 0,65L IDE E",NEW PCX 150 CBS,50000.0
AHTS0301048,HRC23 ELGNT NAVY TSHIRT XL,NEW SCOOPY SPORTY,140000.0
08294M99Z8YZ1,SCOOTER GEAR OIL (120ML) IDE,NEW SCOOPY SPORTY,33000.0
34908GA7701,BULB W BASE,BEAT SPORTY CW,13000.0
44830KVBT00,"CABLE COMP,SPDMT",BEAT SPORTY CW,39000.0
03512HDL000,HONDA DISC LOCK,NEW SCOOPY PRESTIGE,107500.0
44711K59A12,TIRE FR TL (80/90-14),SCOOPY ESP,256425.0
13251LCL11,PENTIL TUBLES,SCOOPY ESP,10000.0
43130KZL930,BRAKE SHOE,SCOOPY ESP,54113.0
082342MBK0LZ0,"SPX2 10W30 SLMB 0,8L REP",SCOOPY ESP,70500.0
31926KYT901,SPARK PLUG U27EPR-9 (DS),VARIO 150,23000.0
TBC500ML,THROTTLE BODY CLEANER 500ML,PCX 160 ABS,35500.0
08234M99K8LZ0,SCOOTER GEAR OIL-SYN120MLREP,PCX 160 ABS,19500.0
22011KWN900,"PIECE SET,SLIDE",PCX 160 ABS,25000.0
31917K0RV01,"PLUG, SPARK(LMAR8L-9)(NGK)",PCX 160 ABS,70000.0
31926KYT901,SPARK PLUG U27EPR-9 (DS),BEAT SPORTY CBS ISS,23000.0
42711K59A12,TIRE RR TL (90/90-14),BEAT POP ESP CW PIXEL,297000.0
17210K29900,ELEMENT COMP AIR CLEANER LBL,PCX 160 ABS,120000.0
INJECTORCLEANER,INJECTORCLEANER,NEW SCOOPY STYLISH,46000.0
CVTCLEANER,CVT CLEANER,NEW SCOOPY STYLISH,35000.0
9410912000,"WASHER, DRAIN PLUG, 12MM",NEW SCOOPY STYLISH,1500.0
082342MBK8LZ0,"SPX2 10W30 SLMB 0,65L REP",NEW SCOOPY STYLISH,61500.0
06435K97N01,PAD SET RR BRAKE,NEW PCX 150 ABS,132500.0
082322MBK0LN1,"OLI MPX2 10W30 SL 0,8L IDE",VARIO 110 CBS ISS,59000.0
ALF6201RS,BEARING BALL (SET),NEW VARIO TECHNO PGM FI,49900.0
082322MAK1LN1,OLI MPX1 10W30 SL 1L IDE,CB150R STREETFIRE,65500.0
43130KZL930,BRAKE SHOE,BEAT SPORTY CBS,55500.0
34901KFVB51,BULB HEADLIGHT (12V 25/25W),VARIO 125 CBS ISS,19000.0
HPC480ML,HONDA PARTS CLEANER,NEW SCOOPY STYLISH,40000.0
17210K56N00,ELEMENT COMP AIR CLEANER,New Supra GTR150 Sporty,62500.0
082342MAK8LZ0,"SPX1 10W30 SLMA 1,2L REP",New Supra GTR150 Sporty,90000.0
06455KVBT01,PAD SET FR,VARIO 125 CBS-ISS MMC,60500.0
31926KYT901,SPARK PLUG U27EPR-9 (DS),VARIO 125 CBS-ISS MMC,23000.0
30700K81N11,CAP ASSY NOISE SUPRESSOR,BEAT SPORTY CBS,47500.0
TBC500ML,THROTTLE BODY CLEANER 500ML,BEAT SPORTY CBS,35500.0
11395KGH901,GASKET L COVER,ALL NEW CBR150R,8500.0
31600K15901,"RECTIFIER ASSY., REGULATOR",ALL NEW CBR150R,315000.0
31120K45N01,STATOR COMP (MB),ALL NEW CBR150R,716500.0
37870KRJ901,"SENSOR ASSY,TW",ALL NEW CBR150R,387000.0
082342MAK1LZ0,SPX1 10W30 SLMA 1L REP,ALL NEW CB150R STREETFIRE,77500.0
08234M99K8LZ0,SCOOTER GEAR OIL-SYN120MLREP,BeAT Sporty CBS ISS Deluxe,19500.0
06455KVBT01,PAD SET FR,BEAT POP CBS,60500.0
082322MBK0LN1,"OLI MPX2 10W30 SL 0,8L IDE",NEW VARIO,59000.0
31919K25602,SPARK PLUG U27EPR-N9 (DS),BeAT Sporty CBS ISS Deluxe,24500.0
07019LCL018,ANGIN  NITROGEN SET,PCX 160 CBS,10000.0
13566,KONTAK,VARIO TECHNO 125 FI ISS,130000.0
43130KZL930,BRAKE SHOE,VARIO 110 CBS ISS,55500.0
45530KVY911,CYLINDER SET MASTER,VARIO 110 CBS ISS,77000.0
082322MBK0LN9,"MPX2 10W30 SLMB 0,8L FED",ALL NEW SCOOPY STYLISH,39500.0
082322MBK8LN3,"MPX2 10W30 SLMB 0,65L NIP",BEAT STREET CBS,50000.0
34901KFVB51,BULB HEADLIGHT (12V 25/25W),BEAT STREET CBS,19000.0
03512HDL000,HONDA DISC LOCK,BeAT Sporty CBS ISS,107500.0
31926KYT901,SPARK PLUG U27EPR-9 (DS),VARIO 125 CBS ISS,23000.0
42711K59A12,TIRE RR TL (90/90-14),BEAT SPORTY CBS,257950.0
52400K81N01,CUSHION ASSY REAR,BEAT SPORTY CBS,223000.0
22535K16A40,WEIGHT SET CLUTCH,BEAT SPORTY CBS,256500.0
082342MBK0LZ0,"SPX2 10W30 SLMB 0,8L REP",VARIO 150 MMC,70500.0
082322MAK1LN1,OLI MPX1 10W30 SL 1L IDE,CB150 VERZA SW,65500.0
44711KYE901,TIRE FR TL (80/100-17),CB150 VERZA SW,322000.0
06430K44V80,"SHOE SET,BRAKE",NEW SCOOPY STYLISH,57500.0
06455KVBT01,PAD SET FR,NEW SCOOPY STYLISH,60500.0
08232M99K0LN5,"MPX2 10W30 SLMB 0,8L CAS",NEW VARIO 150,59000.0
02550226,PAKET INJEKTOR CLEANER,GENIO CBS ISS SE,37500.0
082322MBK3LN1,"MPX2 10W30 SLMB 0,65L IDE E",GENIO CBS ISS SE,50000.0
082322MBK0LZ1,"OLI MPX2 10W30 SL 0,8L IDE",BEAT SPORTY CBS ISS,58500.0
44711K59A12,TIRE FR TL (80/90-14),BeAT Street,263000.0
22011K0JN00,"PIECE SET,SLIDE",BeAT Street,16500.0
082342MBK0LZ0,"SPX2 10W30 SLMB 0,8L REP",VARIO 110 CBS,70500.0
42711K2SN01,TIRE RR TL (120/70-14),VARIO 160 ABS,417000.0
08234M99K8LZ0,SCOOTER GEAR OIL-SYN120MLREP,VARIO 160 ABS,19500.0
06435K97N01,PAD SET RR BRAKE,NEW PCX 150 CBS,132500.0
06455KREK02,"PAD SET, FR",NEW PCX 150 CBS,121500.0
34906GB6921,BULB TAILLIGHT,Beat Sporty,12500.0
12361035000,CAP TAPPET,SUPRA X 125 R DD,10000.0
082342MAK8LZ0,"SPX1 10W30 SLMA 1,2L REP",CB150R STREETFIRE,90000.0
35180KPH881,SWITCH UNIT HORN,VARIO TECHNO 125 FI ISS,25000.0
31500KZR602,BATTERY(GTZ6V),BEAT SPORTY CW,302000.0
17220KZR600,"ELEMENT SET, AIR CLEANER",VARIO 150,59000.0
06455K84902,"PAD SET, FR BRAKE",NEW PCX 150 ABS,72500.0
17210K97N00,ELEMENT COMP AIR/C,NEW PCX 150 ABS,79500.0
9410912000,"WASHER, DRAIN PLUG, 12MM",BEAT POP CW,1500.0
08232M99K0LN5,"MPX2 10W30 SLMB 0,8L CAS",BEAT POP CW,59000.0
08234M99K8LN9,"OLI SPX1 10W30 SLMA 1,2L FED",CB150R STREETFIRE SPECIAL,90000.0
082322MBK0LN1,"OLI MPX2 10W30 SL 0,8L IDE",BEAT STREET CBS,59000.0
22535K16A40,WEIGHT SET CLUTCH,BEAT STREET CBS,256500.0
22105K44V00,BOSS DRIVE FACE,BEAT STREET CBS,27500.0
082342MBK8LZ0,"SPX2 10W30 SLMB 0,65L REP",GENIO CBS ISS,61500.0
HPC480ML,HONDA PARTS CLEANER,GENIO CBS ISS,40000.0
08232M99K0LN5,"MPX2 10W30 SLMB 0,8L CAS",BEAT SPORTY DLX SMART KEY,59000.0
17210K1AN00,"ELEMENT COMP,AIR/C",GENIO CBS ISS,51500.0
42711K59A12,TIRE RR TL (90/90-14),GENIO CBS ISS,297000.0
31500KZR602,BATTERY(GTZ6V),VARIO 150 MMC,302000.0
22011KWN900,"PIECE SET,SLIDE",BEAT SPORTY CBS ISS,25000.0
12391K84900,"GASKET,HEAD COVER",SCOOPY FI,60000.0
34906K25901,"BULB, TAILLIGHT(12V 18/5W)",SUPRA X 125 R DD,22000.0
01389LCL08294M99Z8YN2,OLI GARDAN,VARIO 160 ABS,20000.0
SS8175ML,OIL SHOCK,NEW VARIO 150,29500.0
51490GN5305,SEAL SET FR FORK,NEW VARIO 150,44000.0
51410KZLA01,PIPE COMP FR FORK,NEW VARIO 150,148500.0
17211K15900,"ELEMENT COMP,AIR/C",ALL NEW CB150R STREETFIRE,61000.0
08CLAH50500,HONDA M/C GENUINE COOLANT,ALL NEW CB150R STREETFIRE,19500.0
34906GB6921,BULB TAILLIGHT,BeAT Sporty DLX Smart Key,12500.0
08234M99K8LZ0,SCOOTER GEAR OIL-SYN120MLREP,PCX160 ABS,19500.0
22011K93N00,PIECE SET SLIDE,BEAT FI CW,16500.0
22011K0JN00,"PIECE SET,SLIDE",BEAT SPORTY CBS,16500.0
23100K0JBA0,BELT DRIVE KIT,BEAT SPORTY CBS,130500.0
082322MAK0LN1,"OLI MPX1 10W30 SL 0,8L IDE",SUPRA X 125 PGM FI CW DD,57000.0
51490KC5305,SEAL SET FR FORK,NEW MEGA PRO CW,98000.0
12391KRM840,GASKET HEAD COVER,NEW MEGA PRO CW,14000.0
17510KYE900PFW,FUEL TANK (PL FD WH),NEW MEGA PRO CW,1897500.0
SS8175ML,OIL SHOCK,NEW MEGA PRO CW,59000.0
30700KPH881,CAP ASSY NOISE SUPPRESSOR,SPACY CW HELM IN FI,50500.0
34906GB6921,BULB TAILLIGHT,SPACY CW HELM IN FI,12500.0
31926KYT901,SPARK PLUG U27EPR-9 (DS),SPACY CW HELM IN FI,23000.0
9805957927, SPARK PLUG U22FER9 (DS),VARIO CAST WHEEL,30500.0
43130KZL930,BRAKE SHOE,Beat Sporty,55500.0
44711KVB930,44711KVB931,Beat Sporty,133500.0
17210K0JN00,"ELEMENT COMP,AIR/C",VARIO 150,55000.0
9806786871, SPARK PLUG U20EPR9 (DS),VARIO 125 CBS ISS,19500.0
HB6201RS,"BEARING, BALL",VARIO 125 CBS ISS,52000.0
31919K25602,SPARK PLUG U27EPR-N9 (DS),SCOOPY FI,24500.0
06455K46N21,"PAD SET, FR. BRAKE",NEW VARIO 125 CBS,62000.0
082322MBK2LN0,"MPX2 10W30 SLMB 0,8L REP O",VARIO 150,59000.0
08232M99K0LN5,"MPX2 10W30 SLMB 0,8L CAS",VARIO CAST WHEEL,59000.0
08294M99Z8YN1,SCOOTER GEAR OIL (120ML) IDE,VARIO CAST WHEEL,16500.0
31926KYT901,SPARK PLUG U27EPR-9 (DS),GENIO CBS,23000.0
02753LCL10,BULB T/L,GENIO CBS,15000.0
02753LCL12,DSM,GENIO CBS,40000.0
22132KWN900,"PIECE,SLIDE",NEW PCX 150 CBS,10000.0
91005KVBN50,"BRG,COMP DRIVE SHAFT",BeAT Sporty CBS ISS Deluxe,39500.0
22011K81N00,"PIECE SET,SLIDE",BeAT Sporty CBS ISS Deluxe,18500.0
42711K59A12,TIRE RR TL (90/90-14),NEW VARIO CBS PGM FI,297000.0
51490GN5305,SEAL SET FR FORK,BEAT SPORTY CBS,88000.0
SS8175ML,OIL SHOCK,BEAT SPORTY CBS,29500.0
33130GN5831,SOCKET HEADLIGHT,SUPRA X 125 DISK BRAKE,18500.0
09462LCL135,BAUT,SUPRA X 125 DISK BRAKE,4000.0
34901KPH881,BULB HEADLIGHT,SUPRA X 125 DISK BRAKE,90000.0
31926KRM842,31926KRM841,VARIO TECHNO 125 CBS ISS,18500.0
08234M99K8LZ0,SCOOTER GEAR OIL-SYN120MLREP,BEAT STREET,19500.0
08234M99K8LZ0,SCOOTER GEAR OIL-SYN120MLREP,BeAT Sporty CBS,19500.0
08232M99K0LN5,"MPX2 10W30 SLMB 0,8L CAS",VARIO 125 CBS ISS SP,59000.0
17210K0JN00,"ELEMENT COMP,AIR/C",GENIO CBS ISS,55000.0
31919K25602,SPARK PLUG U27EPR-N9 (DS),GENIO CBS ISS,24500.0
01626LCL0082,OLI IDEMITSU 10-40W SPORT 1 L,SUPRA X 125 R DD,65000.0
08234M99K8LZ0,SCOOTER GEAR OIL-SYN120MLREP,PCX,19500.0
082322MBK0LN9,"MPX2 10W30 SLMB 0,8L FED",ALL NEW SCOOPY SPORTY,39500.0
31926KRM842,31926KRM841,SCOOPY FI,18500.0
082322MBK2LN0,"MPX2 10W30 SLMB 0,8L REP O",SCOOPY FI,59000.0
ACG10GR,AHM CVT GREASE 10 GR,CB150 VERZA SW,15000.0
06535KTR900,RACE STEERING KIT,CB150 VERZA SW,104500.0
06945LCL23,PAKING KOPLING,CB150 VERZA SW,20000.0
AHB6302RS,BEARING BALL (SET),CB150 VERZA SW,66300.0
08294M99Z8YN1,SCOOTER GEAR OIL (120ML) IDE,BEAT SW FI MMC,16500.0
17210KVB930,ELEMENT COMP A/C,NEW VARIO,59500.0
082322MBK0LN1,"OLI MPX2 10W30 SL 0,8L IDE",SUPRA FIT DISKBRAKE,59000.0
06455KWB601,PAD SET FR,NEW SUPRA X 125 FI CW,55000.0
ALF6201RS,BEARING BALL (SET),NEW SUPRA X 125 FI CW,49900.0
17210K97N00,ELEMENT COMP AIR/C,ADV160 CBS,79500.0
082322MAK0LN1,"OLI MPX1 10W30 SL 0,8L IDE",VERZA SPOKE WHEEL,57000.0
17211K18900,"ELEMENT COMP., A/C",VERZA SPOKE WHEEL,59000.0
31928MFFD01, SPARK PLUG U24EPR9 (DS),VERZA SPOKE WHEEL,20000.0
22011K81N00,"PIECE SET,SLIDE",BeAT Street,18500.0
22535K44V00,WEIGHT SET CLUTCH,BeAT Street,127000.0
17210K0JN00,"ELEMENT COMP,AIR/C",BeAT Street,55000.0
22105K0JN00,"BOSS,DRIVE FACE",BeAT Street,32500.0
22110K0JN00,"FACE COMP,MOVABLE DRIVE",BeAT Street,63000.0
22123K0JN00,"ROLLER SET,WEIGHT",BeAT Street,42000.0
082322MBK3LN1,"MPX2 10W30 SLMB 0,65L IDE E",NEW SCOOPY PRESTIDGE,50000.0
OSC70ML,OIL SYSTEM CLEANER 70ML,BEAT FI SW,30000.0
31500KZR601,BATTERY YTZ6-V,NEW VARIO TECHNO PGM FI,332000.0
9410912000,"WASHER, DRAIN PLUG, 12MM",SCOOPY ESP,1500.0
08294M99Z8YN1,SCOOTER GEAR OIL (120ML) IDE,SCOOPY ESP,16500.0
HPC480ML,HONDA PARTS CLEANER,SCOOPY ESP,40000.0
22535K16A40,WEIGHT SET CLUTCH,NEW SCOOPY PRESTIGE,243675.0
22100K25900,OUTER COMP CLUTCH,NEW SCOOPY PRESTIGE,116850.0
FIC001,CAIRAN FLASH INJECTOR,NEW SCOOPY PRESTIGE,20000.0
18318KZR600,"PROTECTOR, MUFFLER",VARIO 125 CBS,69500.0
34901KFVB51,BULB HEADLIGHT (12V 25/25W),VARIO 125 CBS,19000.0
22100K25900,OUTER COMP CLUTCH,BEAT SPORTY CBS,123000.0
09460LCL032,RING OLI STD,BEAT SPORTY CBS,4000.0
91202KJ9003,OIL SEAL 20X32X6,BEAT SPORTY CBS,8500.0
91202KVB901,OIL SEAL 20.8X52X7.5,BEAT SPORTY CBS,8500.0
31919K25602,SPARK PLUG U27EPR-N9 (DS),BEAT SPORTY CBS,24500.0
06455KVBT01,PAD SET FR,BEAT SPORTY CBS,60500.0
09460LC0743,BAUD OLI STD ,BEAT SPORTY CBS,5000.0
45108KVBT01,SPRING PAD,BEAT SPORTY CBS,13500.0
23100K0JBA0,BELT DRIVE KIT,BeAT Sporty CBS ISS Deluxe,130500.0
06455KVBT01,PAD SET FR,BeAT Street,60500.0
1210AKZR600,CYLINDER COMP,VARIO 125 CBS-ISS MMC,308500.0
HBF50ML,"BRAKE,FLUID",NEW SCOOPY STYLISH,8500.0
31926KRM841,SPARK PLUG CPR9EA9 (NGK),NEW VARIO 150,23000.0
082342MBK8LZ0,"SPX2 10W30 SLMB 0,65L REP",BeAT Sporty DLX Smart Key,61500.0
23100K36BA0,"BELT DRIVE, KIT",PCX 160 CBS,189500.0
06401KWW900,DRIVE CHAIN KIT,REVO FIT,196650.0
06455KVBT01,PAD SET FR,BEAT SPORTY DLX SMART KEY,60500.0
01626LCL0081,"OLI IDEMITSU 10-40W MATIC 0,8",BEAT CW FI MMC,60000.0
01626LCL0079,OLI GARDAN,BEAT CW FI MMC,20000.0
91005KVBN50,"BRG,COMP DRIVE SHAFT",BeAT Street,39500.0
082342MAK8LZ0,"SPX1 10W30 SLMA 1,2L REP",CB150X STD,90000.0
08CLAH50500,HONDA M/C GENUINE COOLANT,CB150X STD,19500.0
SS8175ML,OIL SHOCK,NEW BEAT CAST WHEEL,29500.0
08232M99K0LN5,"MPX2 10W30 SLMB 0,8L CAS",NEW BEAT CAST WHEEL,59000.0
06455KVBT01,PAD SET FR,NEW BEAT CAST WHEEL,60500.0
51490KGH902,SEAL SET FR FORK,NEW BEAT CAST WHEEL,86000.0
082322MBK2LN0,"MPX2 10W30 SLMB 0,8L REP O",BEAT FI CW,59000.0
13705LCL203,INJEKTOR CLEANER DSM,VARIO 125 CBS,45000.0
31926KRM841,SPARK PLUG CPR9EA9 (NGK),VARIO 125 CBS ISS,23000.0
082322MBK9LN0,"MPX2 10W30 SLMB 0,65L REP O",BeAT Sporty CBS,50000.0
64301K2FN00ZL,"COVER, FR TOP (VI BE)",NEW SCOOPY FASHION,274500.0
86644K2FN20ZB,"STRIPE A, R FRONT COVER TYPE 1",NEW SCOOPY FASHION,30500.0
31926KRM841,SPARK PLUG CPR9EA9 (NGK),NEW SCOOPY FASHION,23000.0
81134K2FN00ZN,"COVER INNER, UP (MT CR SL)",NEW SCOOPY FASHION,66000.0
33410K2FN01,"WINKER COMP, R FR",NEW SCOOPY FASHION,64000.0
64202K2FN00ZL,"COVER, L FRONT (VI BE)",NEW SCOOPY FASHION,178000.0
91307K0JN00,"O-RING,95X2.0",NEW SCOOPY FASHION,4000.0
23100K1ABA0,"BELT DRIVE, KIT",NEW SCOOPY FASHION,123000.0
17210K1AN00,"ELEMENT COMP,AIR/C",NEW SCOOPY FASHION,51500.0
81141K2FN00ZH,COVER INNER (MT CR SL),NEW SCOOPY FASHION,305000.0
91202K0JN01,OIL SEAL 19.5X31.5X6,NEW SCOOPY FASHION,24000.0
64223K2FN00,"STAY COMP,FR COVER",NEW SCOOPY FASHION,87000.0
30700K1AN01,"CAP ASSY,NOISE SUPPRESSOR",NEW SCOOPY FASHION,42500.0
64340K2FN00ZB,"COVER,UNDER (BLK)",NEW SCOOPY FASHION,98500.0
35148K78N10,BATTERY,NEW SCOOPY STYLISH,14500.0
AHTS0201050,HRC23 SPRTY NAVY TSHIRT L,BeAT Sporty CBS ISS Deluxe,120000.0
082322MBK2LN0,"MPX2 10W30 SLMB 0,8L REP O",NEW SCOOPY PRESTIGE,59000.0
TBC500ML,THROTTLE BODY CLEANER 500ML,SPACY CW HELM IN FI,35500.0
08232M99K0LN5,"MPX2 10W30 SLMB 0,8L CAS",SPACY CW HELM IN FI,59000.0
08232M99K0LN5,"MPX2 10W30 SLMB 0,8L CAS",VARIO 160 ABS,59000.0
9410912000,"WASHER, DRAIN PLUG, 12MM",ADV150 CBS,1500.0
ACG10GR,AHM CVT GREASE 10 GR,VARIO 160 CBS,15000.0
06455K59A71,"PAD SET,FR BRAKE",VARIO 160 CBS,89000.0
02779LCL34,SPION ASPIRA,BeAT Sporty CBS ISS Deluxe,60000.0
31916KWB601,SPARK PLUG CPR6EA9S (NGK),REVO FIT,25500.0
08232M99K0LN5,"MPX2 10W30 SLMB 0,8L CAS",NEW VARIO 125 CBS,59000.0
31916KRM841,SPARK PLUG CPR8EA9 (NGK),VARIO TECHNO,23000.0
08232M99K0LN5,"MPX2 10W30 SLMB 0,8L CAS",VARIO TECHNO,59000.0
13705LCL203,INJEKTOR CLEANER DSM,BEAT SPORTY CW,45000.0
082322MBK0LN9,"MPX2 10W30 SLMB 0,8L FED",BEAT SPORTY CBS ISS,39500.0
06541LCLPKTINJ,PAKET INJECTOR,NEW SCOOPY PRESTIGE,50000.0
AHTA0001011,HRC24 RWB SLING BAG,NEW SCOOPY SPORTY,160000.0
OSC70ML,OIL SYSTEM CLEANER 70ML,ALL NEW SCOOPY STYLISH,30000.0
17210K0JN00,"ELEMENT COMP,AIR/C",VERZA CAST WHEEL,55000.0
08CLAH50500,HONDA M/C GENUINE COOLANT,VERZA CAST WHEEL,19500.0
082322MBK0LN9,"MPX2 10W30 SLMB 0,8L FED",BeAT Street,39500.0
01389LCLCC200ML,CARBON CLEANER 200ML,BEAT FI SW,100000.0
01389LCL08294M99K0NL1,OLI GARDAN SPX,BEAT FI SW,25000.0
13705LCL203,INJEKTOR CLEANER DSM,VARIO 160 ABS,45000.0
06455KR3404,PAD SET FR (NA),SUPRA FIT DISKBRAKE,55000.0
15523LCLKARETBOOTH,KARET BOOTH KALIPER,SUPRA FIT DISKBRAKE,10000.0
45530KET920,CYLINDER SET MASTER,SUPRA FIT DISKBRAKE,78500.0
53175KRST80,LEVER R STRG HDL,SUPRA FIT DISKBRAKE,41000.0
HBF50ML,"BRAKE,FLUID",SUPRA FIT DISKBRAKE,8500.0
08234M99K8LZ0,SCOOTER GEAR OIL-SYN120MLREP,BEAT POP CW,18135.0
52400K81N01,CUSHION ASSY REAR,Beat Sporty,223000.0
SS8175ML,OIL SHOCK,BeAT Sporty CBS ISS Deluxe,29500.0
08232M99K0LN5,"MPX2 10W30 SLMB 0,8L CAS",VARIO TECHNO 125 CBS ISS,59000.0
08232M99K0LN5,"MPX2 10W30 SLMB 0,8L CAS",PCX 160 CBS,59000.0
9410912000,"WASHER, DRAIN PLUG, 12MM",PCX 160 ABS,1500.0
AHB6201RS,BEARING BALL (SET),BEAT STREET,51400.0
13705LCL11,BOHLAM BELAKANG ( REM ),BEAT SPORTY CW,15000.0
9805957927, SPARK PLUG U22FER9 (DS),NEW BEAT CAST WHEEL,30500.0
08234M99K8LZ0,SCOOTER GEAR OIL-SYN120MLREP,BEAT FI SW,19500.0
23100KZLBA0,BELT DRIVE KIT,BEAT FI SW,156000.0
22100K81N21,OUTER COMP CLUTCH,BEAT FI SW,105500.0
31926KYT901,SPARK PLUG U27EPR-9 (DS),NEW VARIO 125 CBS ISS,23000.0
08232M99K0LN5,"MPX2 10W30 SLMB 0,8L CAS",NEW VARIO 125 CBS ISS,59000.0
31926KRM842,31926KRM841,NEW VARIO TECHNO PGM FI,18500.0
082342MBK0LZ0,"SPX2 10W30 SLMB 0,8L REP",All New Scoopy Stylish Plus,70500.0
01387LCL02,BAUT ,VARIO 110 CBS ISS,4000.0
88110K25900,"MIRROR ASSY,R BACK",VARIO 110 CBS ISS,38500.0
88120K25900,"MIRROR ASSY,L BACK",VARIO 110 CBS ISS,38500.0
34908GA7701,BULB W BASE,VARIO 110 CBS ISS,6500.0
33130GN5831,SOCKET HEADLIGHT,VARIO 110 CBS ISS,18500.0
34901KPH881,BULB HEADLIGHT,VARIO 110 CBS ISS,45000.0
34905GM9003,BULB WINKER,VARIO 110 CBS ISS,9000.0
AHTA0001011,HRC24 RWB SLING BAG,VARIO 160 ABS,160000.0
06435K97N01,PAD SET RR BRAKE,VARIO 150,132500.0
08234M99K8LZ0,SCOOTER GEAR OIL-SYN120MLREP,ADV 160 ABS,19500.0
17572GGLJ00,"O-RING, FUEL PUMP",ADV 160 ABS,17500.0
31928MFFD01, SPARK PLUG U24EPR9 (DS),ALL NEW SCOOPY STYLISH,20000.0
082322MBK4LN9,"MPX2 10W30 SLMB 0,65L REP",ALL NEW SCOOPY SPORTY,50000.0
ACG10GR,AHM CVT GREASE 10 GR,VARIO 125 CBS,15000.0
ACG10GR,AHM CVT GREASE 10 GR,BeAT Sporty DLX Smart Key,15000.0
082322MAK0LN1,"OLI MPX1 10W30 SL 0,8L IDE",SUPRA X 125 CW,57000.0
18450LCL999,INJECTOR CLEANER,VARIO 125 CBS,50000.0
06455K59A71,"PAD SET,FR BRAKE",VARIO 125 CBS,89000.0
18450LCL43130KZL930,KAMPAS BELAKANG,VARIO 125 CBS,60000.0
18450LCL22535K35V01,WEIGHT SET CLUTCH,VARIO 125 CBS,170000.0
18450LCL000KPH0007,ENGINE FLUSH,VARIO 125 CBS,30000.0
18450LCL53178K81N30,LEVER L STEERING HANDLE 	,VARIO 125 CBS,55000.0
42711K59A12,TIRE RR TL (90/90-14),VARIO 125 CBS,297000.0
1845LCL08234M99K8LZ0,OLI GARDAN SPX,VARIO 125 CBS,25000.0
18450LCL31926KRM841,BUSI,VARIO 125 CBS,30000.0
08CLAH50500,HONDA M/C GENUINE COOLANT,ADV150 ABS,39000.0
19100K97T00,RADIATOR ASSY,ADV150 ABS,390000.0
082322MBK0LN9,"MPX2 10W30 SLMB 0,8L FED",PCX160 CBS,39500.0
44711K59A12,TIRE FR TL (80/90-14),BeAT Sporty CBS,236700.0
ACG10GR,AHM CVT GREASE 10 GR,NEW PCX 150 CBS,15000.0
082322MBK3LN9,"MPX2 10W30 SLMB 0,65L CAS",BeAT Street,50000.0
30700KPH881,CAP ASSY NOISE SUPPRESSOR,NEW SCOOPY FASHION,50500.0
22123K0JN00,"ROLLER SET,WEIGHT",NEW SCOOPY FASHION,42000.0
082322MBK2LN0,"MPX2 10W30 SLMB 0,8L REP O",BEAT SPORTY CBS ISS,59000.0
082322MBK0LN9,"MPX2 10W30 SLMB 0,8L FED",VARIO 150,39500.0
91005KVBN50,"BRG,COMP DRIVE SHAFT",BEAT SPORTY CBS ISS,39500.0
22105K44V00,BOSS DRIVE FACE,BEAT SPORTY CBS ISS,27500.0
91109KVY901,BRG NEEDLE 20X29X18,BEAT SPORTY CBS ISS,48500.0
91009KVY961,BRG BALL RADIAL 6902U,BEAT SPORTY CBS ISS,31500.0
45530KVY911,CYLINDER SET MASTER,BEAT SPORTY CW,77000.0
9410912000,"WASHER, DRAIN PLUG, 12MM",BeAT Street,1500.0
082322MAK1LZ1,OLI MPX1 10W30 SL 1L IDE,SUPRA X,65000.0
23100KZR601,"BELT, DRIVE",PCX,155000.0
31926KRM841,SPARK PLUG CPR9EA9 (NGK),VARIO 150,23000.0
08294M99Z8YN1,SCOOTER GEAR OIL (120ML) IDE,BEAT,16500.0
31916KRM841,SPARK PLUG CPR8EA9 (NGK),BEAT,23000.0
23100KVBBA0,BELT DRIVE KIT,BEAT,183000.0
06455KVBT01,PAD SET FR,BEAT,60500.0
06455KREK02,"PAD SET, FR",NEW PCX 150 ABS,121500.0
44800KVB910,BOX SPEEDOMETER GEAR,VARIO 110 CBS,70500.0
22535KZLA00,WEIGHT SET CLUTCH,BEAT CW FI MMC,171500.0
082342MAK1LZ0,SPX1 10W30 SLMA 1L REP,CB150 VERZA SW,77500.0
082322MBK0LN1,"OLI MPX2 10W30 SL 0,8L IDE",BEAT STREET,59000.0
08234M99K8LZ0,SCOOTER GEAR OIL-SYN120MLREP,BEAT CBS FI MMC,19500.0
08234M99K8LZ0,SCOOTER GEAR OIL-SYN120MLREP,BEAT POP ESP CW COMIC,18135.0
19104KVB930,CAP RESERVE TANK,VARIO 160 CBS,12500.0
91009KVY961,BRG BALL RADIAL 6902U,BEAT SPORTY CW,31500.0
22102K44V00,FACE DRIVE,BEAT SPORTY CW,49500.0
91204K50T01,OIL SEAL 29X44X7(NOK),BEAT SPORTY CW,4500.0
17210K46N20,ELEMENT COMP AIR CLEANER,BEAT SPORTY CW,56000.0
AHB6201RS,BEARING BALL (SET),NEW PCX 150 ABS,51400.0
31926KRM841,SPARK PLUG CPR9EA9 (NGK),VARIO 125 CBS MMC,23000.0
22132KWN900,"PIECE,SLIDE",VARIO 150,30000.0
TBC500ML,THROTTLE BODY CLEANER 500ML,VARIO 150,35500.0
31100439891,GENERATOR AC,NEW VARIO 125 CBS,0.0
91202K50T01,OIL SEAL 20.8X52X6X7.5,New Supra GTR150 Exclusive,6500.0
31500KZR602,BATTERY(GTZ6V),NEW SCOOPY STYLISH,302000.0
AHB6201RS,BEARING BALL (SET),REVO FIT,51400.0
082322MBK8LN3,"MPX2 10W30 SLMB 0,65L NIP",BEAT SPORTY CBS,50000.0
43130KZL930,BRAKE SHOE,BEAT CBS FI MMC,55500.0
03512HDL000,HONDA DISC LOCK,GENIO CBS,107500.0
08294M99Z8YZ1,SCOOTER GEAR OIL (120ML) IDE,GENIO CBS,16500.0
082322MBK6LN9,"MPX2 10W30 SLMB 0,65L FED O",GENIO CBS,50000.0
08294M99Z8YN1,SCOOTER GEAR OIL (120ML) IDE,PCX,16500.0
08232M99K0LN5,"MPX2 10W30 SLMB 0,8L CAS",BEAT,59000.0
06401KWW900,DRIVE CHAIN KIT,REVO,207000.0
9410912000,"WASHER, DRAIN PLUG, 12MM",BEAT STREET CBS,1500.0
ENG01,ENGINE FLUSH,BEAT STREET CBS,30000.0
14401KVB901,CHAIN CAM DID SCR-0404SV,ALL NEW SCOOPY SPORTY,85000.0
06455K46N21,"PAD SET, FR. BRAKE",ALL NEW SCOOPY SPORTY,62000.0
44711K59A12,TIRE FR TL (80/90-14),ALL NEW SCOOPY SPORTY,263000.0
16700K81N01,"UNIT ASSY,FUEL PUMP",ALL NEW SCOOPY SPORTY,506000.0
082322MAK1LN1,OLI MPX1 10W30 SL 1L IDE,VERZA CAST WHEEL,65500.0
31926KRM841,SPARK PLUG CPR9EA9 (NGK),VARIO 150 SPORTY,23000.0
10663LCL41,MAJUN CLEANER,PCX 160 CBS,7000.0
AHUB0001001,HRC24 RWB TRAVEL UMBRELLA,GENIO CBS ISS,251000.0
9410912000,"WASHER, DRAIN PLUG, 12MM",NEW SCOOPY PRESTIGE,1500.0
08CLAH50500,HONDA M/C GENUINE COOLANT,ADV160 CBS,19500.0
082322MBK0LN9,"MPX2 10W30 SLMB 0,8L FED",PCX 160 ABS,39500.0
082342MBK0LZ0,"SPX2 10W30 SLMB 0,8L REP",BeAT Sporty CBS ISS Deluxe,70500.0
08234M99K8LZ0,SCOOTER GEAR OIL-SYN120MLREP,NEW VARIO 125 CBS ISS,18135.0
08232M99K0LN5,"MPX2 10W30 SLMB 0,8L CAS",BeAT Sporty CBS,59000.0
06455KVBT01,PAD SET FR,NEW PCX 150 ABS,60500.0
08CLAH50500,HONDA M/C GENUINE COOLANT,NEW PCX 150 ABS,19500.0
08232M99K0LN5,"MPX2 10W30 SLMB 0,8L CAS",ADV 160 ABS,0.0
082322MAK1LN1,OLI MPX1 10W30 SL 1L IDE,REVO FIT,65500.0
082322MBK3LN1,"MPX2 10W30 SLMB 0,65L IDE E",BEAT FI SW,50000.0
06430KZL930,SHOE SET BRAKE,ALL NEW SCOOPY SPORTY,61000.0
08294M99Z8YN1,SCOOTER GEAR OIL (120ML) IDE,BEAT SPORTY CBS ISS DELUXE,16500.0
082322MBK3LN9,"MPX2 10W30 SLMB 0,65L CAS",Genio CBS,50000.0
22011K0JN00,"PIECE SET,SLIDE",Genio CBS,16500.0
91202KJ9003,OIL SEAL 20X32X6,BEAT SPORTY CW,8500.0
22011K1NV01,"PIECE SET,SLIDE",VARIO 160 CBS,28500.0
17210KZR600,"ELEMENT COMP, AIR CLEANER",VARIO 125 CBS ISS,56500.0
31500KZR602,BATTERY(GTZ6V),NEW VARIO TECHNO PGM FI,302000.0
22011K1NV01,"PIECE SET,SLIDE",NEW SCOOPY PRESTIGE,28500.0
31926KRM841,SPARK PLUG CPR9EA9 (NGK),NEW SCOOPY PRESTIGE,23000.0
22123K2SN00,"ROLLER SET,WEIGHT",NEW SCOOPY PRESTIGE,59000.0
AHB6201RS,BEARING BALL (SET),VARIO 125 CBS,51400.0
22535GGC900,"WEIGHT SET, CLUTCH",VARIO 125 CBS,175500.0
082322MBK3LN9,"MPX2 10W30 SLMB 0,65L CAS",SCOOPY STYLISH ,50000.0
082322MAK0LN5,"MPX1 10W30 SLMA 0,8L CAS",NEW BLADE R 125 FI,57000.0
ACG10GR,AHM CVT GREASE 10 GR,NEW SCOOPY FASHION,15000.0
AHUB0001001,HRC24 RWB TRAVEL UMBRELLA,BeAT Sporty CBS,251000.0
AHTA0001011,HRC24 RWB SLING BAG,BeAT Sporty CBS,300000.0
17220KZR600,"ELEMENT SET, AIR CLEANER",VARIO TECHNO,59000.0
082322MBK2LN0,"MPX2 10W30 SLMB 0,8L REP O",NEW PCX 150 CBS,59000.0
082322MAK0LN1,"OLI MPX1 10W30 SL 0,8L IDE",REVO 110 SPOKE WHEEL,57000.0
53178K81N30,LEVER L STEERING HANDLE,ALL NEW SCOOPY STYLISH,45000.0
42711K93N02,TIRE RR TL (110/90-12),ALL NEW SCOOPY STYLISH,347000.0
44711K93N02,TIRE FR TL (100/90-12),ALL NEW SCOOPY STYLISH,287000.0
18318K59A10,"PROTECTOR, MUFFLER",VARIO 125 CBS-ISS MMC,49500.0
3370AK59A10,LIGHT RR COMB SET,VARIO 125 CBS-ISS MMC,227000.0
80100K59A10,FENDER REAR,VARIO 125 CBS-ISS MMC,193500.0
81142K01901,LATCH,PCX 160 ABS,73500.0
64321K1ZJ10ZC,"STEP,L FLOOR (BLK)",PCX 160 ABS,71500.0
81143K1ZJ10ZD,"BASE,INNER POCKET LID (BLK)",PCX 160 ABS,18000.0
64521K1ZJ10,"COVER,FR LOWER",PCX 160 ABS,49000.0
81131K1ZJ10ZC,"COVER,INNER (BLK)",PCX 160 ABS,88500.0
64432K1ZJ10ZS,"COVER,L FLOOR SIDE (MT SO RED)",PCX 160 ABS,434500.0
08113HFH000,HONDA FOLDABLE HOOK,BeAT Street,101000.0
ACG10GR,AHM CVT GREASE 10 GR,Beat Sporty,15000.0
ALF6201RS,BEARING BALL (SET),VARIO 150,99800.0
CC200ML,CARBON CLEANER 200ML,SUPRA X 125 HELM IN FI,45500.0
31926KRM841,SPARK PLUG CPR9EA9 (NGK),CB150R STREETFIRE,23000.0
08232M99K0LN5,"MPX2 10W30 SLMB 0,8L CAS",SCOOPY PRESTIGE,59000.0
44711K97N01,44711K97N02,NEW PCX 150 ABS,333300.0
22011K1NV01,"PIECE SET,SLIDE",VARIO 150,28500.0
51490GN5305,SEAL SET FR FORK,VARIO 150,88000.0
082322MBK8LN3,"MPX2 10W30 SLMB 0,65L NIP",BEAT SPORTY CW,50000.0
22011K81N00,"PIECE SET,SLIDE",BEAT FI CBS,18500.0
23100K44BA0,"BELT DRIVE, KIT",BEAT FI CBS,150000.0
22110K44V00,FACE COMP MOVABLE DRIVE,BEAT FI CBS,75500.0
082322MAK2LN0,"MPX1 10W30 SLMA 0,8L REP",REVO FIT FI,57000.0
08234M99K8LZ0,SCOOTER GEAR OIL-SYN120MLREP,BEAT SPORTY CBS ISS DELUXE,19500.0
08CLAH50500,HONDA M/C GENUINE COOLANT,VARIO 150 SPORTY,19500.0
082322MBK0LN1,"OLI MPX2 10W30 SL 0,8L IDE",ADV160 ABS,59000.0
44711K45N00TB,TIRE FR TL (100/80-17),ALL NEW CBR150R,415000.0
9410912000,"WASHER, DRAIN PLUG, 12MM",BeAT Sporty CBS ISS Deluxe,1500.0
082322MAK0LZ0,"MPX1 10W30 SLMA 0,8L REP",REVO FIT,57000.0
52400K81N01,CUSHION ASSY REAR,BEAT SPORTY CBS ISS,223000.0
11203KVB901,UNDER RUBBER BUSH REAR,BEAT SPORTY CBS ISS,13500.0
51401KZR601,SPRING FR FORK,BEAT SPORTY CBS ISS,24500.0
02722LCL19,BAUD / RING,BEAT SPORTY CBS ISS,6000.0
02722LCL22,BAUD / RING,BEAT SPORTY CBS ISS,9000.0
50352K59A10,"RUBBER, LINK STOPPER",BEAT SPORTY CBS ISS,11000.0
082322MBK2LN1,"MPX2 10W30 SLMB 0,65L IDE",BeAT Sporty CBS,0.0
02709lcl01,BAUT BODY,NEW SCOOPY PRESTIGE,9000.0
02734CL255,CLIP BODY PLUG,NEW SCOOPY PRESTIGE,15000.0
082322MBK0LN9,"MPX2 10W30 SLMB 0,8L FED",VARIO FI,39500.0
08234M99K8LZ0,SCOOTER GEAR OIL-SYN120MLREP,BEAT FI CW,19500.0
08234M99K8LZ0,SCOOTER GEAR OIL-SYN120MLREP,NEW VARIO 150,18135.0
082342MBK0LZ0,"SPX2 10W30 SLMB 0,8L REP",Beat Sporty,70500.0
80151K59A70ZD,"COVER, CENTER",VARIO 125 CBS,46000.0
81250K59A70,"BOX,LUGGAGE",VARIO 125 CBS,114500.0
17210K1AN00,"ELEMENT COMP,AIR/C",GENIO CBS,51500.0
31500KZR602,BATTERY(GTZ6V),NEW CB150R STREETFIRE,302000.0
44712KZT901,"TUBE, TIRE",BEAT CW FI MMC,46000.0
08232M99K0LN5,"MPX2 10W30 SLMB 0,8L CAS",NEW VARIO 125 CBS-ISS,59000.0
3501AK60B00,KEY SET ASSY,VARIO 150 MMC,277500.0
082322MBK3LN1,"MPX2 10W30 SLMB 0,65L IDE E",BEAT POP CW,50000.0
31100439891,GENERATOR AC,NEW VARIO 150,0.0
082322MAK2LN0,"MPX1 10W30 SLMA 0,8L REP",VERZA CAST WHEEL,57000.0
31500KZR601,BATTERY YTZ6-V,BEAT SPORTY CBS,332000.0
17873KST,KARET STANDAR TENGAH,VARIO 125 CBS-ISS MMC,10000.0
38502K59A11,"RELAY COMP,POWER",VARIO 125 CBS-ISS MMC,59000.0
35160KYZ901,SWITCH UNIT START,VARIO 125 CBS-ISS MMC,22500.0
91251KZR601,"DUST SEAL, 21X32X5",VARIO 125 CBS-ISS MMC,6600.0
ALF6201RS,BEARING BALL (SET),VARIO 125 CBS-ISS MMC,49900.0
91202K50T01,OIL SEAL 20.8X52X6X7.5,VARIO 110 CBS,6500.0
08232M99K0LN5,"MPX2 10W30 SLMB 0,8L CAS",PCX160 ABS,59000.0
91251KZR601,"DUST SEAL, 21X32X5",BeAT Sporty CBS,6600.0
52400K81N01,CUSHION ASSY REAR,BeAT Sporty CBS,223000.0
082322MAK1LN1,OLI MPX1 10W30 SL 1L IDE,SUPRA X,65500.0
HIC60ML,HONDA INJECTOR CLEANER,SCOOPY ESP,27500.0
22011K81N00,"PIECE SET,SLIDE",NEW BEAT CAST WHEEL,18500.0
082322MBK3LN1,"MPX2 10W30 SLMB 0,65L IDE E",SUPRA X,50000.0
HIC60ML,HONDA INJECTOR CLEANER,NEW VARIO 125 CBS-ISS,27500.0
16016K03H11,SCREW SET,NEW VARIO 125 CBS-ISS,13500.0
19200KWN901,"PUMP ASSY., WATER",NEW VARIO 125 CBS-ISS,284000.0
082322MBK3LN1,"MPX2 10W30 SLMB 0,65L IDE E",VARIO 125 CBS ISS SP,50000.0
31926KYT901,SPARK PLUG U27EPR-9 (DS),VARIO 125 CBS ISS SP,23000.0
06455KWB601,PAD SET FR,REVO CW FI,55000.0
08232M99K0LN5,"MPX2 10W30 SLMB 0,8L CAS",BEAT STREET,59000.0
43125KPH903,SHOE COMP BRAKE (NA),VARIO 125 CBS ISS SP,41500.0
17220KZR600,"ELEMENT SET, AIR CLEANER",VARIO 125 CBS ISS SP,59000.0
91202K50T01,OIL SEAL 20.8X52X6X7.5,REVO FIT,6500.0
082322MBK3LN9,"MPX2 10W30 SLMB 0,65L CAS",BeAT Sporty CBS ISS,50000.0
ACG10GR,AHM CVT GREASE 10 GR,BeAT Street,15000.0
HBF50ML,"BRAKE,FLUID",SCOOPY,8500.0
45530KVY911,CYLINDER SET MASTER,SCOOPY,77000.0
17210K1AN00,"ELEMENT COMP,AIR/C",SCOOPY,51500.0
082342MBK8LZ0,"SPX2 10W30 SLMB 0,65L REP",SCOOPY,61500.0
ACG10GR,AHM CVT GREASE 10 GR,NEW SCOOPY SPORTY,15000.0
HPC480ML,HONDA PARTS CLEANER,NEW SCOOPY SPORTY,40000.0
082322MAK0LN1,"OLI MPX1 10W30 SL 0,8L IDE",NEW SUPRA X 125 CW FI MMC,57000.0
082322MBK2LN9,"MPX2 10W30 SLMB 0,8L FED",BEAT SPORTY CBS,59000.0
AHTS0201048,HRC23 ELGNT NAVY TSHIRT L,NEW SCOOPY STYLISH,140000.0
12391KWWA80,"GASKET, HEAD COVER",REVO FIT,74500.0
91007KWB601,BRG BALL RADIAL 6904,REVO FIT,39000.0
08203RIPETBS,TALI RIPET PANJANG,REVO FIT,4000.0
08203LCLMANGKOK,MANGKOK KOPLING,REVO FIT,100000.0
8203SULING,SULING SULING ,REVO FIT,30000.0
22804GB2880,RUBBER CLUTCH DAMPER,REVO FIT,12000.0
14541GB4682,SPRING TENSIONER,REVO FIT,2000.0
HB6201RS,"BEARING, BALL",REVO FIT,52000.0
8203KETENG,RANTE KETENG KWB,REVO FIT,70000.0
31926KWB601, SPARK PLUG U20EPR9S (DS),REVO FIT,21000.0
22530KFLD00,WEIGHT PRIM CLUTCH,REVO FIT,184500.0
31500KZR602,BATTERY(GTZ6V),VARIO 125 CBS MMC,302000.0
082322MBK0LZ1,"OLI MPX2 10W30 SL 0,8L IDE",VARIO 125 CBS MMC,58500.0
08234M99K8LZ0,SCOOTER GEAR OIL-SYN120MLREP,VARIO 125 CBS MMC,19500.0
HBF50ML,"BRAKE,FLUID",VARIO 125 CBS MMC,8500.0
31500KPH881,BATTERY GTZ5S GS,SUPRA X 125 CW MMC,248000.0
06535GN5505,RACE STEERING KIT,SUPRA X 125 CW MMC,103000.0
ACG10GR,AHM CVT GREASE 10 GR,SUPRA X 125 CW MMC,15000.0
ACG10GR,AHM CVT GREASE 10 GR,BLADE S,15000.0
31919K25602,SPARK PLUG U27EPR-N9 (DS),VARIO 125 CBS,24500.0
TBC500ML,THROTTLE BODY CLEANER 500ML,VARIO 125 CBS,35500.0
23100K0JBA0,BELT DRIVE KIT,BeAT Street,130500.0
082322MBK0LN1,"OLI MPX2 10W30 SL 0,8L IDE",REVO,59000.0
22100KWN900,OUTER COMP CLUTCH,PCX 160 CBS,130000.0
ACG10GR,AHM CVT GREASE 10 GR,VARIO 125 CBS ISS,15000.0
082342MBK0LZ0,"SPX2 10W30 SLMB 0,8L REP",ALL NEW SCOOPY STYLISH,70500.0
34901K81N01,BULB HEAD LIGHT,BeAT Sporty CBS,34500.0
43125KPH903,SHOE COMP BRAKE (NA),REVO FIT FI,41500.0
082322MAK0LN5,"MPX1 10W30 SLMA 0,8L CAS",REVO FIT FI,57000.0
082322MBK8LZ0,"MPX2 10W30 SLMB 0,8L REP",BEAT SPORTY CBS,59000.0
35148K78N10,BATTERY,NEW PCX 150 CBS,14500.0
31918K97T01,SPARK PLUG MR8K9 (NGK),NEW PCX 150 CBS,24000.0
22804148000,RUBBER CLUTCH DUMPER,NEW PCX 150 CBS,5500.0
22401KVB900,SPRING CLUTCH,NEW PCX 150 CBS,9500.0
22535GGC900,"WEIGHT SET, CLUTCH",NEW PCX 150 CBS,175500.0
082322MBK2LN0,"MPX2 10W30 SLMB 0,8L REP O",VARIO 110 CBS,59000.0
23100K44BA0,"BELT DRIVE, KIT",VARIO 110 CBS,150000.0
23100K0JN01,"BELT,DRIVE",GENIO CBS,101000.0
30700KZL931,CAP ASSY NOISE SUPPRESSOR,SUPRA X 125 HELM IN FI,35500.0
17210K1AN00,"ELEMENT COMP,AIR/C",BeAT Sporty CBS ISS Deluxe,51500.0
23100K1ABA0,"BELT DRIVE, KIT",BeAT Sporty CBS ISS Deluxe,123000.0
43130KZL930,BRAKE SHOE,SPACY CW HELM IN FI,55500.0
53100K15920ZA,PIPE STEERING HANDLE,CB150R STREETFIRE SPECIAL,81500.0
31500KZR602,BATTERY(GTZ6V),PCX,302000.0
23100K1AN23,"BELT,DRIVE",NEW SCOOPY PRESTIGE,93000.0
17210K59A70,"ELEMENT COMP,AIR/C",VARIO 150,63000.0
53178K81N30,LEVER L STEERING HANDLE,VARIO 150,45000.0
16677SS8175,OLI SHOCK,VARIO 125 CBS,28000.0
22535KWN901,WEIGHT SET CLUTCH,VARIO 150,159500.0
91202K50T01,OIL SEAL 20.8X52X6X7.5,BeAT Street,6500.0
082322MBK3LN1,"MPX2 10W30 SLMB 0,65L IDE E",VARIO 125 CBS,50000.0
HBF50ML,"BRAKE,FLUID",BEAT FI CBS,8500.0
ACG10GR,AHM CVT GREASE 10 GR,NEW PCX 150 ABS,15000.0
91202KVB901,OIL SEAL 20.8X52X7.5,NEW PCX 150 ABS,8700.0
082342MAK1LZ0,SPX1 10W30 SLMA 1L REP,CRF150L,77500.0
082322MBK0LN1,"OLI MPX2 10W30 SL 0,8L IDE",BEAT,59000.0
082322MAK1LZ1,OLI MPX1 10W30 SL 1L IDE,VERZA SPOKE WHEEL,65000.0
082322MBK0LN9,"MPX2 10W30 SLMB 0,8L FED",VARIO TECHNO 125 FI CBS,39500.0
44830KVBT00,"CABLE COMP,SPDMT",NEW SCOOPY FI,39000.0
17210K03N30,"ELEMEN COMP, AIR/C",NEW SUPRA X 125 CW FI MMC,51000.0
06455K56N01,"PAD SET, FR. BRAKE",NEW SUPRA X 125 CW FI MMC,59500.0
08232M99K0LN5,"MPX2 10W30 SLMB 0,8L CAS",NEW SCOOPY FASHION,59000.0
35148K78N10,BATTERY,VARIO 150,14500.0
AHTS0101048,HRC23 ELGNT NAVY TSHIRT M,BeAT Street,140000.0
31919K25602,SPARK PLUG U27EPR-N9 (DS),BeAT Street,24500.0
52400K97305,"CUSHION ASSY,REAR",SCOOPY FI,301500.0
91255KGH901,OIL SEAL (26X37X10.5),BEAT FI SW,34000.0
082322MAK1LN1,OLI MPX1 10W30 SL 1L IDE,CB150 VERZA CW,65500.0
11395K56V50,"GASKET,L CRANKCASE COVER",BeAT Sporty CBS,5000.0
52400K59A11,CUSHION ASSY RR,VARIO 125 CBS,246000.0
06535GN5505,RACE STEERING KIT,VARIO 125 CBS,103000.0
12209K56N01,"SEAL, VALVE STEM(NOK)",NEW PCX 150 ABS,4500.0
00200LCL01,INJECTOR CLEANER,VARIO 150,100000.0
06401K41N01,DRIVE CHAIN KIT,SUPRA X 125 CW MMC,225000.0
08294M99Z8YN1,SCOOTER GEAR OIL (120ML) IDE,VARIO ESP CBS MMC,16500.0
082322MBK0LN1,"OLI MPX2 10W30 SL 0,8L IDE",VARIO ESP CBS MMC,59000.0
34906KET940,BULB TAILLIGHT,BEAT SPORTY CW,16000.0
06455KVBT01,PAD SET FR,VARIO 160 ABS,60500.0
42711K59A12,TIRE RR TL (90/90-14),All New Scoopy Stylish Plus,297000.0
17210K16900,"ELEMENT COMP., AIR CLEANER",All New Scoopy Stylish Plus,53500.0
43151329001,SPRING RR BRAKE,All New Scoopy Stylish Plus,7000.0
43130KZL930,BRAKE SHOE,All New Scoopy Stylish Plus,55500.0
06430K44V80,"SHOE SET,BRAKE",BeAT Street,57500.0
082322MBK2LN0,"MPX2 10W30 SLMB 0,8L REP O",ALL NEW SCOOPY STYLISH,59000.0
34901KFVB51,BULB HEADLIGHT (12V 25/25W),NEW BEAT CAST WHEEL,19000.0
42711K93N02,TIRE RR TL (110/90-12),NEW SCOOPY FASHION JKT,347000.0
31928MFFD01, SPARK PLUG U24EPR9 (DS),VERZA CAST WHEEL,20000.0
31500KZR602,BATTERY(GTZ6V),PCX 160 ABS,302000.0
43130KZL930,BRAKE SHOE,BEAT FI CW,55500.0
31500KZR602,BATTERY(GTZ6V),NEW VARIO 150,302000.0
43130KZL930,BRAKE SHOE,New Vario 150,55500.0
082322MBK0LN1,"OLI MPX2 10W30 SL 0,8L IDE",New Vario 150,59000.0
08294M99Z8YN1,SCOOTER GEAR OIL (120ML) IDE,New Vario 150,16500.0
23100K35BA0,"BELT DRIVE, KIT",NEW VARIO 150,175000.0
44711K59A12,TIRE FR TL (80/90-14),BEAT SPORTY CW,263000.0
17210K93N00,"ELEMENT COMP., AIR CLEANER",BEAT SPORTY CW,63500.0
31926KRM841,SPARK PLUG CPR9EA9 (NGK),NEW PCX 150 ABS,23000.0
34908MB9871,BULB W BASE,BEAT SPORTY CW,3500.0
44711KVB930,44711KVB931,BEAT SPORTY CBS ISS,133500.0
43130KZL930,BRAKE SHOE,BEAT SPORTY CBS ISS,55500.0
51490KGH901,SEAL SET FR FORK,VARIO 125 CBS ISS,58000.0
08294M99Z8YZ1,SCOOTER GEAR OIL (120ML) IDE,VARIO 125 CBS ISS,16500.0
082322MAK0LN1,"OLI MPX1 10W30 SL 0,8L IDE",NEW BLADE 125 FI R STD,57000.0
06455KWB601,PAD SET FR,NEW BLADE 125 FI R STD,55000.0
06455KWB601,PAD SET FR,SONIC 150R,55000.0
06783LCL10,PENTIL TUBLES,NEW VARIO 125 CBS,10000.0
ACG10GR,AHM CVT GREASE 10 GR,NEW VARIO 150,15000.0
SS8175ML,OIL SHOCK,CB150R STREETFIRE SPECIAL,29500.0
52400K97305,"CUSHION ASSY,REAR",PCX 150,301500.0
082342MBK0LZ0,"SPX2 10W30 SLMB 0,8L REP",VARIO ESP CBS ADV MMC,70500.0
31919K25602,SPARK PLUG U27EPR-N9 (DS),VARIO ESP CBS ADV MMC,24500.0
08232M99K0LN5,"MPX2 10W30 SLMB 0,8L CAS",NEW SCOOPY SPORTY,59000.0
22011K81N00,"PIECE SET,SLIDE",BEAT,18500.0
08CLAH50500,HONDA M/C GENUINE COOLANT,VARIO CAST WHEEL,19500.0
31916KRM841,SPARK PLUG CPR8EA9 (NGK),BEAT SPORTY CBS,23000.0
082322MAK1LN1,OLI MPX1 10W30 SL 1L IDE,Verza,65500.0
082322MBK0LN9,"MPX2 10W30 SLMB 0,8L FED",BEAT CW FI MMC,39500.0
131A1K81P00,PISTON KIT STD,BEAT POP ESP CBS PIXEL,114000.0
082322MBK0LN1,"OLI MPX2 10W30 SL 0,8L IDE",BEAT POP ESP CBS PIXEL,59000.0
12191K44V00,"GASKET, CYLINDER",BEAT POP ESP CBS PIXEL,9700.0
12100K25600,CYLINDER COMP.,BEAT POP ESP CBS PIXEL,445500.0
22100KVY900,OUTER COMP CLUTCH,BEAT FI SW,88000.0
31500KZR602,BATTERY(GTZ6V),VARIO 125 CBS ISS SP,302000.0
082322MAK8LN1,"OLI MPX1 10W30 SL 1,2L IDE",CB150 VERZA CW,73500.0
082322MBK0LN9,"MPX2 10W30 SLMB 0,8L FED",VARIO 150 MMC,39500.0
10176LCL25,MUR 39,VARIO 150 MMC,10000.0
08294M99Z8YN1,SCOOTER GEAR OIL (120ML) IDE,BEAT STREET,16500.0
91005KVBN50,"BRG,COMP DRIVE SHAFT",BEAT FI SW,39500.0
00200LCL03,BOHLAM SENJA,NEW SCOOPY FI,5000.0
80105K93N00,FENDER RR,ALL NEW SCOOPY STYLISH,96500.0
53175KVGA21,LEVER R STRG HDL,NEW VARIO 150,53500.0
082322MBK0LN1,"OLI MPX2 10W30 SL 0,8L IDE",BEAT POP CW,59000.0
31926KRM841,SPARK PLUG CPR9EA9 (NGK),NEW VARIO ESP CBS ADVANCE,23000.0
17210K0JN00,"ELEMENT COMP,AIR/C",NEW SCOOPY FASHION,55000.0
91202KWN901,"OIL SEAL,26X45X6",SCOOPY FI,10500.0
31500KWWA02,BATTERY YTZ4-V,SCOOPY,253500.0
082322MBK2LN1,"MPX2 10W30 SLMB 0,65L IDE",SCOOPY,49500.0
08294M99Z8YN1,SCOOTER GEAR OIL (120ML) IDE,VARIO TECHNO 125 CBS ISS,16500.0
44830KVBT00,"CABLE COMP,SPDMT",SPACY CW HELM IN FI,39000.0
082322MBK0LZ1,"OLI MPX2 10W30 SL 0,8L IDE",BEAT STREET,58500.0
082342MBK0LZ0,"SPX2 10W30 SLMB 0,8L REP",NEW SCOOPY SPORTY,70500.0
08294M99Z8YN1,SCOOTER GEAR OIL (120ML) IDE,ADV150 CBS,16500.0
082322MBK0LN9,"MPX2 10W30 SLMB 0,8L FED",NEW VARIO 125 CBS-ISS,39500.0
08294M99Z8YZ1,SCOOTER GEAR OIL (120ML) IDE,BEAT FI CBS,16500.0
38502GGZJ01,RELAY COMP POWER,BEAT FI CBS,55000.0
31926KWB601, SPARK PLUG U20EPR9S (DS),REVO FIT FI,21000.0
30700KPH881,CAP ASSY NOISE SUPPRESSOR,REVO FIT FI,50500.0
08CLAH50500,HONDA M/C GENUINE COOLANT,BEAT SPORTY CBS ISS,19500.0
AHTS0401048,HRC23 ELGNT NAVY TSHIRT XXL,BeAT Sporty CBS ISS Deluxe,110000.0
35340KWB601,SWITCH FR STOP ASSY,NEW SUPRA X 125 CW FI MMC,55500.0
17210K29900,ELEMENT COMP AIR CLEANER LBL,PCX 160 CBS,120000.0
52400K25901,CUSHION ASSY RR,BEAT SPORTY CW,264500.0
2212AK44V00,ROLLER WEIGHT SET,BEAT SPORTY CBS,55000.0
06455KWB601,PAD SET FR,REVO FIT,55000.0
082322MAK0LN1,"OLI MPX1 10W30 SL 0,8L IDE",SUPRA X 125 SW MMC,57000.0
082322MAK0LZ1,"OLI MPX1 10W30 SL 0,8L IDE",SUPRA X 125 CW MMC,56500.0
082342MAK8LZ0,"SPX1 10W30 SLMA 1,2L REP",NEW PCX 150,90000.0
082322MAK2LN0,"MPX1 10W30 SLMA 0,8L REP",REVO,57000.0
082322MBK0LN1,"OLI MPX2 10W30 SL 0,8L IDE",BEAT POP CBS ISS,59000.0
11103KVB930,"RUB.BUSH,ENG.HANGER",NEW VARIO 150,35000.0
22804148000,RUBBER CLUTCH DUMPER,NEW VARIO 150,16500.0
06430KWN900,"SHOE SET,BRAKE",VARIO 150,78500.0
42711K59A72,TIRE RR TL (100/80-14),VARIO 150,345000.0
06435KSPB01,PAD SET RR,CBR 150R ABS,69500.0
HPC480ML,HONDA PARTS CLEANER,NEW VARIO 150,40000.0
TBC500ML,THROTTLE BODY CLEANER 500ML,BeAT Sporty CBS ISS Deluxe,35500.0
51490GN5305,SEAL SET FR FORK,BeAT Sporty CBS ISS Deluxe,88000.0
44711K59A12,TIRE FR TL (80/90-14),VARIO 150,263000.0
16707GGZJ01,FILTER SET,VARIO 150,195000.0
082342MAK8LZ0,"SPX1 10W30 SLMA 1,2L REP",NEW CBR 150R ABS,90000.0
44830KVY721,"CABLE COMP,SPDMT",BEAT FI CW,39500.0
16695BAUDCOVER,BAUD COVER,SCOOPY PRESTIGE,6000.0
082342MBK0LZ0,"SPX2 10W30 SLMB 0,8L REP",NEW VARIO ESP CBS,70500.0
91202K50T01,OIL SEAL 20.8X52X6X7.5,NEW VARIO ESP CBS,6500.0
18318K46N00,PROTECTOR MUFFLER,NEW VARIO ESP CBS,51500.0
52400K25901,CUSHION ASSY RR,NEW VARIO ESP CBS,264500.0
08CLAH50500,HONDA M/C GENUINE COOLANT,NEW VARIO 125 CBS ISS,19500.0
22011K1AN00,"PIECE SET,SLIDE",BeAT Sporty CBS,15500.0
082322MBK0LN9,"MPX2 10W30 SLMB 0,8L FED",BeAT Sporty CBS,39500.0
23100KZR601,"BELT, DRIVE",VARIO 125 CBS,155000.0
082322MBK0LN1,"OLI MPX2 10W30 SL 0,8L IDE",NEW PCX 150 CBS,59000.0
ALF6201RS,BEARING BALL (SET),NEW PCX 150 CBS,49900.0
22535KWN901,WEIGHT SET CLUTCH,PCX 160 ABS,159500.0
23238KZR600,"COLLAR, SPRING",PCX 160 ABS,13500.0
22804148000,RUBBER CLUTCH DUMPER,PCX 160 ABS,16500.0
44711K97N01,44711K97N02,NEW PCX 150 CBS,333300.0
082322MAK0LZ0,"MPX1 10W30 SLMA 0,8L REP",SUPRA X,57000.0
35170KWWA01,SWITCH UNIT DIMMER,SUPRA X 125 CW MMC,22000.0
2751700000NR00,TUBE TIRE (2.75-17),SUPRA X 125 CW MMC,51000.0
31926KYT901,SPARK PLUG U27EPR-9 (DS),SUPRA X 125 CW MMC,23000.0
15523LCLPKTIJK,PAKET INJEKTOR + CAIRAN,SUPRA X 125 CW MMC,50000.0
31500KWWA01,BATTERY GTZ4V,VARIO FI,241000.0
06141KWB505,CAM CHAIN KIT,REVO FIT,59000.0
082342MBK8LZ0,"SPX2 10W30 SLMB 0,65L REP",BEAT SW FI MMC,61500.0
31500KPH881,BATTERY GTZ5S GS,BEAT SW FI MMC,248000.0
22110GFM960,"FACE COMP., MOVABLE DRIVE",BEAT CW FI MMC,82000.0
08232M99K0LN5,"MPX2 10W30 SLMB 0,8L CAS",BEAT CW FI MMC,59000.0
34901K25600,BULB HEAD LIGHT,BEAT CW FI MMC,43000.0
9410912000,"WASHER, DRAIN PLUG, 12MM",BEAT CW FI MMC,1500.0
91255KGH901,OIL SEAL (26X37X10.5),BEAT SPORTY CW,34000.0
43450K81N21,CABLE COMP RR BRK,BEAT POP CW,66000.0
082322MBK0LN9,"MPX2 10W30 SLMB 0,8L FED",VARIO 125 CBS,39500.0
06435KPP901,PAD SET RR,SUPRA X 125 CW MMC,51500.0
082322MAK0LN5,"MPX1 10W30 SLMA 0,8L CAS",SUPRA X 125 R DD,57000.0
34901K25600,BULB HEAD LIGHT,BEAT SPORTY CBS ISS,43000.0
51490GN5305,SEAL SET FR FORK,NEW VARIO 125 CBS,44000.0
51410KZLA01,PIPE COMP FR FORK,NEW VARIO 125 CBS,148500.0
SS8175ML,OIL SHOCK,NEW VARIO 125 CBS,29500.0
CC200ML,CARBON CLEANER 200ML,VARIO 160 ABS,45500.0
9410912000,"WASHER, DRAIN PLUG, 12MM",NEW VARIO 150,1500.0
02753LCL12,DSM,BEAT SPORTY CW,40000.0
082322MAK0LN5,"MPX1 10W30 SLMA 0,8L CAS",SUPRA X 125 CW MMC,57000.0
082322MAK3LN0,MPX1 10W30 SLMA 1L REP,CRF150L,65500.0
37211K2FN01,LENS ASSY,NEW SCOOPY PRESTIGE,31500.0
06435K97N01,PAD SET RR BRAKE,PCX 160 CBS,132500.0
23100K1ZBA0,"BELT DRIVE, KIT",PCX 160 CBS,208500.0
082342MAK8LZ0,"SPX1 10W30 SLMA 1,2L REP",ALL NEW CBR 150R,90000.0
91202K0JN01,OIL SEAL 19.5X31.5X6,BeAT Sporty CBS,24000.0
45530KVY911,CYLINDER SET MASTER,BeAT Sporty CBS,77000.0
31928MFFD01, SPARK PLUG U24EPR9 (DS),BEAT STREET CBS,20000.0
17210K0JN00,"ELEMENT COMP,AIR/C",BEAT STREET CBS,55000.0
06535GN5505,RACE STEERING KIT,VARIO 125 CBS ISS,103000.0
HPC480ML,HONDA PARTS CLEANER,BEAT SPORTY CBS,40000.0
HB6204,"BEARING,BALL",BEAT SPORTY CW,27200.0
02722LCL17,BAUD / RING,ALL NEW SCOOPY SPORTY,4000.0
17572GHB602,"O-RING, FUEL PUMP",VARIO 125 CBS,17500.0
14520KSS901,LIFTER ASSY. TENSIONER,VARIO 125 CBS,390000.0
16450K59A11,INJECTOR ASSY FUEL,VARIO 125 CBS,338500.0
SS8175ML,OIL SHOCK,ALL NEW SCOOPY STYLISH,29500.0
06535GN5505,RACE STEERING KIT,ALL NEW SCOOPY STYLISH,103000.0
17210KZR600,"ELEMENT COMP, AIR CLEANER",NEW VARIO 125 CBS,56500.0
23100K35V01,BELT DRIVE,NEW VARIO 125 CBS,139000.0
03512HDL000,HONDA DISC LOCK,NEW SCOOPY STYLISH,107500.0
22103K44V00,WASHER 15X25X2,VARIO 150,7000.0
31916KRM841,SPARK PLUG CPR8EA9 (NGK),NEW BEAT CAST WHEEL,23000.0
30700KVY961,CAP ASSY NOISE SUPPRESSOR,NEW BEAT CAST WHEEL,56500.0
17910K50T01,"CABLE COMP A,THROT",BEAT POP CBS ISS,103500.0
ACG10GR,AHM CVT GREASE 10 GR,ADV150 ABS,15000.0
44711K93N02,TIRE FR TL (100/90-12),BEAT STREET CBS,287000.0
06455KVBT01,PAD SET FR,BEAT STREET CBS,60500.0
17210K93N00,"ELEMENT COMP., AIR CLEANER",NEW SCOOPY SPORTY,63500.0
31919K25602,SPARK PLUG U27EPR-N9 (DS),NEW SCOOPY SPORTY,24500.0
23100K35BA0,"BELT DRIVE, KIT",NEW VARIO 125 CBS,175000.0
22011KWN900,"PIECE SET,SLIDE",NEW VARIO 125 CBS,25000.0
34905GM9003,BULB WINKER,NEW VARIO TECHNO PGM FI,18000.0
35170KYZ901,SWITCH UNIT DIMMER,NEW VARIO TECHNO PGM FI,17500.0
9410912000,"WASHER, DRAIN PLUG, 12MM",REVO X,1500.0
082322MBK0LN9,"MPX2 10W30 SLMB 0,8L FED",BEAT FI CW,39500.0
9640,MINYAK REM,BeAT Sporty CBS,9750.0
31926KYT901,SPARK PLUG U27EPR-9 (DS),BeAT Sporty CBS,22475.0
91015KVB901,"BRG, BALL RADIAL 6204",BeAT Sporty CBS,38610.0
08232M99K0LN5,"MPX2 10W30 SLMB 0,8L CAS",SUPRA FIT D,59000.0
17220KZR600,"ELEMENT SET, AIR CLEANER",NEW VARIO TECHNO PGM FI,59000.0
31926KYT901,SPARK PLUG U27EPR-9 (DS),NEW VARIO TECHNO PGM FI,23000.0
08234M99K8LZ0,SCOOTER GEAR OIL-SYN120MLREP,NEW BEAT CAST WHEEL,19500.0
31928MFFD01, SPARK PLUG U24EPR9 (DS),NEW BEAT CAST WHEEL,20000.0
42711K1ZNA1,"TIRE,RR (SRI)",PCX 160 ABS,435000.0
23100KVBBA0,BELT DRIVE KIT,NEW VARIO,183000.0
ACG10GR,AHM CVT GREASE 10 GR,NEW VARIO,15000.0
22011K0JN00,"PIECE SET,SLIDE",NEW SCOOPY STYLISH,16500.0
22535K44V00,WEIGHT SET CLUTCH,NEW SCOOPY STYLISH,127000.0
23100K0JBA0,BELT DRIVE KIT,NEW SCOOPY STYLISH,130500.0
44711K93N02,TIRE FR TL (100/90-12),NEW SCOOPY STYLISH,287000.0
51410K0JN01,"PIPE COMP,FR FORK",NEW SCOOPY STYLISH,113000.0
082322MBK3LN9,"MPX2 10W30 SLMB 0,65L CAS",NEW SCOOPY STYLISH,50000.0
91202KJ9003,OIL SEAL 20X32X6,NEW SCOOPY STYLISH,8500.0
51490KGH901,SEAL SET FR FORK,NEW SCOOPY STYLISH,116000.0
SS8175ML,OIL SHOCK,NEW SCOOPY STYLISH,29500.0
31500KZR602,BATTERY(GTZ6V),ALL NEW CB150R STREETFIRE,302000.0
9410912000,"WASHER, DRAIN PLUG, 12MM",PCX160 ABS,1500.0
08CLAH50500,HONDA M/C GENUINE COOLANT,PCX160 ABS,19500.0
OSC70ML,OIL SYSTEM CLEANER 70ML,SCOOPY STYLISH,30000.0
31500KWWA01,BATTERY GTZ4V,BeAT Sporty CBS ISS Deluxe,241000.0
06455K46N21,"PAD SET, FR. BRAKE",BeAT Sporty CBS ISS Deluxe,62000.0
14401K1AN01,"CHAIN,CAM",BeAT Sporty CBS ISS Deluxe,87000.0
23100K1AN23,"BELT,DRIVE",BeAT Sporty CBS ISS Deluxe,93000.0
16700K0JN01,"UNIT ASSY,FUEL PUMP",BeAT Sporty CBS ISS Deluxe,389000.0
34901KFVB51,BULB HEADLIGHT (12V 25/25W),BEAT CW FI MMC,19000.0
082342MBK0LZ0,"SPX2 10W30 SLMB 0,8L REP",VARIO 110 CBS ISS,70500.0
34906GB6921,BULB TAILLIGHT,VARIO 110 CBS ISS,12500.0
02722LCL16,BAUD / RING,VARIO 125 CBS,3000.0
23233KZR600,"SPRING, DRIVEN FACE",VARIO 125 CBS,45000.0
22100KWN900,OUTER COMP CLUTCH,VARIO 125 CBS,130000.0
91109KVY901,BRG NEEDLE 20X29X18,VARIO 125 CBS,48500.0
91005KVBN50,"BRG,COMP DRIVE SHAFT",VARIO 125 CBS,39500.0
91351642000,O-RING PINION CAP,VARIO 125 CBS,13000.0
23224KZR600,"FACE SET, MOVABLE DRIVEN",VARIO 125 CBS,149000.0
91211K44V01,SEAL DRIVEN FACE 34X41X4,VARIO 125 CBS,31000.0
91009KVY961,BRG BALL RADIAL 6902U,VARIO 125 CBS,31500.0
91109KVY901,BRG NEEDLE 20X29X18,BeAT Street,48500.0
91009KVY961,BRG BALL RADIAL 6902U,BeAT Street,31500.0
31500KZR602,BATTERY(GTZ6V),NEW SUPRA GTR150 EXCLUSIVE,302000.0
31500KZR602,BATTERY(GTZ6V),PCX 160 CBS,302000.0
64310K1AN00ZA,"STEP,FLOOR (BLACK)",BeAT Sporty CBS ISS,66500.0
81141K1AN00ZA,"COVER,INNER LOWER (BLACK)",BeAT Sporty CBS ISS,82000.0
64340K1AN00ZA,"COVER,UNDER (BLACK)",BeAT Sporty CBS ISS,83500.0
22100K0WNA0,"OUTER COMP,CLUTCH",PCX 160 ABS,148000.0
06455KVBT01,PAD SET FR,BEAT SPORTY CBS ISS,60500.0
082322MBK3LN1,"MPX2 10W30 SLMB 0,65L IDE E",NEW BEAT SPOKE WHEEL,50000.0
082322MBK0LN1,"OLI MPX2 10W30 SL 0,8L IDE",VARIO TECHNO NON CBS,59000.0
06455KWB601,PAD SET FR,SUPRA X 125 HELM IN FI,55000.0
082322MBK0LN9,"MPX2 10W30 SLMB 0,8L FED",NEW SCOOPY FI,39500.0
06307LCL04,INJECTOR CLEANER,PCX 160 CBS,50000.0
22100K0WNA0,"OUTER COMP,CLUTCH",PCX 160 CBS,148000.0
22535KWN901,WEIGHT SET CLUTCH,PCX,159500.0
22011KWN900,"PIECE SET,SLIDE",PCX,25000.0
23100K1ZN21,"BELT,DRIVE",PCX,167500.0
082322MAK1LZ1,OLI MPX1 10W30 SL 1L IDE,MEGA PRO CW,65000.0
42711K59A12,TIRE RR TL (90/90-14),SCOOPY FI,297000.0
13396LCL62,BAUD GANTUNGAN BARANG,NEW SCOOPY PRESTIGE,5000.0
08113HFH000,HONDA FOLDABLE HOOK,NEW SCOOPY PRESTIGE,101000.0
44711K59A12,TIRE FR TL (80/90-14),BEAT CW FI MMC,263000.0
06455KVBT01,PAD SET FR,BEAT CW FI MMC,60500.0
06430K44V80,"SHOE SET,BRAKE",BEAT CW FI MMC,57500.0
31919K25602,SPARK PLUG U27EPR-N9 (DS),ALL NEW SCOOPY SPORTY,24500.0
06430K44V80,"SHOE SET,BRAKE",GENIO CBS ISS,57500.0
43130KZL930,BRAKE SHOE,NEW VARIO 125 CBS-ISS,55500.0
06535KTR900,RACE STEERING KIT,NEW CBR 150R,104500.0
10147LCL51,KARBU CLEANER,REVO FIT,5000.0
44830KWWA00,"CABLE COMP, SPDMT",SUPRA X 125 CW MMC,46000.0
08234M99K8LZ0,SCOOTER GEAR OIL-SYN120MLREP,VARIO TECHNO,19500.0
9805957927, SPARK PLUG U22FER9 (DS),VARIO TECHNO,30500.0
31500KZR602,BATTERY(GTZ6V),VARIO 150,302000.0
08CLAH50500,HONDA M/C GENUINE COOLANT,VARIO 125 CBS ISS SP,19500.0
31500KPH881,BATTERY GTZ5S GS,Beat Sporty,248000.0
17210KVY960,ELEMENT COMP A/C,Beat Sporty,56500.0
31928MFFD01, SPARK PLUG U24EPR9 (DS),Beat Sporty,20000.0
42711K59A12,TIRE RR TL (90/90-14),Beat Sporty,297000.0
082322MBK8LN3,"MPX2 10W30 SLMB 0,65L NIP",BEAT SPORTY CBS ISS,50000.0
22123K0JN00,"ROLLER SET,WEIGHT",NEW SCOOPY PRESTIGE,42000.0
082322MBK0LN9,"MPX2 10W30 SLMB 0,8L FED",BEAT FI CBS,39500.0
91202K0JN01,OIL SEAL 19.5X31.5X6,BEAT CW FI MMC,24000.0
2212AK36T00,ROLLER WEIGHT SET,BEAT CW FI MMC,54000.0
082322MAK0LN5,"MPX1 10W30 SLMA 0,8L CAS",SUPRA X 125 SW MMC,57000.0
31500KZR602,BATTERY(GTZ6V),NEW PCX 150 ABS,302000.0
08CLAH50500,HONDA M/C GENUINE COOLANT,VARIO TECHNO 125 FI CBS,19500.0
1210AKZR600,CYLINDER COMP,VARIO TECHNO 125 FI CBS,308500.0
12209GB4682,SEAL VLV. STEM,VARIO TECHNO 125 FI CBS,12000.0
12251KZR601,"GASKET, CYLINDER HEAD",VARIO TECHNO 125 FI CBS,24000.0
31926KYT901,SPARK PLUG U27EPR-9 (DS),VARIO TECHNO 125 FI CBS,23000.0
12191KZR600,GASKET CYLINDER,VARIO TECHNO 125 FI CBS,13500.0
TBC500ML,THROTTLE BODY CLEANER 500ML,VARIO TECHNO 125 FI CBS,35500.0
08234M99K8LZ0,SCOOTER GEAR OIL-SYN120MLREP,PCX160 RoadSync,19500.0
HB6204,"BEARING,BALL",NEW SCOOPY STYLISH,27200.0
23237GCCC50,COLLAR SEAL,NEW BEAT CAST WHEEL,27500.0
23225GW3000,"PIN, ROLLER GUIDE",NEW BEAT CAST WHEEL,27000.0
23224KVY900,FACE SET MOVEABLE DRIVEN,NEW BEAT CAST WHEEL,243500.0
23226GCCC50,"ROLLER, GUIDE",NEW BEAT CAST WHEEL,28500.0
91351GR1000,O-RING 38.5X2,NEW BEAT CAST WHEEL,9000.0
91211GFC771,OIL SEAL 34X39X3,NEW BEAT CAST WHEEL,24000.0
23205KVY900,FACE SET DRIVEN,NEW BEAT CAST WHEEL,228000.0
30400K60B71,ENG CONTROL UNIT,VARIO 125 CBS,1275000.0
082322MBK3LN1,"MPX2 10W30 SLMB 0,65L IDE E",VARIO 150 SPORTY,50000.0
06455KPP901,PAD SET FR,VERZA CAST WHEEL,53000.0
17211K18900,"ELEMENT COMP., A/C",VERZA CAST WHEEL,59000.0
06910LCL20,CARBUCLINER,NEW VARIO 125 CBS,5000.0
06910LCL01,Injector Cleaner Super One,NEW VARIO 125 CBS,20000.0
31919K25602,SPARK PLUG U27EPR-N9 (DS),NEW VARIO 125 CBS,24500.0
42711K59A72,TIRE RR TL (100/80-14),BEAT FI SW,345000.0
44711K59A72,TIRE FR TL (90/80-14),BEAT FI SW,298000.0
44830KWWA00,"CABLE COMP, SPDMT",REVO FIT,43700.0
44800KWB600,BOX SPEEDOMETER GEAR ASSY,REVO FIT,70775.0
22804148000,RUBBER CLUTCH DUMPER,NEW SCOOPY PRESTIGE,16500.0
ACG10GR,AHM CVT GREASE 10 GR,NEW SCOOPY PRESTIGE,15000.0
31919K25602,SPARK PLUG U27EPR-N9 (DS),BEAT POP CW,24500.0
08294M99Z8YN1,SCOOTER GEAR OIL (120ML) IDE,BEAT POP CW,16500.0
17210K16900,"ELEMENT COMP., AIR CLEANER",BEAT POP CW,53500.0
35148K78N10,BATTERY,VARIO 160 CBS,14500.0
082322MBK2LN0,"MPX2 10W30 SLMB 0,8L REP O",BEAT SPORTY CW,59000.0
08294M99Z8YZ1,SCOOTER GEAR OIL (120ML) IDE,BEAT STREET CBS,16500.0
AHB6201RS,BEARING BALL (SET),BEAT STREET CBS,51400.0
10663LCL41,MAJUN CLEANER,BEAT POP ESP CBS-ISS,7000.0
34906GB6921,BULB TAILLIGHT,BEAT POP ESP CBS-ISS,12500.0
082322MBK0LN1,"OLI MPX2 10W30 SL 0,8L IDE",VARIO ESP CBS ISS MMC,59000.0
9410912000,"WASHER, DRAIN PLUG, 12MM",VARIO 150 MMC,1500.0
44711K59A12,TIRE FR TL (80/90-14),BEAT FI CBS,263000.0
42711K59A12,TIRE RR TL (90/90-14),BEAT FI CBS,297000.0
082342MBK0LZ0,"SPX2 10W30 SLMB 0,8L REP",BEAT FI CBS,70500.0
45351KVY961,DISK FR BRAKE,BEAT POP ESP CW COMIC,172500.0
06455KVBT01,PAD SET FR,BEAT POP ESP CW COMIC,60500.0
38501KVZ631,"RELAY COMP,MICROISO LOW HIGHT",BEAT SPORTY CW,33500.0
10940LCL01,CAIRAN INJECTOR,BEAT SPORTY CW,50000.0
10940LCL02,ENGINE FLUSH,BEAT SPORTY CW,60000.0
31500KZR602,BATTERY(GTZ6V),BeAT Sporty DLX Smart Key,302000.0
082322MAK0LZ1,"OLI MPX1 10W30 SL 0,8L IDE",NEW SUPRA X 125 FI CW,56500.0
5050AK25900,STAND ASSY MAIN,BEAT FI CBS,163000.0
50503KZL930,SHAFT MAIN STAND,BEAT FI CBS,15500.0
082322MBK0LN1,"OLI MPX2 10W30 SL 0,8L IDE",BEAT FI CBS,59000.0
90202KN7670,NUT SPECIAL 30MM,PCX 160 ABS,15000.0
03512HDL000,HONDA DISC LOCK,GENIO CBS ISS SE,107500.0
08294M99Z8YN1,SCOOTER GEAR OIL (120ML) IDE,GENIO CBS ISS SE,16500.0
30700KPH881,CAP ASSY NOISE SUPPRESSOR,ALL NEW SCOOPY STYLISH,50500.0
91009KVY961,BRG BALL RADIAL 6902U,NEW PCX 150 CBS,31500.0
91109KVY901,BRG NEEDLE 20X29X18,NEW PCX 150 CBS,48500.0
ACG10GR,AHM CVT GREASE 10 GR,SCOOPY,15000.0
88210K97N01,MIRROR COMP R,PCX 160 ABS,62500.0
082342MAK1LZ0,SPX1 10W30 SLMA 1L REP,CB150 VERZA CW,77500.0
HBF50ML,"BRAKE,FLUID",BLADE,8500.0
45530KVY911,CYLINDER SET MASTER,BLADE,77000.0
01675BREM,BOHLAM REM 12V,BeAT Sporty CBS,13000.0
08294M99Z8YN1,SCOOTER GEAR OIL (120ML) IDE,NEW VARIO 125 CBS-ISS,16500.0
ALF6201RS,BEARING BALL (SET),VARIO 160 CBS,49900.0
16450KZRB21,INJECTOR ASSY FUEL,NEW SCOOPY STYLISH JKT,217500.0
082322MBK4LN9,"MPX2 10W30 SLMB 0,65L REP",BeAT Sporty CBS ISS Deluxe,50000.0
22535KZLA00,WEIGHT SET CLUTCH,NEW SCOOPY FI,171500.0
34906GB6921,BULB TAILLIGHT,NEW SCOOPY FI,12500.0
52400K25901,CUSHION ASSY RR,VARIO TECHNO NON CBS,264500.0
17210K93N00,"ELEMENT COMP., AIR CLEANER",NEW SCOOPY FASHION,63500.0
31919K25602,SPARK PLUG U27EPR-N9 (DS),NEW SCOOPY FASHION,24500.0
082322MAK1LN1,OLI MPX1 10W30 SL 1L IDE,ALL NEW CBR150R,65500.0
06585CVA111,GREASE,NEW SCOOPY PRESTIGE,10000.0
14097LCL092,CARB CLEANER MHMR,Genio CBS ISS,35000.0
34906GB6921,BULB TAILLIGHT,Genio CBS ISS,12500.0
22011K81N00,"PIECE SET,SLIDE",Genio CBS ISS,18500.0
34906GB6921,BULB TAILLIGHT,BEAT FI CW,12500.0
12391GGC900,GASKET HEAD COVER,BEAT FI CW,42000.0
22535KZLA00,WEIGHT SET CLUTCH,BEAT FI CW,171500.0
34901KFVB51,BULB HEADLIGHT (12V 25/25W),BEAT FI CW,19000.0
AHB6201RS,BEARING BALL (SET),VARIO FI,51400.0
HB6201RS,"BEARING, BALL",VARIO CAST WHEEL,52000.0
082342MBK8LZ0,"SPX2 10W30 SLMB 0,65L REP",REVO CAST WHEEL,61500.0
31500KWWA01,BATTERY GTZ4V,ALL NEW SCOOPY SPORTY,241000.0
06455KVBT01,PAD SET FR,SCOOPY FI,60500.0
17220KZR600,"ELEMENT SET, AIR CLEANER",VARIO 160 CBS,59000.0
08CLAH50500,HONDA M/C GENUINE COOLANT,NEW VARIO ESP CBS ADVANCE,19500.0
31500KZR602,BATTERY(GTZ6V),ALL NEW SCOOPY STYLISH,302000.0
31500KZR602,BATTERY(GTZ6V),BEAT SW FI MMC,302000.0
01389LCL22123K1A,ROLLER SET,PCX 160 CBS,60000.0
082342MAK8LZ0,"SPX1 10W30 SLMA 1,2L REP",NEW CB150R STREETFIRE,90000.0
31500KPH882,BATTERY YTZ5-S,BEAT SPORTY CW,273000.0
22011K0JN00,"PIECE SET,SLIDE",BEAT FI CBS,16500.0
082322MBK3LN1,"MPX2 10W30 SLMB 0,65L IDE E",VARIO 150 MMC,50000.0
AHTA0001011,HRC24 RWB SLING BAG,BeAT Street,300000.0
082322MAK0LZ1,"OLI MPX1 10W30 SL 0,8L IDE",SUPRA X 125 HELM IN FI,56500.0
9410912000,"WASHER, DRAIN PLUG, 12MM",PCX 160 CBS,1500.0
FIC001,CAIRAN FLASH INJECTOR,BEAT POP CBS ISS,20000.0
43130KZL930,BRAKE SHOE,BEAT POP CBS ISS,52725.0
91202KVB901,OIL SEAL 20.8X52X7.5,BEAT POP CBS ISS,8265.0
082342MBK0LZ0,"SPX2 10W30 SLMB 0,8L REP",BEAT POP CBS ISS,70500.0
22011K81N00,"PIECE SET,SLIDE",BEAT POP CBS ISS,17575.0
AHTS0201048,HRC23 ELGNT NAVY TSHIRT L,SCOOPY,140000.0
08294M99Z8YN1,SCOOTER GEAR OIL (120ML) IDE,SCOOPY,16500.0
082322MAK1LZ1,OLI MPX1 10W30 SL 1L IDE,REVO FIT,65000.0
43130KZL930,BRAKE SHOE,ALL NEW SCOOPY STYLISH,55500.0
31926KRM841,SPARK PLUG CPR9EA9 (NGK),BeAT Sporty DLX Smart Key,23000.0
08CLAH50500,HONDA M/C GENUINE COOLANT,VARIO 150 MMC,19500.0
082322MBK2LN9,"MPX2 10W30 SLMB 0,8L FED",BEAT SPORTY CW,59000.0
SS8175ML,OIL SHOCK,NEW BLADE R 125 FI,29500.0
082322MAK2LN0,"MPX1 10W30 SLMA 0,8L REP",NEW BLADE R 125 FI,57000.0
51490GN5305,SEAL SET FR FORK,NEW BLADE R 125 FI,44000.0
16450K25901,INJECTOR ASSY FUEL,Beat Sporty,258000.0
31926KRM841,SPARK PLUG CPR9EA9 (NGK),VARIO TECHNO 125 FI ISS,23000.0
AHTA0001011,HRC24 RWB SLING BAG,Genio CBS ISS,160000.0
23100K1ABA0,"BELT DRIVE, KIT",BeAT Sporty CBS,123000.0
31926KWB601, SPARK PLUG U20EPR9S (DS),SUPRA X 125 CW MMC,21000.0
34906GB6921,BULB TAILLIGHT,SUPRA X 125 CW MMC,12500.0
16895LCRUMAHSIKRING,RUMAH SIKRING,SUPRA X 125 CW MMC,20000.0
16895LCLORINGTTPKLEP,ORING TUTUP KLEP,SUPRA X 125 CW MMC,10000.0
35200KPH901,SWITCH UNIT WINKER,SUPRA X 125 CW MMC,43500.0
082342MAK1LZ0,SPX1 10W30 SLMA 1L REP,NEW CBR 250RR STD,77500.0
082342MAK8LZ0,"SPX1 10W30 SLMA 1,2L REP",NEW CBR 250RR STD,90000.0
06585CVA111,GREASE,BeAT Sporty CBS ISS Deluxe,10000.0
91211KN7671,SEAL DRIVEN FACE 34X41X4,NEW VARIO 125 CBS,24000.0
91351GR1000,O-RING 38.5X2,NEW VARIO 125 CBS,9000.0
9805657723, SPARK PLUG U22FSU (DS),Beat Sporty,18000.0
082342MBK8LZ0,"SPX2 10W30 SLMB 0,65L REP",All New Scoopy Stylish Plus,61500.0
23100K0JN01,"BELT,DRIVE",NEW SCOOPY PRESTIGE,101000.0
01294LCL480,BOHLAM LED (L),BEAT FI CW,45000.0
082322MBK3LN1,"MPX2 10W30 SLMB 0,65L IDE E",SUPRA X 125 CW MMC,50000.0
L91202K0JN01, OIL SEAL 19.5X31.5X6,BeAT Sporty CBS ISS Deluxe,30000.0
22011K1AN00,"PIECE SET,SLIDE",BeAT Sporty CBS ISS Deluxe,15500.0
2212AKWN640,ROLLER WEIGHT SET,BeAT Sporty CBS ISS Deluxe,54000.0
31919K25602,SPARK PLUG U27EPR-N9 (DS),CBR 150R STD,24500.0
OSC70ML,OIL SYSTEM CLEANER 70ML,VARIO 160 CBS,30000.0
03512HDL000,HONDA DISC LOCK,VARIO 160 CBS,107500.0
HIC60ML,HONDA INJECTOR CLEANER,VARIO 160 CBS,27500.0
17210K1ZN20,"ELEMENT COMP,AIR/C",VARIO 160 CBS,76500.0
91202KJ9003,OIL SEAL 20X32X6,VARIO 160 CBS,8500.0
45530K59A71,CYLINDER SET MASTER,VARIO 125 CBS ISS,26000.0
HBF50ML,"BRAKE,FLUID",VARIO 125 CBS ISS,8500.0
22535K44V00,WEIGHT SET CLUTCH,ALL NEW SCOOPY SPORTY,127000.0
44800KVB910,BOX SPEEDOMETER GEAR,BEAT POP CBS,70500.0
ALF6201RS,BEARING BALL (SET),ALL NEW SCOOPY SPORTY,49900.0
02658CC02,CAIRAN INJECTOR,VARIO 150,40000.0
31500KPH882,BATTERY YTZ5-S,BEAT SPORTY CBS,273000.0
31926KYT901,SPARK PLUG U27EPR-9 (DS),NEW PCX 150 CBS,23000.0
082342MBK8LZ0,"SPX2 10W30 SLMB 0,65L REP",BEAT SPORTY CBS ISS,61500.0
23100KVB901,BELT DRIVE,NEW VARIO,145500.0
082322MBK2LN0,"MPX2 10W30 SLMB 0,8L REP O",NEW VARIO,59000.0
16111KVB903,PISTON COMP VACUUM,NEW VARIO,142500.0
9805957927, SPARK PLUG U22FER9 (DS),NEW VARIO,30500.0
22535KWN901,WEIGHT SET CLUTCH,NEW VARIO,159500.0
082322MAK0LN1,"OLI MPX1 10W30 SL 0,8L IDE",BLADE R,57000.0
ACG10GR,AHM CVT GREASE 10 GR,SPACY CW HELM IN,15000.0
17210K0JN00,"ELEMENT COMP,AIR/C",Beat Sporty,55000.0
OSC70ML,OIL SYSTEM CLEANER 70ML,BEAT STREET CBS,30000.0
082322MBK3LN1,"MPX2 10W30 SLMB 0,65L IDE E",SCOOPY,50000.0
AHGK0010014,HONDA LEATHER KEYCHAIN,BEAT SPORTY CBS,114000.0
44711KWN901,TIRE FR TL (90/90-14),PCX 160 ABS,751000.0
082342MAK0LZ0,"SPX1 10W30 SLMA 0,8L REP",SUPRA X 125 CW,69500.0
45530KVY911,CYLINDER SET MASTER,VARIO ESP CBS ADV MMC,77000.0
08294M99Z8YZ1,SCOOTER GEAR OIL (120ML) IDE,NEW SCOOPY STYLISH,16500.0
082322MAK0LZ1,"OLI MPX1 10W30 SL 0,8L IDE",SUPRA X 125 CW,56500.0
31926KRM842,31926KRM841,SCOOPY ESP,18500.0
082322MAK8LN1,"OLI MPX1 10W30 SL 1,2L IDE",ALL NEW CB150R STREETFIRE,73500.0
082322MBK0LN9,"MPX2 10W30 SLMB 0,8L FED",ALL NEW SCOOPY PLAYFUL,39500.0
10176LCL25,MUR 39,ALL NEW SCOOPY PLAYFUL,10000.0
44711K59A12,TIRE FR TL (80/90-14),NEW VARIO 150,263000.0
22011K0JN00,"PIECE SET,SLIDE",BEAT SPORTY CW,16500.0
06455KPP901,PAD SET FR,CB150R STREETFIRE SPECIAL,53000.0
86642K2FNK0ZB,"STRIPE,UNDER L SIDE COVER TYPE 1",NEW SCOOPY STYLISH,28000.0
53175K81N31,"LEVER, R. STEERING HANDLE",NEW SCOOPY STYLISH,53000.0
64310K2FN80ZA,"STEP,FLOOR (BROWN)",NEW SCOOPY STYLISH,91000.0
64431K2FN00YM,"COVER, UNDER L SIDE (MT SA GR)",NEW SCOOPY STYLISH,198000.0
AHTA0001011,HRC24 RWB SLING BAG,BeAT Sporty CBS ISS Deluxe,160000.0
33130GN5831,SOCKET HEADLIGHT,BEAT STREET CBS,18500.0
LCL02298036,ORING TUTUP KLEP,NEW PCX 150 CBS,2000.0
91211KN7671,SEAL DRIVEN FACE 34X41X4,BEAT SPORTY CBS,24000.0
91351GR1000,O-RING 38.5X2,BEAT SPORTY CBS,9000.0
082322MBK0LZ1,"OLI MPX2 10W30 SL 0,8L IDE",BeAT Street,52000.0
08234M99K8LZ0,SCOOTER GEAR OIL-SYN120MLREP,VARIO 125 CBS-ISS MMC,18525.0
34905GM9003,BULB WINKER,VARIO 125 CBS-ISS MMC,18000.0
34908GA7701,BULB W BASE,VARIO 125 CBS-ISS MMC,6500.0
082322MBK2LN0,"MPX2 10W30 SLMB 0,8L REP O",VARIO 125 CBS,59000.0
12191KZR600,GASKET CYLINDER,VARIO 125 CBS,13500.0
082342MAK8LZ0,"SPX1 10W30 SLMA 1,2L REP",ALL NEW CBR150R,90000.0
31500KWWA01,BATTERY GTZ4V,ALL NEW SCOOPY STYLISH,241000.0
08CLAH50500,HONDA M/C GENUINE COOLANT,PCX 150,19500.0
082322MBK3LN1,"MPX2 10W30 SLMB 0,65L IDE E",VARIO TECHNO 125 FI CBS,50000.0
06435KSPB01,PAD SET RR,MEGA PRO,69500.0
082342MAK1LZ0,SPX1 10W30 SLMA 1L REP,MEGA PRO,77500.0
34901KC5003,BULB HEADLIGHT,MEGA PRO,138500.0
91203KSP911,"OIL SEAL,14X22X5",MEGA PRO,6000.0
082322MBK3LN1,"MPX2 10W30 SLMB 0,65L IDE E",CB150R STREETFIRE,50000.0
42711KPH881,TIRE RR TT (2.75-17),NEW SUPRA X 125 CW FI MMC,247000.0
082342MBK0LZ0,"SPX2 10W30 SLMB 0,8L REP",CBR 150R STD,70500.0
18318K81N00ZA,PROTECTOR MUFFLER,BEAT STREET CBS,54500.0
HBF50ML,"BRAKE,FLUID",BEAT POP ESP CW COMIC,8500.0
22535K81N00,WEIGHT SET CLUTCH,ALL NEW SCOOPY STYLISH,154000.0
082342MBK0LZ0,"SPX2 10W30 SLMB 0,8L REP",New Vario 150,70500.0
34901KFVB51,BULB HEADLIGHT (12V 25/25W),SCOOPY ESP,19000.0
18450LCL43130KZL930,KAMPAS BELAKANG,Beat Sporty,60000.0
22011K1NV01,"PIECE SET,SLIDE",NEW PCX 150 CBS,28500.0
22100KWN900,OUTER COMP CLUTCH,NEW PCX 150 CBS,130000.0
23100K97BA0,BELT DRIVE KIT,NEW PCX 150 CBS,208500.0
22535K35V01,WEIGHT SET CLUTCH,NEW PCX 150 CBS,141000.0
44711K93N02,TIRE FR TL (100/90-12),NEW SCOOPY PRESTIGE,287000.0
08294M99Z8YN1,SCOOTER GEAR OIL (120ML) IDE,BEAT FI SW,16500.0
06541LCLPKTINJ,PAKET INJECTOR,BEAT FI SW,50000.0
31926KRM841,SPARK PLUG CPR9EA9 (NGK),VARIO 110 CBS,23000.0
42711K1ZN21,TIRE RR TL (130/70-13),PCX 160 ABS,502000.0
06401K41N01,DRIVE CHAIN KIT,SUPRA X 125 HELM IN FI,225000.0
06535GN5505,RACE STEERING KIT,VARIO TECHNO 125 FI ISS,103000.0
07019LCL075,CHARGER ACCU,NEW SCOOPY PRESTIGE,25000.0
082322MBK2LN9,"MPX2 10W30 SLMB 0,8L FED",VARIO 160 CBS,59000.0
22011GCC770,PIECE SLIDE,ALL NEW SCOOPY SPORTY,30000.0
22105K44V00,BOSS DRIVE FACE,ALL NEW SCOOPY SPORTY,27500.0
05442LC05,BAUD ULIR KECIL,ALL NEW SCOOPY SPORTY,6000.0
2212AK44V00,ROLLER WEIGHT SET,ALL NEW SCOOPY SPORTY,55000.0
22110K44V00,FACE COMP MOVABLE DRIVE,ALL NEW SCOOPY SPORTY,75500.0
06430K44V80,"SHOE SET,BRAKE",BeAT Sporty CBS ISS Deluxe,57500.0
17220K2SN00,"SET ILLUST,AIR/C ELEMENT",PCX 160 CBS,77000.0
50530K81N00,BAR COMP SIDE STAND,BEAT SPORTY CW,31500.0
9501472102,SPRING A SIDE STAND,BEAT SPORTY CW,7500.0
22361K44V01,PLATE CLUTCH SIDE,BEAT SPORTY CW,13000.0
22804148000,RUBBER CLUTCH DUMPER,BEAT SPORTY CW,16500.0
9410912000,"WASHER, DRAIN PLUG, 12MM",CRF150L,1500.0
1845LCL08234M99K8LZ0,OLI GARDAN SPX,PCX 160 CBS,25000.0
37750KPH701,"SENSOR ASSY., THERMOSTAT OIL",BEAT CW FI MMC,69500.0
17210K16900,"ELEMENT COMP., AIR CLEANER",BEAT FI CW,53500.0
082322MBK0LZ1,"OLI MPX2 10W30 SL 0,8L IDE",SUPRA X 125 CW,58500.0
17220KZR600,"ELEMENT SET, AIR CLEANER",SUPRA X 125 CW,59000.0
91009KVB903,"BRG,BALL RADIAL 60/22 UU",BeAT Sporty CBS,47600.0
91255KVB902,OIL SEAL 29X44X7,BeAT Sporty CBS,7600.0
22100K0JN01,"OUTER COMP,CLUTCH",BEAT SPORTY CW,122000.0
08234M99K8LZ0,SCOOTER GEAR OIL-SYN120MLREP,NEW VARIO ESP CBS ADVANCE,19500.0
08294M99Z8YN1,SCOOTER GEAR OIL (120ML) IDE,VARIO 125 CBS MMC,16500.0
08CLAH50500,HONDA M/C GENUINE COOLANT,ADV150 CBS,19500.0
06455KVBT01,PAD SET FR,NEW SCOOPY FI,60500.0
17210K0JN00,"ELEMENT COMP,AIR/C",NEW SCOOPY FI,55000.0
22011K1AN00,"PIECE SET,SLIDE",NEW SCOOPY FI,15500.0
082322MBK3LN9,"MPX2 10W30 SLMB 0,65L CAS",NEW SCOOPY FI,50000.0
06455KVBT01,PAD SET FR,VARIO TECHNO 125 FI CBS,60500.0
082322MAU1JN3,OLI MPX3 20W40 1L NIP,TIGER,55500.0
08CLAH50500,HONDA M/C GENUINE COOLANT,BEAT SPORTY CBS,19500.0
ACG10GR,AHM CVT GREASE 10 GR,ALL NEW SCOOPY SPORTY,15000.0
082322MAK0LN1,"OLI MPX1 10W30 SL 0,8L IDE",VARIO TECHNO 125 FI ISS,57000.0
22535K12V00,WEIGHT SET CLUTCH,ADV150 CBS,219000.0
22100KWN900,OUTER COMP CLUTCH,ADV150 CBS,130000.0
22123K0SV00,"ROLLER SET, WEIGHT",ADV150 CBS,45000.0
ACG10GR,AHM CVT GREASE 10 GR,BEAT FI CBS,15000.0
22535K1AN10,"WEIGHT SET,CLUTCH",BeAT Sporty CBS ISS Deluxe,235000.0
03512HDL000,HONDA DISC LOCK,GENIO CBS ISS,107500.0
082322MBK4LN9,"MPX2 10W30 SLMB 0,65L REP",GENIO CBS ISS,50000.0
31926KRM841,SPARK PLUG CPR9EA9 (NGK),NEW VARIO 125 CBS,23000.0
082322MAK8LN1,"OLI MPX1 10W30 SL 1,2L IDE",CRF150L,73500.0
11103KVB930,"RUB.BUSH,ENG.HANGER",SCOOPY FI,35000.0
SS8175ML,OIL SHOCK,SCOOPY FI,29500.0
17210K16900,"ELEMENT COMP., AIR CLEANER",SCOOPY FI,53500.0
22011K93N00,PIECE SET SLIDE,SCOOPY FI,16500.0
ALF6201RS,BEARING BALL (SET),SCOOPY FI,49900.0
HBF50ML,"BRAKE,FLUID",SCOOPY FI,8500.0
17873B05,BAUT MUR RING,SCOOPY FI,10000.0
91202KVB901,OIL SEAL 20.8X52X7.5,SCOOPY FI,8700.0
53178K81N30,LEVER L STEERING HANDLE,SCOOPY FI,45000.0
2212AKVB900,ROLLER WEIGHT SET,SCOOPY FI,67500.0
51490GN5305,SEAL SET FR FORK,SCOOPY FI,88000.0
TBC500ML,THROTTLE BODY CLEANER 500ML,NEW VARIO,35500.0
082322MBK3LN1,"MPX2 10W30 SLMB 0,65L IDE E",REVO X,50000.0
22804GB2880,RUBBER CLUTCH DAMPER,SUPRA X 125 HELM IN FI,18000.0
22201KYZ901,DISK CLUTCH FRICTION,SUPRA X 125 HELM IN FI,85000.0
22530KPH900,WEIGHT PRIM CLUTCH,SUPRA X 125 HELM IN FI,154000.0
22208KYZ901,DISK COMP CLUTCH FRICTION,SUPRA X 125 HELM IN FI,37000.0
11394KYZ900,GASKET R CRANKCASE COVER,SUPRA X 125 HELM IN FI,28500.0
23100KZLBA0,BELT DRIVE KIT,NEW BEAT CAST WHEEL,156000.0
17210K03N30,"ELEMEN COMP, AIR/C",NEW SUPRA X 125 FI CW,51000.0
08294M99Z8YN1,SCOOTER GEAR OIL (120ML) IDE,ALL NEW SCOOPY PLAYFUL,16500.0
9806786871, SPARK PLUG U20EPR9 (DS),SUPRA X 125 CW MMC,19500.0
082322MBK2LN1,"MPX2 10W30 SLMB 0,65L IDE",NEW SCOOPY PRESTIGE,49000.0
0167591202KVB901,SIL KREK AS ASLI,ALL NEW SCOOPY STYLISH,15000.0
06455KVBT01,PAD SET FR,VARIO FI,60500.0
08294M99Z8YN1,SCOOTER GEAR OIL (120ML) IDE,SCOOPY PRESTIGE,16500.0
ALF6201RS,BEARING BALL (SET),SUPRA X 125 CW MMC,49900.0
082322MAK4LN0,"MPX1 10W30 SLMA 1,2L REP",NEW CB150R STREETFIRE,73500.0
22011K0JN00,"PIECE SET,SLIDE",ADV150 CBS,16500.0
08234M99K8LZ0,SCOOTER GEAR OIL-SYN120MLREP,BeAT Sporty CBS ISS,19500.0
08232M99K0LN5,"MPX2 10W30 SLMB 0,8L CAS",BeAT Sporty CBS ISS,59000.0
44711KPPT01,TIRE FR TL (100/80-17),SONIC 150R MATTE BLACK,452000.0
08234M99K8LN9,"OLI SPX1 10W30 SLMA 1,2L FED",SONIC 150R MATTE BLACK,90000.0
80106K59A10,"FENDER ASSY, RR INNER",VARIO 125 CBS,30500.0
80102K59A10,"COVER,RESERVE TANK",VARIO 125 CBS,13000.0
17225KWN980,CASE SUB ASSY AIR CLEANER,VARIO 125 CBS,157000.0
31919K25602,SPARK PLUG U27EPR-N9 (DS),GENIO CBS,24500.0
17210K0JN00,"ELEMENT COMP,AIR/C",GENIO CBS,55000.0
12209GB4682,SEAL VLV. STEM,Beat Sporty,12000.0
34901KZL841,"BULB, HEADLIGHT(12V 35/35W)",VERZA CAST WHEEL,82500.0
31926KYT901,SPARK PLUG U27EPR-9 (DS),VARIO 150 MMC,23000.0
1200AK56N00,HEAD ASSY.CYLINDER SET,CB150R STREETFIRE,2272500.0
12251K56N02,GASKET CYLINDER HEAD(NLK),CB150R STREETFIRE,19500.0
12191K56N01,"GASKET, CYLINDER",CB150R STREETFIRE,10500.0
15100KPPT00,15100KPPT01,CB150R STREETFIRE,277500.0
12391K56N00,"GASKET COMP., CYLINDER HEAD",CB150R STREETFIRE,41500.0
131A3K56P00,PISTON KIT (0.50),CB150R STREETFIRE,166000.0
082322MAK4LN0,"MPX1 10W30 SLMA 1,2L REP",CB150R STREETFIRE,73500.0
08CLAH50500,HONDA M/C GENUINE COOLANT,CB150R STREETFIRE,19500.0
11394K56V50,"GASKET,R CRANKCASE COVER",CB150R STREETFIRE,23275.0
51410KVB901,PIPE COMP FR FORK,NEW BEAT CAST WHEEL,289000.0
51401KVB901,SPRING FR,NEW BEAT CAST WHEEL,47000.0
51490GN5305,SEAL SET FR FORK,NEW BEAT CAST WHEEL,88000.0
30700K81N11,CAP ASSY NOISE SUPRESSOR,VARIO 150,47500.0
HB6201RS,"BEARING, BALL",BEAT SPORTY CW,52000.0
11203KVB901,UNDER RUBBER BUSH REAR,VARIO 125 CBS,13500.0
51490GN5305,SEAL SET FR FORK,VARIO 110 CBS,44000.0
34908GA7701,BULB W BASE,VARIO CAST WHEEL,6500.0
45530KVY911,CYLINDER SET MASTER,BEAT STREET CBS,77000.0
34906GB6921,BULB TAILLIGHT,BEAT STREET CBS,12500.0
082342MBK8LZ0,"SPX2 10W30 SLMB 0,65L REP",BEAT STREET CBS,61500.0
082322MBK2LN0,"MPX2 10W30 SLMB 0,8L REP O",BEAT SPORTY CBS,59000.0
31926KRM841,SPARK PLUG CPR9EA9 (NGK),PCX 160 ABS,23000.0
9410912000,"WASHER, DRAIN PLUG, 12MM",VARIO 150,1500.0
22011KWN900,"PIECE SET,SLIDE",VARIO 150,25000.0
22132KWN900,"PIECE,SLIDE",New Vario 150,10000.0
06945LCL39,INJEKTOR CLEANER,PCX,20000.0
06455KREK02,"PAD SET, FR",PCX,121500.0
06945CLC54,KLIP BAUD URIL,PCX,2000.0
06401KPH881,DRIVE CHAIN KIT,SUPRA X,206500.0
17873B05,BAUT MUR RING,BEAT SPORTY CW,10000.0
91211GK8013,OIL SEAL 34X39X3,BEAT SPORTY CW,21000.0
91351GR1000,O-RING 38.5X2,BEAT SPORTY CW,9000.0
22100K16A41,OUTER COMP CLUTCH,BEAT SPORTY CW,113500.0
08232M99K0LN5,"MPX2 10W30 SLMB 0,8L CAS",GENIO CBS ISS SE,59000.0
AHTS0301050,HRC23 SPRTY NAVY TSHIRT XL,BeAT Sporty CBS ISS,116000.0
42711K59A12,TIRE RR TL (90/90-14),NEW VARIO TECHNO PGM FI,297000.0
08232M99K0LN5,"MPX2 10W30 SLMB 0,8L CAS",BeAT Sporty DLX Smart Key,59000.0
082322MBK3LN9,"MPX2 10W30 SLMB 0,65L CAS",VARIO TECHNO 125 CBS ISS,50000.0
15874LCL06,BAUD10000,BeAT Sporty CBS,10000.0
15874LCL22,INJECTOR CLEANER,BeAT Sporty CBS,20000.0
15874LCL11,CAIRAN TB,BeAT Sporty CBS,5000.0
91005KVBN50,"BRG,COMP DRIVE SHAFT",BeAT Sporty CBS,39500.0
51410KZLA01,PIPE COMP FR FORK,BEAT POP CBS ISS,148500.0
08232M99K0LN5,"MPX2 10W30 SLMB 0,8L CAS",BEAT POP CBS ISS,59000.0
SS8175ML,OIL SHOCK,BEAT POP CBS ISS,29500.0
08294M99Z8YN1,SCOOTER GEAR OIL (120ML) IDE,BEAT POP CBS ISS,16500.0
22804GB2880,RUBBER CLUTCH DAMPER,ALL NEW SCOOPY STYLISH,18000.0
31926KYT901,SPARK PLUG U27EPR-9 (DS),ALL NEW SCOOPY STYLISH,23000.0
45530KVY911,CYLINDER SET MASTER,ALL NEW SCOOPY STYLISH,77000.0
23100K44BA0,"BELT DRIVE, KIT",ALL NEW SCOOPY STYLISH,150000.0
22535K16A40,WEIGHT SET CLUTCH,ALL NEW SCOOPY STYLISH,256500.0
22100K25900,OUTER COMP CLUTCH,ALL NEW SCOOPY STYLISH,123000.0
22011K81N00,"PIECE SET,SLIDE",ALL NEW SCOOPY STYLISH,18500.0
34906GB6921,BULB TAILLIGHT,NEW SCOOPY FASHION,12500.0
22132KWN900,"PIECE,SLIDE",VARIO 125 CBS ISS,10000.0
22011K0JN00,"PIECE SET,SLIDE",ADV150 ABS,16500.0
082342MBK8LZ0,"SPX2 10W30 SLMB 0,65L REP",BEAT STREET,61500.0
35148K78N10,BATTERY,BEAT SPORTY CW,14500.0
17653LCL03,INJECTOR CLEANER,PCX 160 CBS,25000.0
AHB6201RS,BEARING BALL (SET),NEW VARIO 150,51400.0
22100KVB900,OUTER COMP CLUTCH,NEW VARIO 150,131000.0
43130KZL930,BRAKE SHOE,NEW VARIO 150,55500.0
31919K25602,SPARK PLUG U27EPR-N9 (DS),NEW VARIO 150,24500.0
23100K36BA0,"BELT DRIVE, KIT",NEW VARIO 150,189500.0
22011K1NV01,"PIECE SET,SLIDE",NEW VARIO 150,28500.0
06585CVA111,GREASE,VARIO CAST WHEEL,10000.0
43130KZL930,BRAKE SHOE,VARIO 150 NEW ACC,55500.0
08234M99K8LZ0,SCOOTER GEAR OIL-SYN120MLREP,Beat Sporty,19500.0
082322MBK0LN1,"OLI MPX2 10W30 SL 0,8L IDE",Beat Sporty,59000.0
OSC70ML,OIL SYSTEM CLEANER 70ML,VARIO FI,30000.0
SS8175ML,OIL SHOCK,VARIO FI,29500.0
22123K81N00,ROLLER SET WEIGHT,BEAT SPORTY CW,54000.0
91202KVB901,OIL SEAL 20.8X52X7.5,ADV160 ABS,8700.0
ACG10GR,AHM CVT GREASE 10 GR,BeAT Sporty CBS ISS,15000.0
31926KYT902,31926KYT901,BeAT Sporty CBS ISS Deluxe,16000.0
AHB6201RS,BEARING BALL (SET),NEW SCOOPY FASHION,51400.0
SS8175ML,OIL SHOCK,NEW SCOOPY FASHION,29500.0
51490GN5305,SEAL SET FR FORK,NEW SCOOPY FASHION,88000.0
082322MBK0LN1,"OLI MPX2 10W30 SL 0,8L IDE",BeAT Street,59000.0
22011KWN900,"PIECE SET,SLIDE",New Vario 150 Exclusive ACCS,25000.0
31919K25602,SPARK PLUG U27EPR-N9 (DS),New Vario 150 Exclusive ACCS,24500.0
08232M99K0LN5,"MPX2 10W30 SLMB 0,8L CAS",SUPRA X 125 CW MMC,59000.0
16400K0JN01,THROTTLEBODY ASSY,BeAT Sporty CBS ISS Deluxe,510500.0
17210K03N30,"ELEMEN COMP, AIR/C",REVO FIT,51000.0
08294M99K8LN9,SCOOTER GEAR OIL (120ML) FED,PCX160 CBS,16500.0
08294M99Z8YN1,SCOOTER GEAR OIL (120ML) IDE,PCX160 ABS,16500.0
22011K1AN00,"PIECE SET,SLIDE",BEAT SPORTY CW,15500.0
22535K35V01,WEIGHT SET CLUTCH,PCX 150,141000.0
22804GB2880,RUBBER CLUTCH DAMPER,PCX 150,18000.0
ACG10GR,AHM CVT GREASE 10 GR,PCX 150,15000.0
06455KREK02,"PAD SET, FR",ADV160 CBS,121500.0
31500KZR601,BATTERY YTZ6-V,NEW SUPRA GTR150 EXCLUSIVE,332000.0
082342MAK8LZ0,"SPX1 10W30 SLMA 1,2L REP",CB150X SE,90000.0
34901KFVB51,BULB HEADLIGHT (12V 25/25W),BEAT STREET,19000.0
082342MBK0LZ0,"SPX2 10W30 SLMB 0,8L REP",BEAT STREET,70500.0
91202KJ9003,OIL SEAL 20X32X6,BeAT Sporty CBS,8500.0
9410912000,"WASHER, DRAIN PLUG, 12MM",ADV 160 ABS,1500.0
31917K0RV01,"PLUG, SPARK(LMAR8L-9)(NGK)",ADV 160 ABS,70000.0
08294M99Z8YN1,SCOOTER GEAR OIL (120ML) IDE,ADV 160 ABS,16500.0
17210K1ZN20,"ELEMENT COMP,AIR/C",ADV 160 ABS,76500.0
06455K84902,"PAD SET, FR BRAKE",ADV 160 ABS,72500.0
08234M99K8LZ0,SCOOTER GEAR OIL-SYN120MLREP,NEW VARIO CBS PGM FI,19500.0
34906GB6921,BULB TAILLIGHT,New Vario 150,12500.0
45351KVB931,DISK FR BRAKE,NEW VARIO TECHNO PGM FI,172500.0
06535GN5505,RACE STEERING KIT,NEW VARIO TECHNO PGM FI,103000.0
ACG10GR,AHM CVT GREASE 10 GR,NEW VARIO TECHNO PGM FI,15000.0
22011KWN900,"PIECE SET,SLIDE",NEW VARIO TECHNO PGM FI,25000.0
TBC500ML,THROTTLE BODY CLEANER 500ML,NEW SCOOPY FI,35500.0
08CLAH50500,HONDA M/C GENUINE COOLANT,VARIO TECHNO 125 FI ISS,19500.0
9410912000,"WASHER, DRAIN PLUG, 12MM",VARIO TECHNO 125 FI ISS,1500.0
17220KZR600,"ELEMENT SET, AIR CLEANER",VARIO TECHNO 125 FI ISS,59000.0
08234M99K8LZ0,SCOOTER GEAR OIL-SYN120MLREP,VARIO TECHNO 125 FI ISS,19500.0
34901KFVB51,BULB HEADLIGHT (12V 25/25W),VARIO TECHNO 125 FI ISS,38000.0
082322MAK8LZ1,"OLI MPX1 10W30 SL 1,2L IDE",ALL NEW CB150R STREETFIRE,73000.0
22201K56N01,DISK CLUTCH FRICTION,ALL NEW CB150R STREETFIRE,615000.0
082322MAK2LN0,"MPX1 10W30 SLMA 0,8L REP",SUPRA X 125 CW MMC,57000.0
22132KWN900,"PIECE,SLIDE",VARIO 125 CBS,10000.0
31500KZR602,BATTERY(GTZ6V),BeAT Sporty CBS ISS,302000.0
31926KYT901,SPARK PLUG U27EPR-9 (DS),BEAT FI CW,23000.0
082322MBK3LN1,"MPX2 10W30 SLMB 0,65L IDE E",SUPRA GTR 150,50000.0
9410912000,"WASHER, DRAIN PLUG, 12MM",NEW VARIO TECHNO PGM FI,1500.0
082322MBK0LN1,"OLI MPX2 10W30 SL 0,8L IDE",NEW VARIO ESP CBS,59000.0
81110H02BLA,LICENSE PLATE COVER 2023,GENIO CBS,59500.0
34906KET940,BULB TAILLIGHT,GENIO CBS,16000.0
43130KZL930,BRAKE SHOE,BEAT POP CW,55500.0
43450K25901,CABLE COMP RR BRAKE,BEAT POP CW,82000.0
ACG10GR,AHM CVT GREASE 10 GR,SUPRA X 125 R DD,15000.0
08234M99K8LZ0,SCOOTER GEAR OIL-SYN120MLREP,SUPRA X 125 R DD,19500.0
61100K1ZN20MGB,"FENDER, FR (MT GN BL)",PCX 160 ABS,252000.0
HBF50ML,"BRAKE,FLUID",NEW VARIO 150,8500.0
43130KZL930,BRAKE SHOE,VARIO 125 CBS ISS SP,55500.0
16676LCL07,CARBU CLEANER,PCX,35000.0
08234M99K8LZ0,SCOOTER GEAR OIL-SYN120MLREP,VERZA CAST WHEEL,19500.0
17210K0JN00,"ELEMENT COMP,AIR/C",BEAT SPORTY CBS,55000.0
AHB6201RS,BEARING BALL (SET),PCX 160 ABS,51400.0
082342MAK1LZ0,SPX1 10W30 SLMA 1L REP,NEW CB150R STREETFIRE,77500.0
082342MBK0LZ0,"SPX2 10W30 SLMB 0,8L REP",BEAT,70500.0
LCL02298036,ORING TUTUP KLEP,SUPRA X 125 HELM IN FI,4000.0
31928MFFD01, SPARK PLUG U24EPR9 (DS),VARIO TECHNO NON CBS,20000.0
08232M99K0LN5,"MPX2 10W30 SLMB 0,8L CAS",VARIO TECHNO 125 FI CBS,59000.0
9410912000,"WASHER, DRAIN PLUG, 12MM",VARIO 160 ABS,1500.0
AHB6201RS,BEARING BALL (SET),VARIO 160 ABS,51400.0
44711K2SN01,TIRE FR TL (100/80-14),VARIO 160 ABS,348000.0
082322MBK0LN1,"OLI MPX2 10W30 SL 0,8L IDE",GENIO CBS,59000.0
18318K59A70,"PROTECTOR,MUFFLER",VARIO 150,30500.0
AHTS0301048,HRC23 ELGNT NAVY TSHIRT XL,BeAT Sporty CBS ISS Deluxe,140000.0
06430K44V80,"SHOE SET,BRAKE",VARIO 110 CBS,57500.0
44711K59A12,TIRE FR TL (80/90-14),ALL NEW SCOOPY STYLISH,263000.0
082342MBK8LZ0,"SPX2 10W30 SLMB 0,65L REP",NEW VARIO TECHNO PGM FI,61500.0
HBF50ML,"BRAKE,FLUID",SCOOPY ESP,8500.0
31926KRM841,SPARK PLUG CPR9EA9 (NGK),VARIO TECHNO 125 CBS ISS,23000.0
082322MAK1LN1,OLI MPX1 10W30 SL 1L IDE,NEW MEGA PRO CW,65500.0
44711KPPT01,TIRE FR TL (100/80-17),ALL NEW CBR 150R,452000.0
23430K0JN00,"GEAR COMP,FINAL",VARIO TECHNO 125 FI ISS,241500.0
91211GFC771,OIL SEAL 34X39X3,BEAT SW FI MMC,12000.0
91351642000,O-RING PINION CAP,BEAT SW FI MMC,6500.0
23224KZL930,"FACE SET, MOVABLE DRIVEN",BEAT SW FI MMC,158500.0
23225GW3000,"PIN, ROLLER GUIDE",BEAT SW FI MMC,9000.0
23205GGC900,FACE SET DRIVEN,BEAT SW FI MMC,281000.0
23226GCCC50,"ROLLER, GUIDE",BEAT SW FI MMC,9500.0
082322MAK8LN1,"OLI MPX1 10W30 SL 1,2L IDE",NEW SONIC 150R SPECIAL,73500.0
91201K44V01,"OIL SEAL,20.8X30.5X6",ALL NEW SCOOPY STYLISH,5000.0
12391K44V00,"GASKET,HEAD COVER",ALL NEW SCOOPY STYLISH,24000.0
082342MAK8LZ0,"SPX1 10W30 SLMA 1,2L REP",SUPRA GTR 150,90000.0
42711K93N02,TIRE RR TL (110/90-12),NEW SCOOPY PRESTIGE,347000.0
22011K81N00,"PIECE SET,SLIDE",NEW SCOOPY PRESTIGE,18500.0
TBC500ML,THROTTLE BODY CLEANER 500ML,NEW SCOOPY PRESTIGE,35500.0
08CLAH50500,HONDA M/C GENUINE COOLANT,VARIO 160 CBS,19500.0
31919K25602,SPARK PLUG U27EPR-N9 (DS),SUPRA X 125 R DD,24500.0
31926KRM842,31926KRM841,SPACY CW HELM IN FI,18500.0
AHGK0010014,HONDA LEATHER KEYCHAIN,GENIO CBS,114000.0
ALF6201RS,BEARING BALL (SET),BEAT POP CW,49900.0
03512HDL000,HONDA DISC LOCK,Beat Sporty,107500.0
34901KPH881,BULB HEADLIGHT,BEAT SPORTY CBS ISS,45000.0
53175KVB921,LEVER R STRG HDL,BEAT SPORTY CBS ISS,69000.0
22535K44V00,WEIGHT SET CLUTCH,BEAT SPORTY CBS ISS,127000.0
23100K44PA0,BELT DRIVE KIT.PC,BEAT SPORTY CBS ISS,164500.0
53178K25910,LEVER L STRG HANDLE,BEAT SPORTY CBS ISS,28000.0
34906GB6921,BULB TAILLIGHT,NEW SCOOPY STYLISH JKT,12500.0
082342MBK8LZ0,"SPX2 10W30 SLMB 0,65L REP",NEW SCOOPY STYLISH JKT,61500.0
082322MBK0LZ1,"OLI MPX2 10W30 SL 0,8L IDE",VARIO 160 ABS,0.0
06435KPP902,PAD SET RR,SUPRA X 125 CW MMC,56500.0
42711KTM850,TIRE RR TT (80/90-17,SUPRA X 125 CW MMC,247000.0
06853LCL27,O-RING OVAL,SUPRA X 125 CW MMC,10000.0
082322MBK3LN1,"MPX2 10W30 SLMB 0,65L IDE E",NEW SCOOPY STYLISH JKT,50000.0
08294M99Z8YN1,SCOOTER GEAR OIL (120ML) IDE,NEW SCOOPY STYLISH JKT,16500.0
08294M99Z8YZ1,SCOOTER GEAR OIL (120ML) IDE,ADV160 CBS,16500.0
17210K1ZN20,"ELEMENT COMP,AIR/C",ADV160 CBS,76500.0
06455K59A71,"PAD SET,FR BRAKE",BEAT SPORTY CW,89000.0
23100K36BA0,"BELT DRIVE, KIT",VARIO 125 CBS ISS SP,189500.0
22011K0JN00,"PIECE SET,SLIDE",ALL NEW SCOOPY STYLISH,16500.0
082342MBK8LZ0,"SPX2 10W30 SLMB 0,65L REP",ALL NEW CB150R STREETFIRE,61500.0
35180KPH881,SWITCH UNIT HORN,BEAT SPORTY CBS,31000.0
22011K81N00,"PIECE SET,SLIDE",BEAT POP ESP CBS PIXEL,18500.0
06455KVBT01,PAD SET FR,BEAT POP ESP CBS PIXEL,60500.0
HBF50ML,"BRAKE,FLUID",BEAT POP ESP CBS PIXEL,8500.0
91202KVB901,OIL SEAL 20.8X52X7.5,BEAT POP ESP CBS PIXEL,8700.0
10940LCL02,ENGINE FLUSH,BEAT POP ESP CBS PIXEL,60000.0
43130KZL930,BRAKE SHOE,BEAT POP ESP CBS PIXEL,55500.0
10940LCL01,CAIRAN INJECTOR,BEAT POP ESP CBS PIXEL,50000.0
9410912000,"WASHER, DRAIN PLUG, 12MM",BEAT POP ESP CBS PIXEL,3000.0
082342MBK0LZ0,"SPX2 10W30 SLMB 0,8L REP",BEAT POP ESP CBS PIXEL,70500.0
45530KVY911,CYLINDER SET MASTER,BEAT POP ESP CBS PIXEL,77000.0
08234M99K8LZ0,SCOOTER GEAR OIL-SYN120MLREP,BEAT POP ESP CBS PIXEL,19500.0
06455K59A71,"PAD SET,FR BRAKE",GENIO CBS ISS,89000.0
45530KVY911,CYLINDER SET MASTER,BEAT SPORTY CBS,77000.0
35200KYZ901,SWITCH UNIT WINKER,VARIO TECHNO 125 FI CBS,30000.0
43130KZL930,BRAKE SHOE,VARIO TECHNO 125 FI CBS,55500.0
06535GN5505,RACE STEERING KIT,Genio CBS ISS,103000.0
30700KPH881,CAP ASSY NOISE SUPPRESSOR,SCOOPY FI,50500.0
22804GB2880,RUBBER CLUTCH DAMPER,VARIO CAST WHEEL,18000.0
22011K81N00,"PIECE SET,SLIDE",VARIO CAST WHEEL,18500.0
06430K44V80,"SHOE SET,BRAKE",BeAT Sporty CBS ISS,57500.0
17220K59A10,SET ILLUST AIR/C ELEMENT,BeAT Street,65000.0
17210K16900,"ELEMENT COMP., AIR CLEANER",BeAT Street,53500.0
03512HDL000,HONDA DISC LOCK,VARIO 160 ABS,107500.0
HB6201RS,"BEARING, BALL",VARIO 125 CBS,52000.0
23100KZRBA0,BELT DRIVE KIT,VARIO 125 CBS,200500.0
ACG10GR,AHM CVT GREASE 10 GR,SCOOPY PRESTIGE,15000.0
44711K59A12,TIRE FR TL (80/90-14),VARIO 125 CBS,263000.0
082322MAU0JN3,"OLI MPX3 20W40 0,8L NIP",SUPRA,50500.0
06455KREK02,"PAD SET, FR",PCX 160 ABS,121500.0
42711K59A12,TIRE RR TL (90/90-14),BeAT Sporty CBS ISS,297000.0
31926KRM841,SPARK PLUG CPR9EA9 (NGK),NEW VARIO 125 CBS ISS,23000.0
31926KYT901,SPARK PLUG U27EPR-9 (DS),SUPRA X 125 R DD,23000.0
HBF50ML,"BRAKE,FLUID",VARIO 110 CBS ISS,8500.0
11395KYAC00,"GASKET,L COVER",NEW SUPRA X 125 CW FI MMC,8500.0
31916KWB601,SPARK PLUG CPR6EA9S (NGK),NEW BLADE 125 FI R STD,25500.0
34906GB6921,BULB TAILLIGHT,VARIO 150 MMC,12500.0
AHGK0010014,HONDA LEATHER KEYCHAIN,GENIO CBS ISS SE,57000.0
AHTS0201048,HRC23 ELGNT NAVY TSHIRT L,GENIO CBS ISS SE,140000.0
HIC60ML,HONDA INJECTOR CLEANER,SUPRA X 125 CW MMC,27500.0
23100K2SN01,BELT DRIVE,VARIO 160 ABS,142500.0
ALF6201RS,BEARING BALL (SET),VARIO 160 ABS,49900.0
082342MAK8LZ0,"SPX1 10W30 SLMA 1,2L REP",CBR 150R ABS,90000.0
35340GW3980,SWITCH FR STOP,NEW SCOOPY STYLISH,63000.0
22011K81N00,"PIECE SET,SLIDE",NEW SCOOPY STYLISH,18500.0
17210K0JN00,"ELEMENT COMP,AIR/C",NEW SCOOPY STYLISH,55000.0
22123K0JN00,"ROLLER SET,WEIGHT",NEW SCOOPY STYLISH,42000.0
23100K1ABA0,"BELT DRIVE, KIT",BEAT SPORTY CW,615000.0
43125KPH903,SHOE COMP BRAKE (NA),BEAT SPORTY CW,871500.0
06455KREK02,"PAD SET, FR",BEAT SPORTY CW,121500.0
HB62012RS,"BEARING, BALL",PCX 160 CBS,65200.0
19200KWN901,"PUMP ASSY., WATER",NEW VARIO ESP CBS ADVANCE,284000.0
082322MBK0LN1,"OLI MPX2 10W30 SL 0,8L IDE",BEAT CBS FI MMC,59000.0
2212AKWN900,ROLLER WEIGHT SET,VARIO 150,69500.0
17210KYZ900,"ELEMENT COMP, AIR/C",SUPRA X 125 HELM IN FI,55000.0
06401KYZ900,DRIVE CHAIN KIT,SUPRA X 125 HELM IN FI,220500.0
31926KRM841,SPARK PLUG CPR9EA9 (NGK),NEW VARIO ESP CBS ISS,23000.0
53178K81N30,LEVER L STEERING HANDLE,VARIO 150 NEW ACC,45000.0
OSC70ML,OIL SYSTEM CLEANER 70ML,VARIO 125 CBS,30000.0
HIC60ML,HONDA INJECTOR CLEANER,ADV150 ABS,0.0
08232M99K0LN5,"MPX2 10W30 SLMB 0,8L CAS",ADV150 ABS,59000.0
91005KVBN50,"BRG,COMP DRIVE SHAFT",ADV150 ABS,39500.0
31917KPH902,SPARK PLUG CPR7EA9 (NGK),NEW SUPRA X 125 FI CW,23000.0
14520GFC771,LIFTER ASSY. TENSIONER,NEW VARIO TECHNO PGM FI,76000.0
12251KZR601,"GASKET, CYLINDER HEAD",NEW VARIO TECHNO PGM FI,24000.0
31500KZR602,BATTERY(GTZ6V),VARIO 125 CBS-ISS MMC,302000.0
HB6201RS,"BEARING, BALL",ADV150 ABS,52000.0
08294M99Z8YN1,SCOOTER GEAR OIL (120ML) IDE,ADV150 ABS,16500.0
22011K1NV01,"PIECE SET,SLIDE",ADV150 ABS,28500.0
31926KYT901,SPARK PLUG U27EPR-9 (DS),ADV150 ABS,23000.0
51490KC5305,SEAL SET FR FORK,ADV150 ABS,98000.0
SS8175ML,OIL SHOCK,ADV150 ABS,59000.0
22011K0JN00,"PIECE SET,SLIDE",BEAT FI CW,16500.0
22110GFM960,"FACE COMP., MOVABLE DRIVE",BEAT FI CW,82000.0
35340KWB601,SWITCH FR STOP ASSY,BeAT Street,55500.0
31926KRM841,SPARK PLUG CPR9EA9 (NGK),NEW CB150R STREETFIRE,23000.0
17210K1AN00,"ELEMENT COMP,AIR/C",PCX,51500.0
2212AK36T00,ROLLER WEIGHT SET,ADV160 CBS,54000.0
9410912000,"WASHER, DRAIN PLUG, 12MM",ADV160 CBS,1500.0
31919K25602,SPARK PLUG U27EPR-N9 (DS),NEW VARIO TECHNO PGM FI,24500.0
08234M99K8LZ0,SCOOTER GEAR OIL-SYN120MLREP,VARIO TECHNO 125 FI CBS,19500.0
SS8175ML,OIL SHOCK,BEAT SW FI MMC,29500.0
HIC60ML,HONDA INJECTOR CLEANER,VARIO 125 CBS,27500.0
08294M99Z8YZ1,SCOOTER GEAR OIL (120ML) IDE,VARIO 125 CBS,16500.0
22110GFM960,"FACE COMP., MOVABLE DRIVE",VARIO 125 CBS,82000.0
44830KVBT00,"CABLE COMP,SPDMT",VARIO 125 CBS,39000.0
06401K15900,DRIVE CHAIN KIT,CB150R,346000.0
23100K97BA0,BELT DRIVE KIT,NEW PCX 150 ABS,208500.0
22011KWN900,"PIECE SET,SLIDE",NEW PCX 150 ABS,25000.0
22361K44V01,PLATE CLUTCH SIDE,NEW SCOOPY FASHION,13000.0
31926KYT902,31926KYT901,SCOOPY ESP,16000.0
17210K0JN00,"ELEMENT COMP,AIR/C",SCOOPY ESP,55000.0
91202K0JN01,OIL SEAL 19.5X31.5X6,SCOOPY ESP,24000.0
91202KJ9003,OIL SEAL 20X32X6,SCOOPY ESP,8500.0
082342MBK8LZ0,"SPX2 10W30 SLMB 0,65L REP",SCOOPY ESP,61500.0
23100K0JBA0,BELT DRIVE KIT,SCOOPY ESP,130500.0
88120KZR600,MIRROR ASSY L,BEAT SPORTY CW,43500.0
42711KVB931,TIRE RR TT (90/90-14),BEAT SPORTY CW,225000.0
06783LCL223,BAN DLM ,BEAT SPORTY CW,50000.0
082322MBK2LN9,"MPX2 10W30 SLMB 0,8L FED",VARIO 150,59000.0
31916KWB601,SPARK PLUG CPR6EA9S (NGK),NEW BLADE R 125 FI,25500.0
91202KVB901,OIL SEAL 20.8X52X7.5,BEAT FI SW,8700.0
22011K93N00,PIECE SET SLIDE,BEAT FI SW,16500.0
AHUB0001001,HRC24 RWB TRAVEL UMBRELLA,BeAT Street,251000.0
22535K35V01,WEIGHT SET CLUTCH,BEAT SPORTY CBS ISS,141000.0
9410912000,"WASHER, DRAIN PLUG, 12MM",ALL NEW SCOOPY SPORTY,1500.0
082342MAK8LZ0,"SPX1 10W30 SLMA 1,2L REP",ALL NEW SONIC 150 R,90000.0
HB6201,"BEARING,BALL",ALL NEW SONIC 150 R,40000.0
34901KFVB51,BULB HEADLIGHT (12V 25/25W),SUPRA X 125 CW MMC,38000.0
01675SILVERS,SIL VERSNELENG SX125,SUPRA X 125 CW MMC,15000.0
01675LCL009,SIL TUTUP KLEP KPH,SUPRA X 125 CW MMC,12000.0
01675LCL100,TANCAP 10WATT,SUPRA X 125 CW MMC,6000.0
08234M99K8LN9,"OLI SPX1 10W30 SLMA 1,2L FED",NEW CBR 150R STD,90000.0
22401KVY900,SPRING CLUTCH,NEW SCOOPY PRESTIGE,21000.0
2212AK44V00,ROLLER WEIGHT SET,ALL NEW SCOOPY STYLISH,55000.0
31926KRM841,SPARK PLUG CPR9EA9 (NGK),ALL NEW SCOOPY STYLISH,23000.0
22401KVB900,SPRING CLUTCH,ALL NEW SCOOPY STYLISH,28500.0
06298LCLFI01,CAIRAN FLASH,ALL NEW SCOOPY STYLISH,20000.0
91202KVB901,OIL SEAL 20.8X52X7.5,ALL NEW SCOOPY STYLISH,8700.0
23233K44V00,SPRING DRIVEN FACE,ALL NEW SCOOPY STYLISH,35500.0
06455KWN931,"PAD SET,FR",PCX 160 CBS,489000.0
34906GB6921,BULB TAILLIGHT,VARIO TECHNO NON CBS,12500.0
HBF50ML,"BRAKE,FLUID",VARIO TECHNO NON CBS,8500.0
45530KVY911,CYLINDER SET MASTER,VARIO TECHNO NON CBS,77000.0
10940LCL02,ENGINE FLUSH,VARIO TECHNO NON CBS,60000.0
08234M99K8LZ0,SCOOTER GEAR OIL-SYN120MLREP,VARIO TECHNO NON CBS,19500.0
ACG10GR,AHM CVT GREASE 10 GR,VARIO 160 ABS,15000.0
17210K1ZN20,"ELEMENT COMP,AIR/C",VARIO 160 ABS,76500.0
08CLAH50500,HONDA M/C GENUINE COOLANT,VARIO 160 ABS,19500.0
06535GN5505,RACE STEERING KIT,Genio CBS,103000.0
ACG10GR,AHM CVT GREASE 10 GR,Genio CBS,15000.0
44830KVBT00,"CABLE COMP,SPDMT",BEAT FI CW,39000.0
08234M99K8LZ0,SCOOTER GEAR OIL-SYN120MLREP,SCOOPY ENERGETIC,19500.0
082342MBK8LZ0,"SPX2 10W30 SLMB 0,65L REP",SCOOPY ENERGETIC,61500.0
06455KVBT01,PAD SET FR,Genio CBS ISS,56500.0
9410912000,"WASHER, DRAIN PLUG, 12MM",Genio CBS ISS,1500.0
AHGK0010014,HONDA LEATHER KEYCHAIN,Genio CBS ISS,52000.0
23100KZRBA0,BELT DRIVE KIT,VARIO TECHNO NON CBS,200500.0
07220LCL04,HIC60ML(INJECTOR CLEANER),NEW VARIO 150,47500.0
34908GA7701,BULB W BASE,NEW VARIO 150,19500.0
17210K97N00,ELEMENT COMP AIR/C,NEW PCX 150 CBS,79500.0
22123K0JN00,"ROLLER SET,WEIGHT",NEW PCX 150 CBS,42000.0
16707KWN712,16707KWN711,REVO FIT,44000.0
31926KRM841,SPARK PLUG CPR9EA9 (NGK),ALL NEW SCOOPY SPORTY,23000.0
9806958921, SPARK PLUG X24EPU9 (DS),VARIO 125 CBS ISS,18000.0
35170KYZ901,SWITCH UNIT DIMMER,BEAT SPORTY CBS ISS,17500.0
23100K36J02,BELT DRIVE,NEW VARIO 150,151000.0
45530KVY911,CYLINDER SET MASTER,SCOOPY ESP,77000.0
22201KGH601,DISK CLUTCH FRICTION,ALL NEW CBR150R,260000.0
08CLAH50500,HONDA M/C GENUINE COOLANT,ALL NEW CBR150R,19500.0
082342MAK1LZ0,SPX1 10W30 SLMA 1L REP,ALL NEW CBR150R,77500.0
22120KPPT01,"CENTER,CLUTCH",ALL NEW CBR150R,154000.0
0821222,INJEKSI CLEANER PLUS,BEAT STREET CBS,80000.0
9806786871, SPARK PLUG U20EPR9 (DS),BEAT STREET CBS,19500.0
31500KZR601,BATTERY YTZ6-V,SONIC 150R MATTE BLACK,332000.0
2212AK44V00,ROLLER WEIGHT SET,NEW SONIC 150R STANDARD,55000.0
12209GB4682,SEAL VLV. STEM,REVO SW FI,12000.0
06535GN5505,RACE STEERING KIT,NEW VARIO 125 CBS-ISS,103000.0
ACG10GR,AHM CVT GREASE 10 GR,NEW VARIO 125 CBS-ISS,15000.0
082342MBK8LZ0,"SPX2 10W30 SLMB 0,65L REP",BEAT FI CW,61500.0
082322MBK0LN1,"OLI MPX2 10W30 SL 0,8L IDE",BeAT Sporty CBS ISS,59000.0
53178K81N30,LEVER L STEERING HANDLE,VARIO 125 CBS,45000.0
16016K03H11UJ,SCREW SET,VARIO 150,25000.0
11395KPH900,GASKET L CRANKCASE COVER,SUPRA X 125 CW MMC,10500.0
14610KWB601,ROLLER COMP CAM CHAIN GUIDE,SUPRA X 125 CW MMC,38000.0
14541GB4682,SPRING TENSIONER,SUPRA X 125 CW MMC,2000.0
14721KWN900,"VALVE, EXHAUST",VARIO 125 CBS,102000.0
14711KWN900,"VALVE, INLET",VARIO 125 CBS,46000.0
HPC480ML,HONDA PARTS CLEANER,Beat Sporty,40000.0
31500KZR602,BATTERY(GTZ6V),REVO FIT,302000.0
38300KPH881,RELAY ASSY WINKER,NEW VARIO 125 CBS,74000.0
34905GM9003,BULB WINKER,NEW VARIO 125 CBS,9000.0
34908GA7701,BULB W BASE,NEW VARIO 125 CBS,6500.0
3501AK60B00,KEY SET ASSY,NEW VARIO 125 CBS,277500.0
08294M99Z8YN1,SCOOTER GEAR OIL (120ML) IDE,SCOOPY FI,16500.0
ACG10GR,AHM CVT GREASE 10 GR,BEAT CW FI MMC,15000.0
06535GN5505,RACE STEERING KIT,BEAT CW FI MMC,103000.0
SS8175ML,OIL SHOCK,SCOOPY ESP,29500.0
51490KGH901,SEAL SET FR FORK,SCOOPY ESP,116000.0
31201KPH881,BRUSH TERMINAL SET,REVO FIT,23000.0
08262LCL24,WASHER 10,REVO FIT,4000.0
08262LCL17,BAUD 8 SET,REVO FIT,20000.0
34906GB6921,BULB TAILLIGHT,REVO FIT,12500.0
HBF50ML,"BRAKE,FLUID",REVO FIT,8500.0
45530K03M61,"CYLINDER SET, MASTER",REVO FIT,96000.0
082342MAK0LZ0,"SPX1 10W30 SLMA 0,8L REP",REVO FIT,69500.0
08262LCLSULINGAN,SULINGAN KETENG + PER,REVO FIT,40000.0
08262LCL06401KWW,DRIVE CHAIN KIT,REVO FIT,225000.0
50500K0JN00,"STAND COMP,MAIN",NEW SCOOPY PRESTIGE,115500.0
06455KVBT01,PAD SET FR,BEAT FI CBS,60500.0
AHB6201RS,BEARING BALL (SET),BEAT FI CBS,51400.0
08234M99K8LZ0,SCOOTER GEAR OIL-SYN120MLREP,BEAT FI CBS,19500.0
91202KTW901,OIL SEAL 12X26X5 18,BEAT FI CBS,33000.0
91307PLC004,"O-RING, 9.5X1.9",BEAT FI CBS,27500.0
CC200ML,CARBON CLEANER 200ML,BEAT FI CBS,45500.0
082322MAK8LZ1,"OLI MPX1 10W30 SL 1,2L IDE",VARIO 125 CBS,73000.0
34901KFVB51,BULB HEADLIGHT (12V 25/25W),NEW VARIO,19000.0
91202K50T01,OIL SEAL 20.8X52X6X7.5,NEW VARIO,6500.0
08294M99Z8YN1,SCOOTER GEAR OIL (120ML) IDE,NEW VARIO,16500.0
082322MBK0LN9,"MPX2 10W30 SLMB 0,8L FED",NEW VARIO,39500.0
34905GM9003,BULB WINKER,NEW VARIO,9000.0
06455K46N21,"PAD SET, FR. BRAKE",BEAT SPORTY CW,62000.0
91009KVB903,"BRG,BALL RADIAL 60/22 UU",PCX 160 ABS,47600.0
082322MBK0LN9,"MPX2 10W30 SLMB 0,8L FED",SCOOPY FI,39500.0
082322MAK0LN1,"OLI MPX1 10W30 SL 0,8L IDE",KARISMA 125 D,57000.0
18318K2FN00ZJ,"COVER,MUFFLER (BLK)",NEW SCOOPY SPORTY,96500.0
86832K2FN80ZA,"STRIPE, L BODY COVER TYPE 2",NEW SCOOPY SPORTY,40000.0
64202K2FN00YF,"COVER, L FRONT (MA SD SL)",NEW SCOOPY SPORTY,195000.0
83600K2FN00ZX,"COVER, L BODY (MT GN BL)",NEW SCOOPY SPORTY,302000.0
64421K2FN00YJ,"COVER, UNDER R SIDE (MT GN BL)",NEW SCOOPY SPORTY,150000.0
86645K2FN80ZA,"STRIPE, L FRONT COVER TYPE 2",NEW SCOOPY SPORTY,32000.0
64301K2FN00YA,"COVER, FR TOP (MT GN BL)",NEW SCOOPY SPORTY,239000.0
86642K2FN80ZA,"STRIPE,UNDER L SIDE COVER TYPE 2",NEW SCOOPY SPORTY,40000.0
86836K2FN10ZB,"MARK,SCOOPY TYPE 1",NEW SCOOPY SPORTY,102000.0
86644K2FN80ZA,"STRIPE, R FRONT COVER TYPE 2",NEW SCOOPY SPORTY,32000.0
81141K2FN80ZE,COVER INNER (MT GN BL),NEW SCOOPY SPORTY,360000.0
86831K2FN80ZA,"STRIPE, R BODY COVER TYPE 2",NEW SCOOPY SPORTY,40000.0
86641K2FN80ZA,"STRIPE,UNDER R SIDE COVER TYPE 2",NEW SCOOPY SPORTY,40000.0
64310K2FN80ZB,"STEP,FLOOR (BLK)",NEW SCOOPY SPORTY,94000.0
64201K2FN00YF,"COVER, R FRONT (MA SD SL)",NEW SCOOPY SPORTY,195000.0
61100K2FN00YJ,"FENDER, FR (MA SD SL)",NEW SCOOPY SPORTY,225000.0
64431K2FN00YK,"COVER, UNDER L SIDE (MT GN BL)",NEW SCOOPY SPORTY,150000.0
83500K2FN00ZX,"COVER, R BODY (MT GN BL)",NEW SCOOPY SPORTY,302000.0
31916KWB601,SPARK PLUG CPR6EA9S (NGK),REVO,25500.0
082322MBK9LN0,"MPX2 10W30 SLMB 0,65L REP O",BEAT SPORTY CBS,50000.0
082322MAK8LZ1,"OLI MPX1 10W30 SL 1,2L IDE",ALL NEW CBR 150R,73000.0
082342MBK0LZ0,"SPX2 10W30 SLMB 0,8L REP",BEAT CBS FI MMC,70500.0
17653LCL03,INJECTOR CLEANER,BEAT CBS FI MMC,25000.0
06535GN5505,RACE STEERING KIT,REVO CAST WHEEL,103000.0
082322MAU0JN3,"OLI MPX3 20W40 0,8L NIP",REVO CAST WHEEL,50500.0
ACG10GR,AHM CVT GREASE 10 GR,REVO CAST WHEEL,15000.0
082322MAK0LN1,"OLI MPX1 10W30 SL 0,8L IDE",BEAT SPORTY CW,57000.0
08294M99Z8YZ1,SCOOTER GEAR OIL (120ML) IDE,PCX 160 CBS,16500.0
42711K93N02,TIRE RR TL (110/90-12),Genio CBS ISS,347000.0
30700KZR602,CAP ASSY.NOISE SUPPRESSOR,Beat Sporty,32000.0
34908GA7701,BULB W BASE,NEW SCOOPY FI,6500.0
10147LCL51,KARBU CLEANER,BeAT Sporty CBS,5000.0
10147LCL17,DSM INJEKTOR,BeAT Sporty CBS,30000.0
35180KYZ901,SWITCH UNIT HORN,BeAT Sporty CBS,23000.0
23100KVY902,BELT DRIVE,BeAT Street,113000.0
42711KPH881,TIRE RR TT (2.75-17),SUPRA X 125 R DD,247000.0
44711KPH881,TIRE FR TT (2.50-17),SUPRA X 125 R DD,201000.0
06455KWB601,PAD SET FR,REVO X,55000.0
17572GGLJ00,"O-RING, FUEL PUMP",BEAT SPORTY CBS ISS,17500.0
SS8175ML,OIL SHOCK,BEAT STREET,500.0
51490GN5305,SEAL SET FR FORK,BEAT STREET,44000.0
06455KVBT01,PAD SET FR,BEAT STREET,60500.0
22123K97B00,"ROLLER SET,WEIGHT",PCX 160 ABS,54000.0
08294M99Z8YN1,SCOOTER GEAR OIL (120ML) IDE,VARIO 125 CBS-ISS MMC,16500.0
17220KZR600,"ELEMENT SET, AIR CLEANER",VARIO 125 CBS-ISS MMC,59000.0
12391KZR600,"GASKET, CYLINDER HEAD COVER",VARIO 125 CBS-ISS MMC,55000.0
2212AKWN900,ROLLER WEIGHT SET,VARIO 125 CBS-ISS MMC,69500.0
06298LCLFI01,CAIRAN FLASH,VARIO 125 CBS-ISS MMC,20000.0
43130KZL930,BRAKE SHOE,NEW VARIO CBS PGM FI,55500.0
22011K0JN00,"PIECE SET,SLIDE",BeAT Sporty CBS,16500.0
51490KGH902,SEAL SET FR FORK,BEAT SPORTY CW,86000.0
51401KWB921,SPRING FR FORK,BEAT SPORTY CW,49000.0
51410KVY731,PIPE COMP FR FORK,BEAT SPORTY CW,289000.0
43130KZL930,BRAKE SHOE,NEW SCOOPY SPORTY,55500.0
34906GB6921,BULB TAILLIGHT,NEW SCOOPY SPORTY,12500.0
91202K0JN01,OIL SEAL 19.5X31.5X6,NEW SCOOPY SPORTY,24000.0
082342MAK1LZ0,SPX1 10W30 SLMA 1L REP,CB150R,77500.0
082322MBK3LN9,"MPX2 10W30 SLMB 0,65L CAS",ALL NEW SCOOPY STYLISH,50000.0
01626LCL88,Ban LUAR BLK FDR 90/90-14 XSPORT,BEAT SPORTY CBS ISS,260000.0
082342MBK0LZ0,"SPX2 10W30 SLMB 0,8L REP",NEW VARIO 125 CBS-ISS,70500.0
43125KPH903,SHOE COMP BRAKE (NA),REVO FIT,41500.0
90666SDAA01,CLIP SNAP FIT (P0),VARIO 125 CBS ISS,2500.0
08232M99K8LN0,SCOOTER GEAR OIL (120ML)REP,VARIO 125 CBS ISS,16500.0
06833LC1382,PART CLEANER,NEW SCOOPY SPORTY,5000.0
22011K93N00,PIECE SET SLIDE,BEAT SPORTY CBS ISS,16500.0
53199KVG910,SPRING BRAKE LEVER RETURN,BeAT Sporty CBS ISS,5000.0
06455KVBT01,PAD SET FR,SCOOPY ESP,60500.0
082342MBK0LZ9,"OLI MPX2 10W30 SL 0,8L FED",SCOOPY ESP,59000.0
31500KZR602,BATTERY(GTZ6V),SCOOPY ESP,302000.0
9410912000,"WASHER, DRAIN PLUG, 12MM",SUPRA X 125 R DD,1500.0
10609LCL9806786871,SPARK PLUG U20EPR9 ,REVO X,20000.0
082322MBK9LN0,"MPX2 10W30 SLMB 0,65L REP O",SCOOPY STYLISH,50000.0
082322MBK0LN1,"OLI MPX2 10W30 SL 0,8L IDE",ADV150 ABS,59000.0
06455KVBT01,PAD SET FR,NEW VARIO 125 CBS-ISS,60500.0
43130KZL930,BRAKE SHOE,ADV160 ABS,55500.0
08294M99Z8YN1,SCOOTER GEAR OIL (120ML) IDE,BEAT FI CBS,16500.0
15600LCL02,GEMUK CVT,BEAT FI CBS,25000.0
082322MBK3LN9,"MPX2 10W30 SLMB 0,65L CAS",BEAT FI CBS,50000.0
15600LCL08,CAIRAN INJECTOR,BEAT FI CBS,35000.0
15600LCL24,ENGINE FLUSH,BEAT FI CBS,25000.0
31926KYT901,SPARK PLUG U27EPR-9 (DS),BEAT FI CBS,23000.0
81131K1AN00ZA,"COVER,INNER UPPER (BLACK)",BeAT Street,56500.0
61100K1AN00MGB,"FENDER,FR (MT GN BL)",BeAT Street,123000.0
64310K1AN00ZA,"STEP,FLOOR (BLACK)",BeAT Street,66500.0
81141K1AN00ZA,"COVER,INNER LOWER (BLACK)",BeAT Street,82000.0
06455KPP901,PAD SET FR,ALL NEW CB150R STREETFIRE,53000.0
082322MBK2LN0,"MPX2 10W30 SLMB 0,8L REP O",VARIO 125 CBS ISS,59000.0
08294M99Z8YZ1,SCOOTER GEAR OIL (120ML) IDE,PCX160 RoadSync,16500.0
30700KZL931,CAP ASSY NOISE SUPPRESSOR,BEAT SPORTY CW,35500.0
22011K1NV01,"PIECE SET,SLIDE",VARIO 125 CBS,28500.0
22105K1NV00,"BOSS,DRIVE FACE",VARIO 125 CBS,32000.0
2212AKWN640,ROLLER WEIGHT SET,VARIO 160 ABS,54000.0
43130KZL930,BRAKE SHOE,VARIO 160 ABS,55500.0
22011KWN900,"PIECE SET,SLIDE",VARIO 160 ABS,25000.0
22102K1ZN20,"FACE,DRIVE",PCX 160 ABS,58000.0
23100K2SN01,BELT DRIVE,PCX 160 ABS,142500.0
91351GR1000,O-RING 38.5X2,PCX 160 ABS,4500.0
06535GN5505,RACE STEERING KIT,PCX 160 ABS,103000.0
91211KN7671,SEAL DRIVEN FACE 34X41X4,PCX 160 ABS,12000.0
082342MBK8LZ0,"SPX2 10W30 SLMB 0,65L REP",BEAT SPORTY CW,61500.0
17910KVB904,CABLE COMP THROTTLE,BEAT STREET CBS,98000.0
30700KZL931,CAP ASSY NOISE SUPPRESSOR,BEAT STREET CBS,35500.0
HPC480ML,HONDA PARTS CLEANER,BEAT STREET CBS,40000.0
082322MBK8LZ0,"MPX2 10W30 SLMB 0,8L REP",NEW VARIO ESP CBS ISS ADVA,59000.0
23100K1ZBA0,"BELT DRIVE, KIT",PCX 160 ABS,187650.0
44711K1ZN21,TIRE FR TL (110/70-14),PCX 160 ABS,369900.0
23100K97BA0,BELT DRIVE KIT,ADV150 ABS,208500.0
16700K97T01,UNIT ASSY FUEL PU,ADV150 ABS,705000.0
HBF50ML,"BRAKE,FLUID",Beat Sporty,8500.0
12251K0JN01,"GASKET,CYLINDER HEAD",VARIO 125 CBS,12500.0
12191K0JN01,"GASKET,CYLINDER",VARIO 125 CBS,8500.0
12251KZY701,"GASKET, CYL HEAD",VARIO 125 CBS,33000.0
34901K25600,BULB HEAD LIGHT,SUPRA X 125 CW MMC,43000.0
38502KWN901,"RELAY COMP,POWER",BEAT SPORTY CBS,67000.0
31220K25601,STATOR COMP (MB),BEAT SPORTY CBS,735500.0
38501KVZ631,"RELAY COMP,MICROISO LOW HIGHT",BEAT SPORTY CBS,33500.0
ACG10GR,AHM CVT GREASE 10 GR,VARIO FI,15000.0
082342MBK0LZ0,"SPX2 10W30 SLMB 0,8L REP",SUPRA X 125 CW MMC,70500.0
HBF50ML,"BRAKE,FLUID",VARIO 150 MMC,8500.0
45530KVY911,CYLINDER SET MASTER,VARIO 150 MMC,77000.0
2341,BAUT ULIR,VARIO 150 MMC,2000.0
ALF6201RS,BEARING BALL (SET),VARIO 125 CBS,49900.0
23100K35BA0,"BELT DRIVE, KIT",VARIO 150,175000.0
HB6201RS,"BEARING, BALL",Beat Sporty,52000.0
082322MBK3LN1,"MPX2 10W30 SLMB 0,65L IDE E",New Vario 150,50000.0
16707KVBS51,FILTER SET,SCOOPY ESP,54000.0
53199KVG910,SPRING BRAKE LEVER RETURN,BeAT Street,5000.0
HPC480ML,HONDA PARTS CLEANER,PCX 160 CBS,40000.0
LJKL,JOK SET,REVO FIT,300000.0
14401K56N01,CHAIN CAM(120L),CBR 150R STD,188000.0
08CLAH50500,HONDA M/C GENUINE COOLANT,CBR 150R STD,19500.0
31926KRM841,SPARK PLUG CPR9EA9 (NGK),BEAT FI CW,23000.0
34908MB9871,BULB W BASE,NEW VARIO ESP CBS ADVANCE,3500.0
45530KVY911,CYLINDER SET MASTER,SUPRA X 125 CW MMC,77000.0
HBF50ML,"BRAKE,FLUID",BEAT SPORTY CW,8500.0
22102KZR600,"FACE, DRIVE",VARIO 150,52500.0
22110K36A00,FACE COMP MOVABLE DRIVE,VARIO 150,85000.0
08294M99Z8YN1,SCOOTER GEAR OIL (120ML) IDE,SCOOPY STYLISH,16500.0
082342MBK8LZ0,"SPX2 10W30 SLMB 0,65L REP",SCOOPY STYLISH,61500.0
9410912000,"WASHER, DRAIN PLUG, 12MM",NEW SCOOPY SPORTY,1500.0
22535K81N00,WEIGHT SET CLUTCH,BEAT SPORTY CW,154000.0
OSC70ML,OIL SYSTEM CLEANER 70ML,SCOOPY PRESTIGE,30000.0
31500KZR602,BATTERY(GTZ6V),BEAT FI SW,302000.0
06455K84902,"PAD SET, FR BRAKE",BEAT FI SW,72500.0
2212AK36T00,ROLLER WEIGHT SET,VARIO 150,54000.0
35111K59A71,FOB ASSY,VARIO 150,335500.0
44711K59A12,TIRE FR TL (80/90-14),BEAT SPORTY CBS,263000.0
SS8175ML,OIL SHOCK,ALL NEW SCOOPY PLAYFUL,29500.0
HBF50ML,"BRAKE,FLUID",REVO CW FI,8500.0
082322MAK0LN5,"MPX1 10W30 SLMA 0,8L CAS",REVO CW FI,57000.0
53175KET920,LEVER R HANDLE,SUPRA X 125 PGM FI CW DD,69500.0
082342MAK0LZ0,"SPX1 10W30 SLMA 0,8L REP",SUPRA X 125 PGM FI CW DD,69500.0
31926KYT901,SPARK PLUG U27EPR-9 (DS),SUPRA X 125 PGM FI CW DD,23000.0
HBF50ML,"BRAKE,FLUID",SUPRA X 125 PGM FI CW DD,8500.0
45530KET920,CYLINDER SET MASTER,SUPRA X 125 PGM FI CW DD,78500.0
082322MBK3LN1,"MPX2 10W30 SLMB 0,65L IDE E",ALL NEW SCOOPY PLAYFUL,50000.0
23100KVY901,23100KVY902,BEAT SPORTY CW,120000.0
34901KFVB51,BULB HEADLIGHT (12V 25/25W),PCX160 CBS,19000.0
HB6201RS,"BEARING, BALL",REVO FIT FI,52000.0
44800KWW650,GEAR BOX ASSY SPDMT,REVO FIT FI,50500.0
082322MBK0LN9,"MPX2 10W30 SLMB 0,8L FED",BEAT STREET,39500.0
22535K44V00,WEIGHT SET CLUTCH,NEW VARIO ESP CBS,127000.0
12391KZR600,"GASKET, CYLINDER HEAD COVER",NEW VARIO 150,55000.0
131A5KRM305,PISTON KIT (1.00),NEW VARIO 150,153500.0
12209GB4682,SEAL VLV. STEM,NEW VARIO 150,6000.0
12206K97N00,"JOINT COMP,WATER HOSE",NEW VARIO 150,43500.0
19200KWN901,"PUMP ASSY., WATER",NEW VARIO 150,284000.0
12191KZR600,GASKET CYLINDER,NEW VARIO 150,13500.0
12251K97T01,"GASKET,CYLINDER HEAD",NEW VARIO 150,17500.0
082342MBK0LZ0,"SPX2 10W30 SLMB 0,8L REP",BeAT Sporty CBS ISS,141000.0
22535K16A40,WEIGHT SET CLUTCH,NEW BEAT CAST WHEEL,256500.0
082342MBK0LZ0,"SPX2 10W30 SLMB 0,8L REP",NEW BEAT CAST WHEEL,70500.0
23100KVYBA1,BELT DRIVE KIT,NEW BEAT CAST WHEEL,146500.0
22123K1AN00,"ROLLER SET,WEIGHT",NEW SCOOPY PRESTIGE,39500.0
14521K0RV00,"CAP, TENSIONER LIFTER",VARIO 160 ABS,22500.0
14520K0RV01,"LIFTER ASSY., TENSIONER",VARIO 160 ABS,63500.0
12251K1ZJ11,"GASKET,CYLINDER HEAD",VARIO 160 ABS,20500.0
14560K1ZJ11,"GASKET,TENSIONER LIFTER",VARIO 160 ABS,6000.0
12191K1ZJ11,"GASKET,CYLINDER",VARIO 160 ABS,18500.0
22123K2SN00,"ROLLER SET,WEIGHT",VARIO 160 ABS,59000.0
131A1K1Z305,PISTON KIT (STD),VARIO 160 ABS,146000.0
9410312000,"WASHER, PLAIN, 12MM",VARIO 160 CBS,3500.0
08294M99K0NL0,SCOOTER GEAR OIL-SYN120MLREP,NEW VARIO 125 CBS,16500.0
35160KYZ901,SWITCH UNIT START,NEW VARIO 125 CBS,22500.0
35421LN,LINOL,NEW VARIO 125 CBS,40000.0
082322MAK0LN1,"OLI MPX1 10W30 SL 0,8L IDE",NEW SUPRA X 125 SW FI MMC,57000.0
9806786871, SPARK PLUG U20EPR9 (DS),NEW SUPRA X 125 SW FI MMC,19500.0
22110GFM960,"FACE COMP., MOVABLE DRIVE",BEAT FI SW,82000.0
42711K59A12,TIRE RR TL (90/90-14),VARIO TECHNO NON CBS,297000.0
42753KWPE01,VALVE RIM(TRITON),VARIO TECHNO NON CBS,20000.0
44711K59A12,TIRE FR TL (80/90-14),VARIO TECHNO NON CBS,263000.0
AHB6201RS,BEARING BALL (SET),BEAT SW FI MMC,51400.0
06435K97N01,PAD SET RR BRAKE,BEAT SW FI MMC,397500.0
61100K59A70ZF,"FENDER,FR (MT GN BLK)",VARIO 125 CBS ISS,278500.0
17210K1ZN20,"ELEMENT COMP,AIR/C",PCX,76500.0
22011K1NV01,"PIECE SET,SLIDE",PCX,28500.0
22535K1NV00,"WEIGHT SET,CLUTCH",PCX,218000.0
082322MBK2LN9,"MPX2 10W30 SLMB 0,8L FED",PCX 160 CBS,59000.0
43130KZL930,BRAKE SHOE,VARIO FI,55500.0
81110H02BLA,LICENSE PLATE COVER 2023,NEW VARIO 125 CBS,59500.0
88211K93N00ZE,MIRROR COMP (BLACK),NEW SCOOPY FASHION JKT,57000.0
31926KRM841,SPARK PLUG CPR9EA9 (NGK),NEW PCX 150 CBS,23000.0
51490KRM852,SEAL SET FR FORK,NEW PCX 150 CBS,169000.0
22123K97B00,"ROLLER SET,WEIGHT",NEW PCX 150 CBS,54000.0
AHB6201RS,BEARING BALL (SET),NEW VARIO TECHNO PGM FI,51400.0
082322MAK8LN1,"OLI MPX1 10W30 SL 1,2L IDE",CBR 150R STD,73500.0
22804148000,RUBBER CLUTCH DUMPER,VARIO 125 CBS,16500.0
HB6201,"BEARING,BALL",NEW VARIO 150,40000.0
06938LCL413,BUSI (DS31926KYT),NEW VARIO ESP CBS ADVANCE,17000.0
9410312000,"WASHER, PLAIN, 12MM",BEAT,3500.0
31500KPH881,BATTERY GTZ5S GS,BEAT,248000.0
08234M99K8LZ0,SCOOTER GEAR OIL-SYN120MLREP,BEAT,19500.0
34901KC5003,BULB HEADLIGHT,CB150 VERZA CW,138500.0
082342MAK8LZ0,"SPX1 10W30 SLMA 1,2L REP",NEW SUPRA GTR150 EXCLUSIVE,90000.0
22121K56N02,"CENTER,CLUTCH",NEW SUPRA GTR150 EXCLUSIVE,64500.0
11394K56V50,"GASKET,R CRANKCASE COVER",NEW SUPRA GTR150 EXCLUSIVE,24500.0
22350K56N03,"PLATE,CLUTCH PRESSURE",NEW SUPRA GTR150 EXCLUSIVE,70000.0
HBF50ML,"BRAKE,FLUID",NEW SUPRA GTR150 EXCLUSIVE,8500.0
22201K56N01,DISK CLUTCH FRICTION,NEW SUPRA GTR150 EXCLUSIVE,615000.0
06535GN5505,RACE STEERING KIT,GENIO CBS,103000.0
082322MAK0LN1,"OLI MPX1 10W30 SL 0,8L IDE",SUPRA X 125 CW HELM IN,57000.0
082322MBK0LN1,"OLI MPX2 10W30 SL 0,8L IDE",REVO FIT,59000.0
08294M99Z8YN1,SCOOTER GEAR OIL (120ML) IDE,REVO FIT,16500.0
4054AKWB920,ADJUSTER R CHAIN ASSY,SUPRA X 125 CW MMC,10000.0
19226K56N00,"GASKET, WATER PUMP",NEW PCX 150 CBS,5000.0
17210K16900,"ELEMENT COMP., AIR CLEANER",VARIO ESP CBS ADV MMC,53500.0
16400K81N01,THROTTLE BODY ASSY,BeAT Sporty CBS ISS Deluxe,477000.0
22535K44V00,WEIGHT SET CLUTCH,BEAT STREET CBS,127000.0
53178K0JN00,"LEVER,L STRG HANDLE",NEW SCOOPY STYLISH,45500.0
31926KYT901,SPARK PLUG U27EPR-9 (DS),NEW SCOOPY PRESTIGE,23000.0
22011K1AN00,"PIECE SET,SLIDE",NEW SCOOPY PRESTIGE,15500.0
082342MBK0LZ0,"SPX2 10W30 SLMB 0,8L REP",NEW PCX 150,70500.0
11395K56N00,11395K56V50,NEW CBR 150R STD,7000.0
45530KVY911,CYLINDER SET MASTER,BeAT Sporty CBS ISS Deluxe,77000.0
34906KET940,BULB TAILLIGHT,ALL NEW SCOOPY STYLISH,16000.0
082322MBK9LN0,"MPX2 10W30 SLMB 0,65L REP O",GENIO CBS,50000.0
31926KYT901,SPARK PLUG U27EPR-9 (DS),BEAT FI SW,23000.0
17210K16900,"ELEMENT COMP., AIR CLEANER",BEAT FI SW,53500.0
31500KPH881,BATTERY GTZ5S GS,BEAT FI SW,248000.0
9410312000,"WASHER, PLAIN, 12MM",BEAT FI SW,3500.0
45530KET920,CYLINDER SET MASTER,SUPRA X 125 SW,78500.0
06455KR3404,PAD SET FR (NA),SUPRA X 125 SW,55000.0
HBF50ML,"BRAKE,FLUID",SUPRA X 125 SW,8500.0
34901KFVB51,BULB HEADLIGHT (12V 25/25W),SUPRA X 125 HELM IN FI,19000.0
HBF50ML,"BRAKE,FLUID",SUPRA X 125 HELM IN FI,8500.0
31926KRM841,SPARK PLUG CPR9EA9 (NGK),SUPRA X 125 HELM IN FI,23000.0
10940LCL01,CAIRAN INJECTOR,SUPRA X 125 HELM IN FI,50000.0
10940LCL02,ENGINE FLUSH,SUPRA X 125 HELM IN FI,60000.0
06435KPP901,PAD SET RR,SUPRA X 125 HELM IN FI,51500.0
082342MAK0LZ0,"SPX1 10W30 SLMA 0,8L REP",SUPRA X 125 HELM IN FI,69500.0
08294M99Z8YN1,SCOOTER GEAR OIL (120ML) IDE,PCX 150,16500.0
22103K44V00,WASHER 15X25X2,ALL NEW SCOOPY STYLISH,7000.0
22100K81N21,OUTER COMP CLUTCH,ALL NEW SCOOPY STYLISH,105500.0
082342MAK0LZ0,"SPX1 10W30 SLMA 0,8L REP",SCOOPY FI,69500.0
34901KFVB51,BULB HEADLIGHT (12V 25/25W),SCOOPY FI,19000.0
17220KZR600,"ELEMENT SET, AIR CLEANER",NEW VARIO 125 CBS,59000.0
91202KJ9003,OIL SEAL 20X32X6,ALL NEW SCOOPY STYLISH,8500.0
22011K1AN00,"PIECE SET,SLIDE",ALL NEW SCOOPY STYLISH,15500.0
082342MBK0LZ0,"SPX2 10W30 SLMB 0,8L REP",NEW VARIO,70500.0
90666K59A11,CLIP SNAP FIT(PO),VARIO 150 MMC,2000.0
17220KZR600,"ELEMENT SET, AIR CLEANER",VARIO 150 MMC,59000.0
08294M99Z8YZ1,SCOOTER GEAR OIL (120ML) IDE,VARIO 150 MMC,16500.0
HIC60ML,HONDA INJECTOR CLEANER,VARIO 150 MMC,27500.0
06535GN5505,RACE STEERING KIT,NEW SCOOPY STYLISH,103000.0
06945LCL39,INJEKTOR CLEANER,NEW SCOOPY STYLISH,20000.0
45530KVY911,CYLINDER SET MASTER,New Vario 150,77000.0
31916KRM841,SPARK PLUG CPR8EA9 (NGK),BEAT FI CBS,23000.0
082322MBK4LN9,"MPX2 10W30 SLMB 0,65L REP",BEAT SPORTY CW,50000.0
34906GB6921,BULB TAILLIGHT,NEW BEAT CAST WHEEL,12500.0
08234M99K8LZ0,SCOOTER GEAR OIL-SYN120MLREP,VARIO 150 SPORTY,19500.0
35170KYZ901,SWITCH UNIT DIMMER,BEAT SPORTY CW,17500.0
9410912000,"WASHER, DRAIN PLUG, 12MM",BEAT SPORTY CBS ISS,1500.0
082342MBK8LZ0,"SPX2 10W30 SLMB 0,65L REP",PCX160 CBS,61500.0
082322MAK2LN0,"MPX1 10W30 SLMA 0,8L REP",CB150R STREETFIRE,57000.0
OSC70ML,OIL SYSTEM CLEANER 70ML,BeAT Sporty CBS ISS,30000.0
38300KPH881,RELAY ASSY WINKER,VARIO 125 CBS,74000.0
22100KVY900,OUTER COMP CLUTCH,NEW BEAT CAST WHEEL,88000.0
06435KPP901,PAD SET RR,BEAT CW FI MMC,51500.0
91009KVY961,BRG BALL RADIAL 6902U,VARIO 150 SPORTY,31500.0
06455K59A71,"PAD SET,FR BRAKE",VARIO 150 MMC,89000.0
22535KWN901,WEIGHT SET CLUTCH,NEW PCX 150 CBS,159500.0
DSM13699,INJECTOR CLEANER,NEW PCX 150 CBS,40000.0
90202KN7670,NUT SPECIAL 30MM,NEW PCX 150 CBS,15000.0
42711K59A12,TIRE RR TL (90/90-14),BEAT STREET CBS,297000.0
91211KN7671,SEAL DRIVEN FACE 34X41X4,VARIO 150,24000.0
HIC60ML,HONDA INJECTOR CLEANER,VARIO 150,27500.0
91351GR1000,O-RING 38.5X2,VARIO 150,9000.0
22132KWN900,"PIECE,SLIDE",NEW VARIO 125 CBS,30000.0
082322MBK2LN9,"MPX2 10W30 SLMB 0,8L FED",NEW VARIO 125 CBS,59000.0
2212AKWN640,ROLLER WEIGHT SET,NEW VARIO 125 CBS,54000.0
91202KWN901,"OIL SEAL,26X45X6",NEW VARIO 150,10500.0
53216GN5830,WASHER STRG,VARIO 125 CBS ISS,2500.0
22535K35V01,WEIGHT SET CLUTCH,VARIO 150,141000.0
17210K1ZN20,"ELEMENT COMP,AIR/C",VARIO 150,76500.0
17210K0JN00,"ELEMENT COMP,AIR/C",NEW SCOOPY PRESTIGE,55000.0
51410KZLA01,PIPE COMP FR FORK,VARIO 150,297000.0
51490KGH902,SEAL SET FR FORK,VARIO 150,86000.0
53175K59A71,"LEVER,R STRG HANDLE",VARIO 150,34000.0
45530K59A71,CYLINDER SET MASTER,VARIO 150,26000.0
22132KWN900,"PIECE,SLIDE",NEW VARIO 150,10000.0
22804148000,RUBBER CLUTCH DUMPER,PCX 160 CBS,16500.0
06541LCLPKTINJ,PAKET INJECTOR,PCX 160 CBS,50000.0
22132KWN900,"PIECE,SLIDE",VARIO 150 MMC,10000.0
6434AKZR600ZB,COVER UNDER ASSY,ADV150 CBS,85000.0
45530KVY911,CYLINDER SET MASTER,BeAT Sporty CBS ISS,77000.0
88220K1AN01,"MIRROR COMP,L",BeAT Sporty CBS ISS,49500.0
HBF50ML,"BRAKE,FLUID",BeAT Sporty CBS ISS,8500.0
42711K59A12,TIRE RR TL (90/90-14),NEW VARIO 150,297000.0
91202K50T01,OIL SEAL 20.8X52X6X7.5,BEAT STREET CBS,6500.0
HIC60ML,HONDA INJECTOR CLEANER,NEW SCOOPY STYLISH,27500.0
08232M99K0LN5,"MPX2 10W30 SLMB 0,8L CAS",ADV160 CBS,59000.0
00200LCL01,INJECTOR CLEANER,BEAT STREET CBS,50000.0
17220KZR600,"ELEMENT SET, AIR CLEANER",VARIO 125 CBS MMC,59000.0
09460LCL035,MUR 10,ALL NEW SCOOPY STYLISH,1000.0
09460LCL034,RING 10,ALL NEW SCOOPY STYLISH,500.0
34901KFVB51,BULB HEADLIGHT (12V 25/25W),BEAT POP CW,19000.0
06455KVBT01,PAD SET FR,BEAT POP CW,60500.0
34906GB6921,BULB TAILLIGHT,BEAT POP CW,12500.0
35170KYZ901,SWITCH UNIT DIMMER,BEAT POP CW,17500.0
22100K0JN01,"OUTER COMP,CLUTCH",NEW VARIO 125 CBS,122000.0
22011K0JN00UJ,"PIECE SET,SLIDE",ALL NEW SCOOPY SPORTY,30000.0
HIC60MLUJ,HONDA INJECTOR CLEANER,ALL NEW SCOOPY SPORTY,90000.0
06435K97N01,PAD SET RR BRAKE,NEW PCX 150,132500.0
06455KREK02,"PAD SET, FR",NEW PCX 150,121500.0
22535KWN901,WEIGHT SET CLUTCH,PCX 160 CBS,159500.0
22132KWN900,"PIECE,SLIDE",VARIO FI,10000.0
082342MBK0LZ0,"SPX2 10W30 SLMB 0,8L REP",BEAT POP CW,70500.0
LHB6301RS,BEARINGBALL,CB150R STREETFIRE,70000.0
HBF50ML,"BRAKE,FLUID",NEW SUPRA X 125 FI CW,8500.0
12251KZY701,"GASKET, CYL HEAD",PCX 160 ABS,33000.0
45530KVY911,CYLINDER SET MASTER,NEW PCX 150 ABS,77000.0
HBF50ML,"BRAKE,FLUID",NEW PCX 150 ABS,8500.0
14611KWN900,"GUIDE,CAM CHAIN",NEW BEAT CAST WHEEL,7500.0
91202302010,"OIL SEAL,13.8 X 24 X 5",VARIO 125 CBS,3300.0
33450K0WN01,"WINKER ASSY,L FR",ADV160 ABS,112500.0
16700K0JN01,"UNIT ASSY,FUEL PUMP",GENIO CBS,389000.0
31919K25602,SPARK PLUG U27EPR-N9 (DS),New Vario 150,24500.0
22011KWN900,"PIECE SET,SLIDE",New Vario 150,25000.0
17220KZR600,"ELEMENT SET, AIR CLEANER",New Vario 150,59000.0
91202KWN901,"OIL SEAL,26X45X6",New Vario 150,10500.0
HPC480ML,HONDA PARTS CLEANER,New Vario 150,40000.0
HB6203RS,"BEARING,BALL",New Vario 150,31100.0
91203K35J01,OIL SEAL 20X32X6,New Vario 150,7500.0
13251LCL19,BOHLAM SERI(WB),New Vario 150,15000.0
91202KVB901,OIL SEAL 20.8X52X7.5,VARIO 125 CBS ISS,8700.0
HBF50ML,"BRAKE,FLUID",NEW SUPRA X 125 FI SW,8500.0
082322MAK0LN1,"OLI MPX1 10W30 SL 0,8L IDE",NEW SUPRA X 125 FI SW,57000.0
09639LCL111,KULL STATER ,SUPRA GTR 150,30000.0
LCL02298218,RING OLI.,BeAT Sporty CBS ISS Deluxe,3000.0
082322MAK8LN1,"OLI MPX1 10W30 SL 1,2L IDE",SCOOPY PRESTIGE,73500.0
08232M99K0LN5,"MPX2 10W30 SLMB 0,8L CAS",SCOOPY,59000.0
08933LCL175,MINYAK REM,SPACY CW HELM IN FI,20000.0
06455KPPN02,"PAD SET, FR BRAKE",ALL NEW CBR 150R,64500.0
06401K45N41,DRIVE CHAIN KIT,ALL NEW CBR 150R,357000.0
31926KRM841,SPARK PLUG CPR9EA9 (NGK),NEW VARIO,23000.0
03512HDL000,HONDA DISC LOCK,NEW SCOOPY FASHION,107500.0
35200KVB851,SWITCH UNIT WINKER,BEAT STREET CBS,32000.0
31926KYT901,SPARK PLUG U27EPR-9 (DS),NEW SCOOPY STYLISH,23000.0
17873B06,BAUT MUR RING,SPACY SPOKE WHEEL,5000.0
23100K97BA0,BELT DRIVE KIT,NEW PCX 150,208500.0
34906GB6921,BULB TAILLIGHT,VARIO FI,12500.0
082322MBK3LN1,"MPX2 10W30 SLMB 0,65L IDE E",STYLO 160 CBS,50000.0
30700K44V81,"CAP ASSY,NOISE SUPPRESSOR",SCOOPY FI,40000.0
22401KVY900,SPRING CLUTCH,PCX 160 ABS,7000.0
31500KPH881,BATTERY GTZ5S GS,SUPRA X 125 R DD,248000.0
082322MBK0LN1,"OLI MPX2 10W30 SL 0,8L IDE",VARIO 150 NEW ACC,59000.0
43130KZL930,BRAKE SHOE,BEAT STREET,55500.0
91202K0JN01,OIL SEAL 19.5X31.5X6,BEAT STREET,24000.0
17210K0JN00,"ELEMENT COMP,AIR/C",BEAT STREET,55000.0
31926KRM841,SPARK PLUG CPR9EA9 (NGK),VARIO TECHNO,23000.0
09197LCL01,INJECTOR CLEANER ,NEW SCOOPY PRESTIGE,25000.0
31926KRM841,SPARK PLUG CPR9EA9 (NGK),NEW SUPRA X 125 FI CW,23000.0
08234M99K8LZ0,SCOOTER GEAR OIL-SYN120MLREP,VARIO 110 CBS,19500.0
91202K0JN01,OIL SEAL 19.5X31.5X6,BEAT SPORTY CW,24000.0
17210K1AN00,"ELEMENT COMP,AIR/C",BEAT SPORTY CW,51500.0
34906GB6921,BULB TAILLIGHT,VARIO TECHNO,12500.0
34905KANW01,WB BULB (12V10W-YLT13),SCOOPY,15500.0
34908GA7701,BULB W BASE,SCOOPY,6500.0
31500KPH881,BATTERY GTZ5S GS,NEW SUPRA X 125 FI SW,248000.0
44800K25900,"BOX ASSY., SPEEDOMETER GEAR",BEAT POP ESP CW COMIC,64000.0
082342MBK0LZ9,"OLI MPX2 10W30 SL 0,8L FED",New Vario 150,59000.0
31917KPH902,SPARK PLUG CPR7EA9 (NGK),SUPRA X 125 CW MMC,23000.0
12391KZR600,"GASKET, CYLINDER HEAD COVER",VARIO 150 MMC,55000.0
22804148000,RUBBER CLUTCH DUMPER,VARIO 150 MMC,16500.0
23100K36BA0,"BELT DRIVE, KIT",VARIO 150 MMC,189500.0
22535K35V01,WEIGHT SET CLUTCH,VARIO 150 MMC,141000.0
22105K97T00,BOSS DRIVE FACE,NEW PCX 150 ABS,27000.0
16700K97T01,UNIT ASSY FUEL PU,NEW PCX 150 ABS,705000.0
22100KWN900,OUTER COMP CLUTCH,NEW PCX 150 ABS,130000.0
22535KWN901,WEIGHT SET CLUTCH,NEW PCX 150 ABS,159500.0
17572GGLJ00,"O-RING, FUEL PUMP",NEW PCX 150 ABS,17500.0
31926KYT901,SPARK PLUG U27EPR-9 (DS),NEW PCX 150 ABS,23000.0
22110K97T00,FACE COMP MOVABLE,NEW PCX 150 ABS,104000.0
42711K97N01,42711K97N02,NEW PCX 150 ABS,399500.0
22102K97T01,FACE DRIVE,NEW PCX 150 ABS,52000.0
91201KCW851,OIL SEAL 19.8 X 30 X 7,NEW VARIO,9000.0
08294M99Z8YZ1,SCOOTER GEAR OIL (120ML) IDE,VARIO 125 CBS ISS SP,16500.0
91351GR1000,O-RING 38.5X2,NEW PCX 150 CBS,9000.0
23100K97T01,"BELT,DRIVE",NEW PCX 150 CBS,167500.0
91211KN7671,SEAL DRIVEN FACE 34X41X4,NEW PCX 150 CBS,24000.0
22011KWN900,"PIECE SET,SLIDE",NEW PCX 150 CBS,25000.0
22132KWN900,"PIECE,SLIDE",BEAT SPORTY CW,10000.0
34901KRS901,BULB HEADLIGHT,BEAT SPORTY CBS,26500.0
23100KVYBA1,BELT DRIVE KIT,BEAT,146500.0
06455K84902,"PAD SET, FR BRAKE",STYLO 160 ABS,72500.0
06401K18900,DRIVE CHAIN KIT,CB150 VERZA CW,315500.0
HPC480ML,HONDA PARTS CLEANER,NEW SCOOPY FASHION,40000.0
06435KPP901,PAD SET RR,SUPRA X 125 SW MMC,51500.0
34901K25600,BULB HEAD LIGHT,SUPRA X 125 SW MMC,43000.0
082322MBK0LN1,"OLI MPX2 10W30 SL 0,8L IDE",BEAT SW FI MMC,59000.0
35340GW3980,SWITCH FR STOP,CB150R STREETFIRE,63000.0
082322MBK3LN1,"MPX2 10W30 SLMB 0,65L IDE E",SUPRA X 125 R DD,50000.0
9410912000,"WASHER, DRAIN PLUG, 12MM",CBR 150R STD,1500.0
31926KYT901,SPARK PLUG U27EPR-9 (DS),BeAT Sporty CBS ISS Deluxe,23000.0
31926KYT902,31926KYT901,NEW SCOOPY PRESTIGE,16000.0
AHTS0201048,HRC23 ELGNT NAVY TSHIRT L,BeAT Sporty CBS ISS,140000.0
12100K0JN00,CYLINDER COMP,BeAT Sporty CBS,246500.0
91255KGH901,OIL SEAL (26X37X10.5),BeAT Sporty CBS,17000.0
14520KZR602,14520K40F01,BeAT Sporty CBS,138500.0
131A1K0JP00,PISTON KIT STD,BeAT Sporty CBS,125000.0
12209K56N01,"SEAL, VALVE STEM(NOK)",BeAT Sporty CBS,9000.0
14401K1AN01,"CHAIN,CAM",BeAT Sporty CBS,87000.0
14711KZY700,"VALVE, IN",BeAT Sporty CBS,188000.0
12204KVY305,"GUIDE, VALVE(O.S.)",BeAT Sporty CBS,300000.0
13000K1AN00,CRANK SHAFT COMP,BeAT Sporty CBS,518000.0
91002KWN901,"BRG,BALL RADIAL 6207 SPL",BeAT Sporty CBS,290000.0
08CLAH50500,HONDA M/C GENUINE COOLANT,SONIC 150R,39000.0
43520MJ6316,M/C PISTON SET,SONIC 150R,94000.0
082322MAK8LN1,"OLI MPX1 10W30 SL 1,2L IDE",SONIC 150R,73500.0
45530KET920,CYLINDER SET MASTER,SONIC 150R,78500.0
HBF50ML,"BRAKE,FLUID",SONIC 150R,17000.0
31500KZR602,BATTERY(GTZ6V),SONIC 150R,302000.0
22870K56N01,CABLE COMP CLUTCH,SONIC 150R,44500.0
061A1KFL002,GASKET KIT A,REVO FIT,69000.0
45530KVY911,CYLINDER SET MASTER,BeAT Street,77000.0
HBF50ML,"BRAKE,FLUID",BeAT Street,8500.0
08232M99K0LN5,"MPX2 10W30 SLMB 0,8L CAS",BEAT SPORTY CBS ISS DELUXE,59000.0
15600LCL02,GEMUK CVT,NEW VARIO 125 CBS,25000.0
16111KVB903,PISTON COMP VACUUM,BEAT,142500.0
TBC500ML,THROTTLE BODY CLEANER 500ML,BEAT,35500.0
22132KWN900,"PIECE,SLIDE",PCX 160 ABS,10000.0
HB6201RS,"BEARING, BALL",VARIO 150,52000.0
02658CC02,CAIRAN INJECTOR,VARIO 150 SPORTY,40000.0
08232M99K0LN5,"MPX2 10W30 SLMB 0,8L CAS",NEW SCOOPY PRESTIGE JKT,59000.0
17572GGLJ00,"O-RING, FUEL PUMP",NEW SCOOPY PRESTIGE JKT,17500.0
HBF50ML,"BRAKE,FLUID",VARIO TECHNO 125 FI ISS,8500.0
22804GB2880,RUBBER CLUTCH DAMPER,BEAT SPORTY CW,18000.0
22535KVY900,WEIGHT SET CLUCTH,BEAT SPORTY CW,148500.0
22100K25900,OUTER COMP CLUTCH,BEAT SPORTY CW,123000.0
31926KRM841,SPARK PLUG CPR9EA9 (NGK),VARIO TECHNO 125 FI CBS,23000.0
16707KZR601,FILTER SET,NEW VARIO,287000.0
22123K1AN00,"ROLLER SET,WEIGHT",BeAT Sporty CBS,39500.0
082322MAK0LN1,"OLI MPX1 10W30 SL 0,8L IDE",LEGENDA,57000.0
22535K16A40,WEIGHT SET CLUTCH,BeAT Sporty CBS ISS,256500.0
34906GB6921,BULB TAILLIGHT,BeAT Sporty CBS ISS,12500.0
31926KRM841,SPARK PLUG CPR9EA9 (NGK),BeAT Sporty CBS ISS,23000.0
22011K93N00,PIECE SET SLIDE,BeAT Sporty CBS ISS,16500.0
31919K25602,SPARK PLUG U27EPR-N9 (DS),ALL NEW SCOOPY PLAYFUL,24500.0
41241KFL851,"DAMPER,RR WHEEL SET",NEW SUPRA X 125 FI SW,26500.0
43125KPH903,SHOE COMP BRAKE (NA),NEW SUPRA X 125 FI SW,41500.0
34908GA7701,BULB W BASE,VARIO 150 MMC,6500.0
082322MBK0LZ1,"OLI MPX2 10W30 SL 0,8L IDE",SCOOPY,58500.0
31918K97T01,SPARK PLUG MR8K9 (NGK),NEW PCX 150 ABS,24000.0
ALF6201RS,BEARING BALL (SET),BEAT SPORTY CBS,49900.0
082322MBK0LN1,"OLI MPX2 10W30 SL 0,8L IDE",BEAT POP ESP CW,59000.0
9410312000,"WASHER, PLAIN, 12MM",BEAT FI CBS,3500.0
53166K2SN00,"GRIP, L HANDLE",BEAT SPORTY CW,18500.0
53140K44V00,GRIP COMP THROTTLE,BEAT SPORTY CW,12000.0
35200K03N31,"SW UNIT,WINKER",BEAT SPORTY CW,27000.0
33130GN5831,SOCKET HEADLIGHT,BEAT SPORTY CW,18500.0
64432K1ZJ10ZT,"COVER,L FLOOR SIDE (MT GN BL)",PCX 160 ABS,379000.0
64502K1ZJ10ZR,"COVER,L FR SIDE (MT GN BL)",PCX 160 ABS,464000.0
31926KYT901,SPARK PLUG U27EPR-9 (DS),VARIO 110 CBS ISS,23000.0
13251LCL53,KLIP BODY PLASTIK,NEW SCOOPY STYLISH,15000.0
02550226,PAKET INJEKTOR CLEANER,BeAT Sporty CBS ISS Deluxe,37500.0
31918K97T01,SPARK PLUG MR8K9 (NGK),BeAT Sporty CBS ISS Deluxe,24000.0
42711K59A12,TIRE RR TL (90/90-14),BeAT Street,297000.0
082322MBK8LZ0,"MPX2 10W30 SLMB 0,8L REP",VARIO FI,59000.0
06938LCL431,CARBURATOR CLEANER,VARIO FI,35000.0
08294M99Z8YZ1,SCOOTER GEAR OIL (120ML) IDE,BEAT SPORTY CBS,16500.0
12391K44V00,"GASKET,HEAD COVER",BEAT SPORTY CBS,24000.0
HIC60ML,HONDA INJECTOR CLEANER,BEAT SPORTY CBS,27500.0
HB6203RS,"BEARING,BALL",CRF150L,62200.0
09639LCL157,LAHER 6303,CRF150L,70000.0
08234M99K1LN9,OLI SPX1 10W30 SL 1L FED,CRF150L,77500.0
08232M99K0LN5,"MPX2 10W30 SLMB 0,8L CAS",VARIO FI,59000.0
34906GB6921,BULB TAILLIGHT,VARIO 125 CBS-ISS MMC,12500.0
44711KVB930,44711KVB931,BEAT POP CW,133500.0
08262LCL336,ORING KLEP SUPRA X,SUPRA X 125 R DD,12000.0
31928MFFD01, SPARK PLUG U24EPR9 (DS),SUPRA X 125 R DD,20000.0
34906GB6921,BULB TAILLIGHT,SUPRA X 125 R DD,12500.0
91005KVBN50,"BRG,COMP DRIVE SHAFT",VARIO 125 CBS ISS SP,39500.0
AHGK0010007,HRC22 KEYCHAIN,Beat Sporty,47500.0
9805657723, SPARK PLUG U22FSU (DS),LEGENDA,18000.0
082342MAK0LZ0,"SPX1 10W30 SLMA 0,8L REP",SUPRA X,69500.0
88220K59A70,MIRROR COMP L,VARIO 150,50500.0
91251KZR601,"DUST SEAL, 21X32X5",VARIO 150,13200.0
88210K59A70,MIRROR COMP R,VARIO 150,50500.0
91005KVBN50,"BRG,COMP DRIVE SHAFT",SCOOPY ESP,39500.0
AHB6301RS,BEARING BALL (SET),SUPRA X 125 R DD,58500.0
17210K1ZN20,"ELEMENT COMP,AIR/C",VARIO 125 CBS,76500.0
07019LCL018,ANGIN  NITROGEN SET,NEW BEAT CAST WHEEL,10000.0
06535GN5505,RACE STEERING KIT,NEW SCOOPY SPORTY,103000.0
INJ01,INJECTOR CLEANER,NEW SCOOPY SPORTY,50000.0
HBF50ML,"BRAKE,FLUID",NEW SCOOPY SPORTY,8500.0
ENG01,ENGINE FLUSH,NEW SCOOPY SPORTY,30000.0
22011K1AN00,"PIECE SET,SLIDE",NEW SCOOPY SPORTY,15500.0
2212AK36T00,ROLLER WEIGHT SET,NEW PCX 150 ABS,54000.0
46500K18900,"PEDAL COMP., BRAKE",CB150 VERZA CW,70500.0
45251K18901,DISK FRONT BRAKE,CB150 VERZA CW,278000.0
06455KPP901,PAD SET FR,CB150 VERZA CW,53000.0
23100K36J01,BELT DRIVE,PCX 160 CBS,546000.0
9410312000,"WASHER, PLAIN, 12MM",BeAT Sporty CBS ISS Deluxe,3500.0
9410912000,"WASHER, DRAIN PLUG, 12MM",VARIO 125 CBS MMC,1500.0
13251LCL09,MUR,NEW VARIO TECHNO PGM FI,3000.0
19100KZR602,RADIATOR ASSY,NEW VARIO TECHNO PGM FI,360000.0
19300K35V01,THERMOSTAT ASSY,NEW VARIO TECHNO PGM FI,280000.0
12209GB4682,SEAL VLV. STEM,NEW VARIO TECHNO PGM FI,12000.0
11363KWN900,"GASKET,STATOR BASE",NEW VARIO TECHNO PGM FI,8500.0
91202KWN901,"OIL SEAL,26X45X6",NEW VARIO TECHNO PGM FI,10500.0
12191KZR600,GASKET CYLINDER,NEW VARIO TECHNO PGM FI,13500.0
35340KEV950,SWITCH FR STOP,NEW VARIO TECHNO PGM FI,14000.0
2212AK36T00,ROLLER WEIGHT SET,NEW VARIO TECHNO PGM FI,54000.0
91002KVB930,"BEARING, RADIAL BALL SPECIAL,",NEW VARIO TECHNO PGM FI,76100.0
HPC480ML,HONDA PARTS CLEANER,NEW VARIO TECHNO PGM FI,80000.0
13251LCL40,SELANG RADIATOR,NEW VARIO TECHNO PGM FI,20000.0
13000K60B00,CRANKSHAFT COMP,NEW VARIO TECHNO PGM FI,555500.0
131A1KWN902,PISTON KIT (STD),NEW VARIO TECHNO PGM FI,133500.0
12206K97N00,"JOINT COMP,WATER HOSE",NEW VARIO TECHNO PGM FI,43500.0
19037KVB901,CAP COMP RADIATOR,NEW VARIO TECHNO PGM FI,49000.0
1210AKZR600,CYLINDER COMP,NEW VARIO TECHNO PGM FI,308500.0
90701MF5003,CLAMP WATER HOSE 21 MM,NEW VARIO TECHNO PGM FI,4500.0
14520K40F01,LIFTER ASSY TENSI,NEW VARIO TECHNO PGM FI,69000.0
14100KZR600,CAMSHAFT COMP.,NEW VARIO TECHNO PGM FI,308500.0
50503KWN900,"SHAFT,MAIN STAND",NEW VARIO TECHNO PGM FI,26000.0
1443AKZR600,ARM ASSY IN VALVE ROCKER,NEW VARIO TECHNO PGM FI,86500.0
12391KZR600,"GASKET, CYLINDER HEAD COVER",NEW VARIO TECHNO PGM FI,55000.0
1444AKZR600,ARM ASSY EX VALVE ROCKER,NEW VARIO TECHNO PGM FI,90500.0
91202KJ9003,OIL SEAL 20X32X6,NEW VARIO TECHNO PGM FI,8500.0
SS8175ML,OIL SHOCK,SUPRA X 125 CW MMC,29500.0
31926KYT901,SPARK PLUG U27EPR-9 (DS),VERZA SPOKE WHEEL,23000.0
22132KWN900,"PIECE,SLIDE",NEW VARIO TECHNO PGM FI,10000.0
16700K0JN01,"UNIT ASSY,FUEL PUMP",BEAT FI SW,389000.0
19216KVB900,GASKET STATOR BASE,VARIO CAST WHEEL,9000.0
91201K44V01,"OIL SEAL,20.8X30.5X6",VERZA CAST WHEEL,5000.0
082322MBK0LN9,"MPX2 10W30 SLMB 0,8L FED",VARIO 125 CBS ISS,39500.0
51490KRM852,SEAL SET FR FORK,CB150R STREETFIRE,169000.0
SS8175ML,OIL SHOCK,CB150R STREETFIRE,29500.0
51490KGH902,SEAL SET FR FORK,VARIO 125 CBS,86000.0
51410KZLA01,PIPE COMP FR FORK,VARIO 125 CBS,297000.0
SS8175ML,OIL SHOCK,VARIO 125 CBS,29500.0
082322MBK3LN9,"MPX2 10W30 SLMB 0,65L CAS",SCOOPY STYLISH,0.0
11363KWN900,"GASKET,STATOR BASE",NEW VARIO 125 CBS,8500.0
14401KSS931,"CHAIN,CAM 92L (FS)",NEW VARIO 125 CBS,188000.0
14520GFC771,LIFTER ASSY. TENSIONER,NEW VARIO 125 CBS,76000.0
14711KWN900,"VALVE, INLET",NEW VARIO 125 CBS,46000.0
12251KZR601,"GASKET, CYLINDER HEAD",NEW VARIO 125 CBS,24000.0
91202KJ9003,OIL SEAL 20X32X6,NEW VARIO 125 CBS,8500.0
14510KZR600,"TENSIONER ASSY., CAM CHAIN",NEW VARIO 125 CBS,22500.0
19200KWN901,"PUMP ASSY., WATER",NEW VARIO 125 CBS,284000.0
12191KZR600,GASKET CYLINDER,NEW VARIO 125 CBS,13500.0
1210AKZR600,CYLINDER COMP,NEW VARIO 125 CBS,308500.0
14611KWN900,"GUIDE,CAM CHAIN",NEW VARIO 125 CBS,7500.0
14721KWN900,"VALVE, EXHAUST",NEW VARIO 125 CBS,102000.0
131A1KWN902,PISTON KIT (STD),NEW VARIO 125 CBS,133500.0
12209GB4682,SEAL VLV. STEM,NEW VARIO 125 CBS,12000.0
31500KZR602,BATTERY(GTZ6V),NEW SCOOPY PRESTIGE,302000.0
44711K59A12,TIRE FR TL (80/90-14),BEAT FI CW,263000.0
91009K50T01,"BRG,BALL RADIAL 60/22 UU",BEAT FI CW,52400.0
91255KVB902,OIL SEAL 29X44X7,BEAT FI CW,7600.0
91109KVY901,BRG NEEDLE 20X29X18,BEAT FI CW,48500.0
91202KJ9003,OIL SEAL 20X32X6,BEAT FI CW,8500.0
51490GN5305,SEAL SET FR FORK,BEAT FI CW,88000.0
LF6302RS,BEARING RADIAL BALL 6302U,BEAT FI CW,45600.0
HB6204,"BEARING,BALL",BEAT FI CW,27200.0
91009KVY961,BRG BALL RADIAL 6902U,BEAT FI CW,31500.0
23411KZL930,"SHAFT,DRIVE",BEAT FI CW,180000.0
42711K59A12,TIRE RR TL (90/90-14),BEAT FI CW,297000.0
SS8175ML,OIL SHOCK,BEAT FI CW,29500.0
51410KZLA01,PIPE COMP FR FORK,BEAT FI CW,297000.0
AHB6501RS,BEARING BALL (SET),BEAT FI CW,53600.0
33110K25901,HEADLIGHT UNIT,BEAT FI CW,166500.0
91005KVBN50,"BRG,COMP DRIVE SHAFT",BEAT FI CW,39500.0
9410912000,"WASHER, DRAIN PLUG, 12MM",VARIO 125 CBS,1500.0
082342MBK8LZ0,"SPX2 10W30 SLMB 0,65L REP",SCOOPY FI,61500.0
22011KWN900,"PIECE SET,SLIDE",BeAT Sporty CBS,25000.0
06535GN5505,RACE STEERING KIT,BeAT Sporty CBS,103000.0
08294M99Z8YZ1,SCOOTER GEAR OIL (120ML) IDE,VARIO 125 CBS-ISS MMC,16500.0
082322MBK0LZ1,"OLI MPX2 10W30 SL 0,8L IDE",VARIO 125 CBS-ISS MMC,58500.0
SS8175ML,OIL SHOCK,BEAT STREET CBS,29500.0
30400K81N52,ENG CONTROL UNIT,BEAT SPORTY CW,1052500.0
OSC70ML,OIL SYSTEM CLEANER 70ML,CB150R STREETFIRE SPECIAL,30000.0
45530KET920,CYLINDER SET MASTER,Beat Sporty,78500.0
22123K0JN00,"ROLLER SET,WEIGHT",GENIO CBS ISS,42000.0
CC200ML,CARBON CLEANER 200ML,GENIO CBS ISS,45500.0
22132GCC771,PIECE SLIDE,GENIO CBS ISS,40500.0
31926KYT901,SPARK PLUG U27EPR-9 (DS),GENIO CBS ISS,23000.0
082322MBK3LN1,"MPX2 10W30 SLMB 0,65L IDE E",SUPRA X 125 HELM IN FI,50000.0
08294M99Z8YZ1,SCOOTER GEAR OIL (120ML) IDE,BEAT FI SW,16500.0
HIC60ML,HONDA INJECTOR CLEANER,BEAT FI SW,27500.0
52400K25901,CUSHION ASSY RR,BEAT FI SW,264500.0
22535K44V00,WEIGHT SET CLUTCH,BEAT FI SW,127000.0
23100K44BA0,"BELT DRIVE, KIT",BEAT FI SW,150000.0
88210K1AN01,"MIRROR COMP,R",Beat Sporty,49500.0
88220K1AN01,"MIRROR COMP,L",Beat Sporty,49500.0
082342MBK8LZ0,"SPX2 10W30 SLMB 0,65L REP",BEAT CW FI MMC,61500.0
34908MB9871,BULB W BASE,VARIO 150,7000.0
082322MBK3LN1,"MPX2 10W30 SLMB 0,65L IDE E",CRF150L,50000.0
082322MBK2LN0,"MPX2 10W30 SLMB 0,8L REP O",BEAT SPORTY DLX SMART KEY,59000.0
HBF50ML,"BRAKE,FLUID",PCX HYBRID,8500.0
082342MBK8LZ0,"SPX2 10W30 SLMB 0,65L REP",NEW SCOOPY PRESTIDGE,61500.0
02658CC02,CAIRAN INJECTOR,PCX 160 e:HEV,40000.0
35111K0WN02,FOB ASSY,NEW PCX 150 CBS,564500.0
LCLKABELTIS,KABEL TIE SEDANG,BeAT Street,2000.0
SS8175ML,OIL SHOCK,BeAT Street,29500.0
08294M99Z8YN1,SCOOTER GEAR OIL (120ML) IDE,STYLO 160 CBS,16500.0
31926KRM841,SPARK PLUG CPR9EA9 (NGK),New Vario 150,23000.0
02550226,PAKET INJEKTOR CLEANER,NEW SCOOPY STYLISH,37500.0
42711K2SN01,TIRE RR TL (120/70-14),VARIO 160 CBS,417000.0
08113HFH000,HONDA FOLDABLE HOOK,BeAT Sporty CBS ISS,101000.0
082342MBK0LZ0,"SPX2 10W30 SLMB 0,8L REP",GENIO CBS,70500.0
17210KZR600,"ELEMENT COMP, AIR CLEANER",VARIO 125 CBS MMC,56500.0
41241KFL851,"DAMPER,RR WHEEL SET",REVO FIT,26500.0
88120KZR600,MIRROR ASSY L,REVO FIT,43500.0
30700KPH881,CAP ASSY NOISE SUPPRESSOR,REVO FIT,50500.0
81110H02BLA,LICENSE PLATE COVER 2023,REVO FIT,59500.0
HIC60ML,HONDA INJECTOR CLEANER,REVO FIT,27500.0
9410912000,"WASHER, DRAIN PLUG, 12MM",REVO FIT,1500.0
23100K0JN01,"BELT,DRIVE",BeAT Sporty CBS ISS Deluxe,101000.0
22804148000,RUBBER CLUTCH DUMPER,BeAT Sporty CBS ISS Deluxe,16500.0
22011K0JN00,"PIECE SET,SLIDE",BeAT Sporty CBS ISS Deluxe,16500.0
082342MBK0LZ0,"SPX2 10W30 SLMB 0,8L REP",SUPRA X 125 HELM IN FI,70500.0
91202KVB901,OIL SEAL 20.8X52X7.5,VARIO 150,8700.0
22011GCC770,PIECE SLIDE,NEW VARIO,30000.0
23237GY6940,COLLAR SEAL,BeAT Sporty CBS ISS Deluxe,14500.0
43151329001,SPRING RR BRAKE,BeAT Sporty CBS ISS Deluxe,7000.0
34906K25901,"BULB, TAILLIGHT(12V 18/5W)",BeAT Sporty CBS ISS Deluxe,22000.0
31500KZR602,BATTERY(GTZ6V),PCX 150,302000.0
51490KRM852,SEAL SET FR FORK,NEW PCX 150 ABS,169000.0
22132KWN900,"PIECE,SLIDE",NEW VARIO 125 CBS-ISS,10000.0
06455KVBT01,PAD SET FR,BEAT FI CW,60500.0
06938LCL485,FLASER (L38300KPH),BeAT Sporty CBS,35000.0
34906GB6921,BULB TAILLIGHT,BeAT Street,12500.0
08294M99Z8YZ2,OLI GARDAN,BEAT SPORTY CW,20000.0
22132GCC771,PIECE SLIDE,BEAT SPORTY CW,40500.0
07694LCL15,CAIRAN ENGINE,BEAT SPORTY CW,60000.0
07694LCL02,CAIRAN INJEKSI,BEAT SPORTY CW,100000.0
30400K59A11,ENG CONTROL UNIT,NEW VARIO 150,1446500.0
44711KVB930,44711KVB931,VARIO TECHNO 125 FI ISS,133500.0
50352K59A10,"RUBBER, LINK STOPPER",VARIO 125 CBS,11000.0
AHTA0001011,HRC24 RWB SLING BAG,VARIO 160 CBS,160000.0
08CLAH50500,HONDA M/C GENUINE COOLANT,NEW CB150R STREETFIRE,19500.0
AHTS0201048,HRC23 ELGNT NAVY TSHIRT L,BeAT Sporty CBS ISS Deluxe,140000.0
082342MBK0LZ0,"SPX2 10W30 SLMB 0,8L REP",PCX HYBRID,70500.0
08CLAH50500,HONDA M/C GENUINE COOLANT,PCX HYBRID,19500.0
91109KVY901,BRG NEEDLE 20X29X18,PCX 160 ABS,48500.0
91009KVY961,BRG BALL RADIAL 6902U,PCX 160 ABS,31500.0
31500KZR602,BATTERY(GTZ6V),VARIO TECHNO 125 FI CBS,302000.0
31500KZR602,BATTERY(GTZ6V),STYLO 160 ABS,302000.0
22535GGC900,"WEIGHT SET, CLUTCH",PCX 160 CBS,175500.0
31926KYT901,SPARK PLUG U27EPR-9 (DS),ALL NEW CBR150R,23000.0
43130KZL930,BRAKE SHOE,VARIO 150 MMC,55500.0
34901KVBT01,BULB HEADLIGHT,SUPRA X 125 SW MMC,23500.0
22535K44V00,WEIGHT SET CLUTCH,NEW BLADE 125 FI R,127000.0
14401KVB901,CHAIN CAM DID SCR-0404SV,SONIC 150R MATTE BLACK,85000.0
ACG10GR,AHM CVT GREASE 10 GR,ADV 160 CBS,15000.0
082322MBK2LN0,"MPX2 10W30 SLMB 0,8L REP O",ADV 160 CBS,59000.0
31926KRM841,SPARK PLUG CPR9EA9 (NGK),SUPRA GTR 150,23000.0
AHTA0001011,HRC24 RWB SLING BAG,NEW SCOOPY PRESTIGE,160000.0
22011K93N00,PIECE SET SLIDE,NEW SCOOPY STYLISH,16500.0
01626LCL0079,OLI GARDAN,PCX 160 CBS,20000.0
16700K16901,"UNIT ASSY,FUEL PUMP",BEAT SPORTY CW,361000.0
30400KVB931,30400KVBN51,VARIO 110 CBS,250000.0
07268LCL10,INJECTOR,BEAT SPORTY CW,25000.0
07019LCL018,ANGIN  NITROGEN SET,VARIO 160 ABS,10000.0
082322MBK3LN9,"MPX2 10W30 SLMB 0,65L CAS",BEAT SPORTY CBS ISS,50000.0
22535KZLA00,WEIGHT SET CLUTCH,NEW VARIO ESP CBS ISS,171500.0
38110KZR601,HORN COMP.(HIGH),CBR 250RR STD,65000.0
44711K93N02,TIRE FR TL (100/90-12),NEW SCOOPY SPORTY,287000.0
31917K0RV01,"PLUG, SPARK(LMAR8L-9)(NGK)",ADV160 CBS,70000.0
91202KWN901,"OIL SEAL,26X45X6",VARIO 125 CBS ISS,10500.0
06585CVA111,GREASE,VARIO 125 CBS ISS,10000.0
9410912000,"WASHER, DRAIN PLUG, 12MM",BEAT SPORTY DLX SMART KEY,1500.0
ACG10GR,AHM CVT GREASE 10 GR,CB150R STREETFIRE,15000.0
06535KTR900,RACE STEERING KIT,CB150R STREETFIRE,104500.0
91109KVY901,BRG NEEDLE 20X29X18,NEW VARIO TECHNO PGM FI,48500.0
34901KFVB51,BULB HEADLIGHT (12V 25/25W),SPACY CW HELM IN FI,19000.0
91005KVBN50,"BRG,COMP DRIVE SHAFT",SPACY CW HELM IN FI,39500.0
CC200ML,CARBON CLEANER 200ML,BeAT Sporty CBS,45500.0
81110H02BLA,LICENSE PLATE COVER 2023,BeAT Sporty CBS,59500.0
31926KYT901,SPARK PLUG U27EPR-9 (DS),NEW SUPRA X 125 FI CW,23000.0
22011K81N00,"PIECE SET,SLIDE",NEW VARIO 150,18500.0
42711K93N02,TIRE RR TL (110/90-12),NEW SCOOPY PRESTIDGE,347000.0
06430KWN900,"SHOE SET,BRAKE",VARIO 125 CBS MMC,78500.0
44711K93N02,TIRE FR TL (100/90-12),NEW SONIC 150R SPECIAL,287000.0
082322MBK0LN3,"MPX2 10W30 SLMB 0,8L NIP",VARIO 160 ABS,59000.0
22011K81N00,"PIECE SET,SLIDE",NEW SCOOPY FI,18500.0
06585CVA111,GREASE,BEAT SPORTY CW,10000.0
1323FGR123,BUSI CHAMPION,BEAT SPORTY CW,20000.0
06853LCL112,KABEL SPEEDOMETER,BEAT SPORTY CW,38000.0
14610KWB601,ROLLER COMP CAM CHAIN GUIDE,NEW SUPRA X 125 FI CW,38000.0
91301K73V81,O-RING 74.5X2.5,NEW SUPRA X 125 FI CW,8000.0
14670KYZ901,ROLLER COMP CAM CHAIN GUIDE,NEW SUPRA X 125 FI CW,41000.0
01294LCL324,ORING DOP KLEP,NEW SUPRA X 125 FI CW,10000.0
11395KPH900,GASKET L CRANKCASE COVER,NEW SUPRA X 125 FI CW,10500.0
14401KYZ900,CHAIN CAM 88L,NEW SUPRA X 125 FI CW,40000.0
14500KYZ900,ARM COMP CAM CHAIN,NEW SUPRA X 125 FI CW,48500.0
06435K97N01,PAD SET RR BRAKE,VARIO 160 ABS,132500.0
22535KWN901,WEIGHT SET CLUTCH,VARIO 160 ABS,159500.0
22100KWN900,OUTER COMP CLUTCH,VARIO 160 ABS,130000.0
50500KZR600,"STAND COMP,MAIN",VARIO 110 CBS ISS,156000.0
31926KRM842,31926KRM841,NEW VARIO 125 CBS,18500.0
91202KVB901,OIL SEAL 20.8X52X7.5,ALL NEW SCOOPY SPORTY,8700.0
10940LCL02,ENGINE FLUSH,ALL NEW SCOOPY STYLISH,60000.0
10940LCL01,CAIRAN INJECTOR,ALL NEW SCOOPY STYLISH,50000.0
51490KGH902,SEAL SET FR FORK,ALL NEW SCOOPY STYLISH,86000.0
06455KR3404,PAD SET FR (NA),SUPRA X,55000.0
17572GGLJ00,"O-RING, FUEL PUMP",SCOOPY ESP,17500.0
16700K2FN01,"UNIT ASSY,FUEL PUMP",SCOOPY ESP,372000.0
22535KWN901,WEIGHT SET CLUTCH,ADV160 ABS,159500.0
17210K97N00,ELEMENT COMP AIR/C,ADV160 ABS,79500.0
23100K1ZN21,"BELT,DRIVE",ADV160 ABS,167500.0
38502KWN901,"RELAY COMP,POWER",PCX 160 ABS,67000.0
38501KVZ631,"RELAY COMP,MICROISO LOW HIGHT",PCX 160 ABS,33500.0
35121K1ZN20,"SET,FOB ASSY",PCX160 ABS,346500.0
22011GCC770,PIECE SLIDE,BeAT Sporty CBS ISS Deluxe,30000.0
HPC480ML,HONDA PARTS CLEANER,BEAT,40000.0
91202K50T01,OIL SEAL 20.8X52X6X7.5,BEAT,6500.0
HPC480ML,HONDA PARTS CLEANER,SCOOPY PRESTIGE,40000.0
082322MAK0LN1,"OLI MPX1 10W30 SL 0,8L IDE",Verza,57000.0
082322MBK0LZ1,"OLI MPX2 10W30 SL 0,8L IDE",VARIO 110 CBS,58500.0
08CLAH50500,HONDA M/C GENUINE COOLANT,VARIO 110 CBS,19500.0
22011K81N00,"PIECE SET,SLIDE",BeAT Sporty CBS ISS,18500.0
1950AKZR600,"HOSE B,WATER ASSY",VARIO TECHNO 125 CBS ISS,25000.0
19100K60B02,RADIATOR ASSY,VARIO TECHNO 125 CBS ISS,348500.0
08CLAH50500,HONDA M/C GENUINE COOLANT,VARIO TECHNO 125 CBS ISS,39000.0
08294M99Z8YZ1,SCOOTER GEAR OIL (120ML) IDE,VARIO FI,16500.0
082322MBK2LN0,"MPX2 10W30 SLMB 0,8L REP O",PCX160 CBS,0.0
35345GW0900,SWITCH FR STOP,VARIO 125 CBS,13500.0
16400K81N01,THROTTLE BODY ASSY,ALL NEW SCOOPY SPORTY,477000.0
31220K93N01,STATOR COMP,ALL NEW SCOOPY SPORTY,577000.0
2212AK44V00,ROLLER WEIGHT SET,VARIO 150,55000.0
082322MBK0LN1,"OLI MPX2 10W30 SL 0,8L IDE",BeAT Sporty DLX Smart Key,59000.0
082322MBK4LN9,"MPX2 10W30 SLMB 0,65L REP",BeAT Street,50000.0
06455KVBT01,PAD SET FR,VARIO TECHNO 125 FI ISS,60500.0
082322MBK0LN9,"MPX2 10W30 SLMB 0,8L FED",ADV150 CBS,39500.0
06430K44V80,"SHOE SET,BRAKE",VARIO 125 CBS,57500.0
17910K81N31,"CABLE COMP A,THROT",ALL NEW SCOOPY SPORTY,95000.0
52400K93N02,CUSHION ASSY REAR,ALL NEW SCOOPY SPORTY,232000.0
17920K81N31,"CABLE COMP B,THROT",ALL NEW SCOOPY SPORTY,83000.0
082322MBK0LN9,"MPX2 10W30 SLMB 0,8L FED",REVO CAST WHEEL,39500.0
082322MAK0LZ1,"OLI MPX1 10W30 SL 0,8L IDE",SUPRA X,56500.0
33110K81N01,UNIT HEAD LIGHT,BEAT SPORTY CBS ISS,113500.0
HB6201RS,"BEARING, BALL",VARIO 160 CBS,52000.0
082342MBK8LZ0,"SPX2 10W30 SLMB 0,65L REP",ALL NEW SONIC 150 R,61500.0
31926KYT901,SPARK PLUG U27EPR-9 (DS),VARIO FI,23000.0
02753LCL12,DSM,VARIO FI,40000.0
12251KZY701,"GASKET, CYL HEAD",VARIO 125 CBS ISS,33000.0
22110K44V00,FACE COMP MOVABLE DRIVE,BEAT STREET,75500.0
22011K81N00,"PIECE SET,SLIDE",BEAT STREET,18500.0
22105K44V00,BOSS DRIVE FACE,BEAT STREET,27500.0
91202KVB901,OIL SEAL 20.8X52X7.5,BEAT STREET,8700.0
23100K44BA0,"BELT DRIVE, KIT",BEAT STREET,150000.0
07268LCL10,INJECTOR,VARIO 125 CBS MMC,25000.0
30700KZL931,CAP ASSY NOISE SUPPRESSOR,VARIO FI,35500.0
22123K0JN00,"ROLLER SET,WEIGHT",BeAT Sporty CBS ISS Deluxe,42000.0
38110KTM851,HORN COMP (HIGH),VARIO 125 CBS MMC,68000.0
31928MFFD01, SPARK PLUG U24EPR9 (DS),NEW SCOOPY PRESTIGE,20000.0
01389LCL08294M99K0NL1,OLI GARDAN SPX,NEW VARIO 125 CBS,25000.0
08294M99Z8YZ1,SCOOTER GEAR OIL (120ML) IDE,NEW SCOOPY FI,16500.0
17210K16900,"ELEMENT COMP., AIR CLEANER",VARIO 125 CBS,53500.0
22535K16A40,WEIGHT SET CLUTCH,VARIO 125 CBS,256500.0
082342MBK0LZ0,"SPX2 10W30 SLMB 0,8L REP",NEW VARIO ESP CBS ISS ADVA,70500.0
45530KET920,CYLINDER SET MASTER,ADV150 CBS,78500.0
91202KWN901,"OIL SEAL,26X45X6",ADV150 CBS,10500.0
HB6201RS,"BEARING, BALL",ADV150 CBS,52000.0
31926KYT901,SPARK PLUG U27EPR-9 (DS),BeAT Sporty CBS ISS,23000.0
22011K81N00,"PIECE SET,SLIDE",BEAT CW FI MMC,18500.0
23100KZLBA0,BELT DRIVE KIT,BEAT CW FI MMC,156000.0
16400K25V011,SENSOR TPS K25,ALL NEW SCOOPY STYLISH,85000.0
91201K44V01,"OIL SEAL,20.8X30.5X6",BEAT FI CBS,5000.0
06535GN5505,RACE STEERING KIT,BEAT FI CBS,103000.0
082322MBK3LN1,"MPX2 10W30 SLMB 0,65L IDE E",VARIO 160 ABS,50000.0
AHGK0010014,HONDA LEATHER KEYCHAIN,VARIO 160 ABS,57000.0
CC200ML,CARBON CLEANER 200ML,BeAT Sporty CBS ISS Deluxe,45500.0
31916KWB601,SPARK PLUG CPR6EA9S (NGK),REVO X,25500.0
ALF6201RS,BEARING BALL (SET),NEW VARIO 150,49900.0
07268LCL10,INJECTOR,NEW SCOOPY STYLISH,25000.0
06535GN5505,RACE STEERING KIT,NEW PCX 150 CBS,103000.0
08294M99Z8YN1,SCOOTER GEAR OIL (120ML) IDE,NEW PCX 150 CBS,16500.0
14012LCL01,DSM50ML,NEW PCX 150 CBS,70000.0
34901KFVB51,BULB HEADLIGHT (12V 25/25W),REVO FIT,19000.0
HBF50ML,"BRAKE,FLUID",NEW PCX 150 CBS,8500.0
45530KVY911,CYLINDER SET MASTER,NEW PCX 150 CBS,77000.0
10663LCL05,DSM CLINER,BEAT FI SW,40000.0
10663LCL41,MAJUN CLEANER,BEAT FI SW,7000.0
082322MBK2LN1,"MPX2 10W30 SLMB 0,65L IDE",BEAT SPORTY CBS,49500.0
22011GCC770,PIECE SLIDE,BEAT SPORTY CW,10000.0
90426KZL840,WASHER SPECIAL 14MM,BEAT SPORTY CBS,6000.0
81110H02BLA,LICENSE PLATE COVER 2023,NEW SCOOPY PRESTIGE,59500.0
082322MBK0LN1,"OLI MPX2 10W30 SL 0,8L IDE",STYLO 160 ABS,59000.0
082322MBK0LZ1,"OLI MPX2 10W30 SL 0,8L IDE",BeAT Sporty CBS ISS Deluxe,58500.0
38300KWWA80,RELAY ASSY WINKER,SUPRA X 125 CW,48500.0
TBC500ML,THROTTLE BODY CLEANER 500ML,NEW BEAT CAST WHEEL,35500.0
30700KWW641,CAP ASSY NOISE SUPPRESSOR,NEW BEAT CAST WHEEL,47000.0
08CLAH50500,HONDA M/C GENUINE COOLANT,NEW VARIO CBS PGM FI,19500.0
1845LCL08234M99K8LZ0,OLI GARDAN SPX,NEW SCOOPY FASHION,25000.0
18450LCL34906GB6921,BULB TAILLIGHT,NEW SCOOPY FASHION,15000.0
35170KVB851,SWITCH UNIT DIMMER,PCX 160 CBS,22000.0
AHGK0010015,HONDA TOTE BAG SAGE,BeAT Sporty CBS ISS Deluxe,160000.0
06910LCL01,Injector Cleaner Super One,BeAT Sporty CBS,20000.0
HB6201RS,"BEARING, BALL",BeAT Sporty CBS,52000.0
06910LCL20,CARBUCLINER,BeAT Sporty CBS,5000.0
082322MAK0LN1,"OLI MPX1 10W30 SL 0,8L IDE",NEW BLADE 125 FI R,57000.0
082322MBK0LN9,"MPX2 10W30 SLMB 0,8L FED",BeAT Sporty CBS ISS Deluxe,39500.0
082322MAK0LZ0,"MPX1 10W30 SLMA 0,8L REP",SUPRA X 125 HELM IN FI,57000.0
9805957927, SPARK PLUG U22FER9 (DS),VARIO TECHNO NON CBS,30500.0
23100K44BA0,"BELT DRIVE, KIT",BEAT POP ESP CBS PIXEL,150000.0
01387LCL13,BAUT SHOCK DEPAN ,BEAT POP ESP CBS PIXEL,20000.0
9806786871, SPARK PLUG U20EPR9 (DS),BEAT POP ESP CBS PIXEL,19500.0
31917KPH902,SPARK PLUG CPR7EA9 (NGK),SUPRA X 125 CW,23000.0
9410912000,"WASHER, DRAIN PLUG, 12MM",BEAT POP CBS,1500.0
082322MBK0LN1,"OLI MPX2 10W30 SL 0,8L IDE",BEAT POP CBS,59000.0
06430K44V80,"SHOE SET,BRAKE",BEAT POP CBS,57500.0
082322MBK9LN0,"MPX2 10W30 SLMB 0,65L REP O",BeAT Sporty DLX Smart Key,50000.0
08294M99Z8YN1,SCOOTER GEAR OIL (120ML) IDE,STYLO 160 ABS,16500.0
06435K97N01,PAD SET RR BRAKE,STYLO 160 ABS,132500.0
22011KWN900,"PIECE SET,SLIDE",STYLO 160 ABS,25000.0
BTTTT,BAUT 3,BeAT Street,3000.0
33130GN5831,SOCKET HEADLIGHT,BeAT Street,18500.0
10663LCL41,MAJUN CLEANER,SUPRA X 125 CW MMC,7000.0
OSC70ML,OIL SYSTEM CLEANER 70ML,BeAT Street,30000.0
22535KWN901,WEIGHT SET CLUTCH,NEW VARIO 150,159500.0
31919K25602,SPARK PLUG U27EPR-N9 (DS),BEAT STREET CBS,24500.0
22132KWN900,"PIECE,SLIDE",NEW PCX 150 ABS,10000.0
HBF50ML,"BRAKE,FLUID",PCX,8500.0
12391KZR600,"GASKET, CYLINDER HEAD COVER",PCX,55000.0
34906GB6921,BULB TAILLIGHT,PCX,12500.0
45530KET920,CYLINDER SET MASTER,PCX,78500.0
07268LCL10,INJECTOR,ALL NEW SCOOPY STYLISH,25000.0
08232M99K0LN5,"MPX2 10W30 SLMB 0,8L CAS",SCOOPY FASHION,59000.0
22132KWN900,"PIECE,SLIDE",BEAT FI CW,10000.0
31500KPH881,BATTERY GTZ5S GS,BeAT Sporty CBS ISS Deluxe,248000.0
53178KVB900,LEVER L STRG HDL,SPACY CW HELM IN,29000.0
17220KZR600,"ELEMENT SET, AIR CLEANER",VARIO 110 CBS,59000.0
35340GW3980,SWITCH FR STOP,KARISMA 125,63000.0
082322MAK0LN1,"OLI MPX1 10W30 SL 0,8L IDE",KARISMA 125,57000.0
9410912000,"WASHER, DRAIN PLUG, 12MM",KARISMA 125,1500.0
BT7,BAUT 7,KARISMA 125,7000.0
06489,ORING KLEP,KARISMA 125,12000.0
45251KPH881,DISK FR BRAKE,KARISMA 125,223500.0
HPC480ML,HONDA PARTS CLEANER,VARIO 150,40000.0
22123K0JN00,"ROLLER SET,WEIGHT",VARIO 150,42000.0
06455KWB601,PAD SET FR,REVO 110 SPOKE WHEEL,55000.0
TBC500ML,THROTTLE BODY CLEANER 500ML,NEW PCX 150 ABS,35500.0
9410912000,"WASHER, DRAIN PLUG, 12MM",NEW PCX 150 ABS,1500.0
42711K2SN01,TIRE RR TL (120/70-14),NEW PCX 150 ABS,417000.0
44711K2SN01,TIRE FR TL (100/80-14),NEW PCX 150 ABS,348000.0
17220KZR600,"ELEMENT SET, AIR CLEANER",BEAT SPORTY CW,59000.0
31926KYT901,SPARK PLUG U27EPR-9 (DS),CB150R,23000.0
34905GM9003,BULB WINKER,NEW VARIO 125 CBS ISS,18000.0
53199KVG910,SPRING BRAKE LEVER RETURN,NEW VARIO 125 CBS ISS,5000.0
082322MBK2LN9,"MPX2 10W30 SLMB 0,8L FED",VARIO 160 ABS,59000.0
06910LCL353,SEAL MAGNET,SUPRA FIT D,20000.0
91208KB4671,"OIL SEAL, 11.6X24X10",SUPRA FIT D,22000.0
06910LCL407,SEAL STATER,SUPRA FIT D,20000.0
06910LCL59,PAKING ,SUPRA FIT D,15000.0
34901KFVB51,BULB HEADLIGHT (12V 25/25W),SUPRA FIT D,38000.0
082322MAU0JN3,"OLI MPX3 20W40 0,8L NIP",SUPRA FIT D,50500.0
082322MBK0LN9,"MPX2 10W30 SLMB 0,8L FED",PCX,39500.0
06455KREK01,06455KREK02,NEW PCX 150 ABS,112000.0
082342MBK8LZ0,"SPX2 10W30 SLMB 0,65L REP",Beat Sporty,61500.0
10663LCL05,DSM CLINER,Beat Sporty,40000.0
084INJCLN,INJECTOR CLEANER,NEW PCX 150 ABS,24000.0
42711K59A12,TIRE RR TL (90/90-14),NEW SCOOPY FI,297000.0
HBF50ML,"BRAKE,FLUID",NEW SCOOPY FI,8500.0
34901KPH881,BULB HEADLIGHT,BEAT POP ESP CW COMIC,45000.0
35170KYZ901,SWITCH UNIT DIMMER,BEAT POP ESP CW COMIC,17500.0
08232M99K0LN5,"MPX2 10W30 SLMB 0,8L CAS",BEAT POP ESP CW COMIC,59000.0
91202KVB901,OIL SEAL 20.8X52X7.5,BEAT POP ESP CW COMIC,8700.0
35148K78N10,BATTERY,VARIO FI,14500.0
ALF6201RS,BEARING BALL (SET),SUPRA X,49900.0
23100K1ZN21,"BELT,DRIVE",ADV160 CBS,167500.0
91202KVB901,OIL SEAL 20.8X52X7.5,NEW VARIO ESP CBS ADVANCE,8700.0
HBF50ML,"BRAKE,FLUID",REVO FIT FI,8500.0
45530KVY911,CYLINDER SET MASTER,REVO FIT FI,77000.0
9501472102,SPRING A SIDE STAND,REVO FIT FI,7500.0
082342MBK0LN0,"OLI SPX2 10W30 SL 0,8L REP",BEAT FI SW,56500.0
64301K93N00ZR,"COVER, FR. TOP (PL FD WH)",ALL NEW SCOOPY STYLISH,238000.0
23100K97BA0,BELT DRIVE KIT,ADV160 CBS,208500.0
147A1KWB900,VALVE SET,REVO FIT,59000.0
12391K03N31,GASKET HEAD COVER,REVO FIT,82500.0
22201KWB601,"DISK, CLUTCH FRICTION",REVO FIT,80000.0
2751700000NR00,TUBE TIRE (2.75-17),REVO FIT,51000.0
06401KTL700,DRIVE CHAIN KIT,REVO FIT,230500.0
31919K25602,SPARK PLUG U27EPR-N9 (DS),REVO FIT,24500.0
1455AKTL6B0,PUSH ROD ASSY TENSIONER,REVO FIT,39500.0
131A1KWB920,PISTON KIT (STD),REVO FIT,124000.0
06381KWW920,ROD KIT CONNECTING,REVO FIT,174000.0
14500KWW740,ARM COMP CAM CHAIN,REVO FIT,22000.0
082322MBK2LN9,"MPX2 10W30 SLMB 0,8L FED",NEW SCOOPY FI,59000.0
10663LCL41,MAJUN CLEANER,NEW SCOOPY STYLISH,7000.0
31919K25602,SPARK PLUG U27EPR-N9 (DS),Genio CBS ISS,24500.0
082322MBK2LN0,"MPX2 10W30 SLMB 0,8L REP O",BEAT FI SW,59000.0
91202KVB901,OIL SEAL 20.8X52X7.5,BEAT FI CBS,8700.0
34906GB6921,BULB TAILLIGHT,BEAT FI CBS,12500.0
082322MAK8LN5,"MPX1 10W30 SLMA 1,2L CAS",ALL NEW SONIC 150 R,73500.0
43130KZL930,BRAKE SHOE,BEAT,55500.0
23100K0JBA0,BELT DRIVE KIT,BeAT Sporty CBS ISS,130500.0
91307K0JN00,"O-RING,95X2.0",BeAT Sporty CBS ISS,4000.0
91202K0JN01,OIL SEAL 19.5X31.5X6,BeAT Sporty CBS ISS,24000.0
082322MBK0LN1,"OLI MPX2 10W30 SL 0,8L IDE",PCX HYBRID,59000.0
86830K1ZN40ZA,"EMBLEM,PCX 160 TYPE 2",PCX 160 ABS,176000.0
ACG10GR,AHM CVT GREASE 10 GR,VARIO 150 MMC,15000.0
HIC60MLUJ,HONDA INJECTOR CLEANER,NEW SCOOPY PRESTIGE,90000.0
082322MBK4LN9,"MPX2 10W30 SLMB 0,65L REP",NEW SCOOPY PRESTIGE,50000.0
17210K0JN00UJ,"ELEMENT COMP,AIR/C",NEW SCOOPY PRESTIGE,55000.0
22011K0JN00UJ,"PIECE SET,SLIDE",NEW SCOOPY PRESTIGE,30000.0
31926KYT901UJ,SPARK PLUG U27EPR-9 (DS),NEW SCOOPY PRESTIGE,25000.0
HB6201RS,"BEARING, BALL",VARIO TECHNO,52000.0
45351KVB931,DISK FR BRAKE,VARIO TECHNO,172500.0
AHUB0001001,HRC24 RWB TRAVEL UMBRELLA,NEW SCOOPY FASHION,251000.0
082322MAK4LN0,"MPX1 10W30 SLMA 1,2L REP",CBR 150R STD,73500.0
23100K1AN23,"BELT,DRIVE",BeAT Sporty CBS,93000.0
31500KWWA01,BATTERY GTZ4V,BeAT Sporty CBS,241000.0
16700K0JN01,"UNIT ASSY,FUEL PUMP",BeAT Sporty CBS,389000.0
06455K46N21,"PAD SET, FR. BRAKE",BeAT Sporty CBS,62000.0
45530K03M61,"CYLINDER SET, MASTER",BeAT Sporty CBS ISS Deluxe,96000.0
30700KWW641,CAP ASSY NOISE SUPPRESSOR,BEAT SPORTY CW,47000.0
08232M99K0LN5,"MPX2 10W30 SLMB 0,8L CAS",VARIO 125 CBS MMC,59000.0
22132GCC771,PIECE SLIDE,NEW SCOOPY PRESTIGE,40500.0
22535K16A40,WEIGHT SET CLUTCH,ALL NEW SCOOPY SPORTY,256500.0
19300K1NV01,THERMOSTAT ASSY,ADV160 CBS,227500.0
082322MBK9LN0,"MPX2 10W30 SLMB 0,65L REP O",BeAT Street,50000.0
082342MBK8LZ0,"SPX2 10W30 SLMB 0,65L REP",BEAT FI SW,61500.0
91003KZR601,"BRG,BALL RADIAL 6204",BEAT FI SW,35000.0
91009KVY961,BRG BALL RADIAL 6902U,BEAT FI SW,31500.0
91109KVY901,BRG NEEDLE 20X29X18,BEAT FI SW,48500.0
12391K44V00,"GASKET,HEAD COVER",BEAT FI CW,24000.0
06535GN5505,RACE STEERING KIT,BEAT FI CW,103000.0
22011GCC770,PIECE SLIDE,BEAT FI CW,30000.0
082322MBK2LN1,"MPX2 10W30 SLMB 0,65L IDE",BEAT STREET,0.0
19211651868,Paket Servis Throttle body,PCX 160 ABS,135000.0
51490GN5305,SEAL SET FR FORK,GENIO CBS,88000.0
SS8175ML,OIL SHOCK,GENIO CBS,29500.0
12391KZR600,"GASKET, CYLINDER HEAD COVER",VARIO TECHNO 125 FI CBS,55000.0
34905GM9003,BULB WINKER,VARIO TECHNO 125 FI CBS,9000.0
23100K16A41,BELT DRIVE,Beat Sporty,128000.0
08232M99K0LN5,"MPX2 10W30 SLMB 0,8L CAS",Genio CBS,59000.0
23100K36BA0,"BELT DRIVE, KIT",New Vario 150,189500.0
082342MBK8LZ0,"SPX2 10W30 SLMB 0,65L REP",BEAT FI CBS,61500.0
082322MBK3LN1,"MPX2 10W30 SLMB 0,65L IDE E",ADV160 CBS,50000.0
38501KVB901,"RELAY COMP,START",SUPRA X 125 CW MMC,58000.0
31926KRM842,31926KRM841,PCX160 CBS,18500.0
082322MBK2LN9,"MPX2 10W30 SLMB 0,8L FED",SCOOPY PRESTIGE,0.0
AHB6201RS,BEARING BALL (SET),SUPRA X 125 R DD,51400.0
AHTA0001011,HRC24 RWB SLING BAG,BeAT Sporty CBS ISS,300000.0
31926KRM841,SPARK PLUG CPR9EA9 (NGK),BEAT CW FI MMC,23000.0
AHB6201RS,BEARING BALL (SET),SUPRA X 125 CW MMC,51400.0
43130KZL930,BRAKE SHOE,BEAT POP ESP CBS ISS,55500.0
082322MBK0LN1,"OLI MPX2 10W30 SL 0,8L IDE",BEAT POP ESP CBS ISS,59000.0
31926KRM841,SPARK PLUG CPR9EA9 (NGK),NEW VARIO TECHNO PGM FI,23000.0
42711K59A12,TIRE RR TL (90/90-14),NEW VARIO TECHNO CBS,297000.0
31600KVBN51,REGULATOR REC COMP,BeAT Sporty CBS ISS,119000.0
9410912000,"WASHER, DRAIN PLUG, 12MM",BLADE,1500.0
HPC480ML,HONDA PARTS CLEANER,BLADE,40000.0
082322MAU0JN3,"OLI MPX3 20W40 0,8L NIP",BLADE,50500.0
22100KWN900,OUTER COMP CLUTCH,PCX 150,130000.0
22535KWN901,WEIGHT SET CLUTCH,PCX 150,159500.0
17653LCL03,INJECTOR CLEANER,BEAT STREET,25000.0
AHB6201RS,BEARING BALL (SET),ALL NEW SCOOPY STYLISH,51400.0
31926KRM841,SPARK PLUG CPR9EA9 (NGK),NEW VARIO ESP CBS ISS ADVA,23000.0
34901K81N01,BULB HEAD LIGHT,BEAT SPORTY CW,34500.0
9410912000,"WASHER, DRAIN PLUG, 12MM",BeAT Sporty CBS ISS,1500.0
42711K97N01,42711K97N02,PCX HYBRID,399500.0
44711KVB930,44711KVB931,BEAT CW FI MMC,133500.0
15600LCL08,CAIRAN INJECTOR,VARIO 125 CBS,35000.0
15600LCL24,ENGINE FLUSH,VARIO 125 CBS,25000.0
15600LCL02,GEMUK CVT,VARIO 125 CBS,25000.0
31917KPH902,SPARK PLUG CPR7EA9 (NGK),SUPRA X 125 R DD,23000.0
90407259000,PACKING COCK,SUPRA X 125 R DD,5000.0
HPC480ML,HONDA PARTS CLEANER,SUPRA X 125 R DD,40000.0
02753LCL02,BAUT 2,SUPRA X 125 R DD,9000.0
06455KYE901,PAD SET FR,CB150 VERZA CW,55500.0
31500KWWA02,BATTERY YTZ4-V,BEAT,253500.0
082322MBK0LN1,"OLI MPX2 10W30 SL 0,8L IDE",NEW VARIO ESP CBS ISS ADVA,59000.0
45530KVY911,CYLINDER SET MASTER,NEW SCOOPY FASHION,77000.0
HBF50ML,"BRAKE,FLUID",NEW SCOOPY FASHION,8500.0
2212AKWN640,ROLLER WEIGHT SET,VARIO 125 CBS-ISS MMC,54000.0
50352K59A10,"RUBBER, LINK STOPPER",VARIO 125 CBS-ISS MMC,11000.0
17653LCL03,INJECTOR CLEANER,SUPRA X 125 CW,25000.0
23233KVB900,SPRING DRIVEN FACE,Beat Sporty,31000.0
22401KVB900,SPRING CLUTCH,Beat Sporty,28500.0
02753LCL12,DSM,Beat Sporty,40000.0
35010K25600,KEY SET,BEAT FI SW,289000.0
08232M99K0LN5,"MPX2 10W30 SLMB 0,8L CAS",NEW PCX 150 ABS,59000.0
082322MBK6LN9,"MPX2 10W30 SLMB 0,65L FED O",SCOOPY STYLISH ,50000.0
LCL02298218,RING OLI.,SCOOPY ESP,3000.0
30700KZLA01,CAP ASSY NOISE SUPPRESSOR,SCOOPY ESP,49500.0
34906GB6921,BULB TAILLIGHT,SCOOPY ESP,12500.0
HB6201RS,"BEARING, BALL",BEAT FI CBS,52000.0
22361K44V01,PLATE CLUTCH SIDE,BeAT Street,13000.0
AHUB0001001,HRC24 RWB TRAVEL UMBRELLA,NEW SCOOPY SPORTY,251000.0
08294M99Z8YN1,SCOOTER GEAR OIL (120ML) IDE,NEW VARIO 125 CBS ISS,16500.0
082322MBK2LN0,"MPX2 10W30 SLMB 0,8L REP O",NEW VARIO 125 CBS ISS,59000.0
11103KVB930,"RUB.BUSH,ENG.HANGER",VARIO 150,35000.0
34901KPH901,BULB HEADLIGHT(12V 30/30W),NEW SCOOPY STYLISH,43000.0
082322MAK0LN5,"MPX1 10W30 SLMA 0,8L CAS",REVO SPOKE,57000.0
06455KWB601,PAD SET FR,REVO SPOKE,55000.0
082322MBK0LN1,"OLI MPX2 10W30 SL 0,8L IDE",REVO 110 SPOKE WHEEL,59000.0
22011K1AN00,"PIECE SET,SLIDE",Genio CBS ISS,15500.0
082342MBK0LZ0,"SPX2 10W30 SLMB 0,8L REP",BeAT Sporty DLX Smart Key,70500.0
12391K66V01UJ,"GASKET,HEAD COVER",VARIO 125 CBS ISS,50000.0
17210K0JN00,"ELEMENT COMP,AIR/C",GENIO CBS ISS SE,45650.0
22100K25900,OUTER COMP CLUTCH,GENIO CBS ISS SE,123000.0
91005KVBN50,"BRG,COMP DRIVE SHAFT",GENIO CBS ISS SE,39500.0
22535K81N00,WEIGHT SET CLUTCH,GENIO CBS ISS SE,154000.0
HIC60ML,HONDA INJECTOR CLEANER,GENIO CBS ISS SE,27500.0
22011K81N00,"PIECE SET,SLIDE",GENIO CBS ISS SE,18500.0
082322MBK0LN9,"MPX2 10W30 SLMB 0,8L FED",VARIO 110 CBS,39500.0
14711KYZ900,VALVE INLET,SUPRA X 125 HELM IN FI,24500.0
91204KPH901,"OIL SEAL, 17X30X5",SUPRA X 125 HELM IN FI,13500.0
11395KPH900,GASKET L CRANKCASE COVER,SUPRA X 125 HELM IN FI,10500.0
14401KYZ900,CHAIN CAM 88L,SUPRA X 125 HELM IN FI,40000.0
15119KWB600,GASKET OIL PUMP,SUPRA X 125 HELM IN FI,3000.0
12191KYZ900,GASKET CYLINDER,SUPRA X 125 HELM IN FI,22000.0
131A3KYZ900,PISTON KIT (0.50),SUPRA X 125 HELM IN FI,162500.0
1455AKTL6B0,PUSH ROD ASSY TENSIONER,SUPRA X 125 HELM IN FI,39500.0
12209GB4682,SEAL VLV. STEM,SUPRA X 125 HELM IN FI,12000.0
082322MAK1LN1,OLI MPX1 10W30 SL 1L IDE,SUPRA X 125 HELM IN FI,65500.0
91301K73V81,O-RING 74.5X2.5,SUPRA X 125 HELM IN FI,8000.0
91204259004,"OIL SEAL, 16X28X7",SUPRA X 125 HELM IN FI,5500.0
12251KYZ901,GASKET CYLINDER HEAD,SUPRA X 125 HELM IN FI,61500.0
14721KPH880,"VALVE, EXHAUST",SUPRA X 125 HELM IN FI,46000.0
15439KWW741,GASKET OIL FILTER (NICHIAS),SUPRA X 125 HELM IN FI,3000.0
91208KB4671,"OIL SEAL, 11.6X24X10",SUPRA X 125 HELM IN FI,22000.0
15421KSP910,SCREEN OIL FILTER,SUPRA X 125 HELM IN FI,11500.0
91001KWWA01,BEARING BALL 63/2237,SUPRA X 125 HELM IN FI,88700.0
14500K41N00,ARM COMP CAM CHAIN TENSIONER,SUPRA X 125 HELM IN FI,66500.0
64301K93N00ZM,COVER FR TOP (WN RD),ALL NEW SCOOPY SPORTY,274500.0
81141K93N00ZY,COVER INNER (MT GN BL),ALL NEW SCOOPY SPORTY,520000.0
07019LCL018,ANGIN  NITROGEN SET,BeAT Sporty CBS,10000.0
38502K59A11,"RELAY COMP,POWER",NEW PCX 150 ABS,59000.0
38501KVZ631,"RELAY COMP,MICROISO LOW HIGHT",NEW PCX 150 ABS,33500.0
38110KZR601,HORN COMP.(HIGH),BEAT SPORTY CBS ISS,65000.0
082322MAK0LN5,"MPX1 10W30 SLMA 0,8L CAS",SUPRA X 125 SW,57000.0
22110K0JN00,"FACE COMP,MOVABLE DRIVE",BeAT Sporty CBS ISS Deluxe,59850.0
HB6201,"BEARING,BALL",BeAT Sporty CBS ISS Deluxe,38000.0
9410912000,"WASHER, DRAIN PLUG, 12MM",VARIO 160 CBS,1500.0
31500KZR602,BATTERY(GTZ6V),BEAT SPORTY CBS ISS,302000.0
35340KEV950,SWITCH FR STOP,BEAT SPORTY CBS ISS,14000.0
64460K93N00ZC,LID BATTERY (BLK),SCOOPY FI,96500.0
64310K93N00ZC,STEP FLOOR SID,SCOOPY FI,122000.0
082322MBK2LN0,"MPX2 10W30 SLMB 0,8L REP O",BEAT STREET,59000.0
35340GW3980,SWITCH FR STOP,BEAT POP CW,63000.0
082322MAK1LN1,OLI MPX1 10W30 SL 1L IDE,MEGA PRO,65500.0
88220KEH600,MIRROR COMP L,CB150R STREETFIRE,41500.0
43511KW7882,OIL CUP COMP,CB150R STREETFIRE,27500.0
082322MBK0LN1,"OLI MPX2 10W30 SL 0,8L IDE",NEW VARIO ESP CBS ISS,59000.0
43130KZL930,BRAKE SHOE,NEW VARIO ESP CBS ISS,55500.0
06455KVBT01,PAD SET FR,NEW VARIO ESP CBS ISS,60500.0
23100KVBBA0,BELT DRIVE KIT,VARIO 150 MMC,183000.0
08294M99Z8YN1,SCOOTER GEAR OIL (120ML) IDE,VARIO 110 CBS,16500.0
30700K81N01,CAP ASSY NOISE SUPRESSOR,ALL NEW SCOOPY STYLISH,35500.0
TBC500ML,THROTTLE BODY CLEANER 500ML,BLADE,35500.0
50661GN8920,RUBBER STEP,BLADE,33000.0
31928MFFD01, SPARK PLUG U24EPR9 (DS),BLADE,20000.0
082322MAK0LN5,"MPX1 10W30 SLMA 0,8L CAS",BLADE,57000.0
34905GM9003,BULB WINKER,BEAT SPORTY CBS ISS,9000.0
ACG10GR,AHM CVT GREASE 10 GR,BEAT SPORTY DLX SMART KEY,15000.0
06401KWW900,DRIVE CHAIN KIT,NEW BLADE 125 FI R STD,207000.0
082322MAK3LN0,MPX1 10W30 SLMA 1L REP,TIGER CAST WHEEL,65500.0
38301KPH881,RELAY COMP WINKER,TIGER CAST WHEEL,65500.0
22011KWN900,"PIECE SET,SLIDE",VARIO 125 CBS MMC,25000.0
CAIRAN,INJECTOR CLEANER,VARIO 125 CBS MMC,50000.0
34905GM9003,BULB WINKER,VARIO 125 CBS MMC,18000.0
34908GA7701,BULB W BASE,VARIO 125 CBS MMC,13000.0
CC200ML,CARBON CLEANER 200ML,NEW SCOOPY STYLISH,43500.0
082322MBK3LN1,"MPX2 10W30 SLMB 0,65L IDE E",PCX,50000.0
19216KVB900,GASKET STATOR BASE,VARIO FI,9000.0
91201KCW851,OIL SEAL 19.8 X 30 X 7,VARIO FI,9000.0
23100K16A41,BELT DRIVE,ALL NEW SCOOPY SPORTY,128000.0
23100K1ABA0,"BELT DRIVE, KIT",Beat Sporty,123000.0
91202K0JN01,OIL SEAL 19.5X31.5X6,Beat Sporty,24000.0
53199KVG910,SPRING BRAKE LEVER RETURN,Beat Sporty,5000.0
53178K1AN00,"LEVER,L STRG HANDLE",Beat Sporty,41500.0
22011KWN900,"PIECE SET,SLIDE",VARIO TECHNO 125 FI CBS,25000.0
34906GB6921,BULB TAILLIGHT,REVO CW FI,12500.0
37800KVY961,FUEL UNIT,NEW BEAT CAST WHEEL,73000.0
91201K44V01,"OIL SEAL,20.8X30.5X6",BEAT SPORTY CBS,5000.0
53140KVBT00,GRIP COMP THROT,BEAT FI CW,13500.0
53166K2SN00,"GRIP, L HANDLE",BEAT FI CW,18500.0
30700KZL931,CAP ASSY NOISE SUPPRESSOR,BEAT SPORTY CBS ISS,35500.0
53175KPNE01,"LEVER, R. STEERING HANDLE",VARIO 160 ABS,57000.0
06535GN5505,RACE STEERING KIT,VARIO 160 ABS,103000.0
43130KVB901,43130KZL930,VARIO 125 CBS,59500.0
17210K59A70,"ELEMENT COMP,AIR/C",VARIO 150 MMC,63000.0
91002GA7701,BEARING RAD BALL 6902U,BEAT CBS FI MMC,27000.0
ACG10GR,AHM CVT GREASE 10 GR,BEAT CBS FI MMC,15000.0
91109KVY901,BRG NEEDLE 20X29X18,BEAT CBS FI MMC,48500.0
08232M99K0LN5,"MPX2 10W30 SLMB 0,8L CAS",BEAT CBS FI MMC,59000.0
10663LCL41,MAJUN CLEANER,VARIO 125 CBS ISS,7000.0
91109KVY901,BRG NEEDLE 20X29X18,ALL NEW SCOOPY STYLISH,48500.0
9410912000,"WASHER, DRAIN PLUG, 12MM",BEAT STREET,1500.0
18318K1AN00,"PROTECTOR,MUFFLER",VARIO FI,43000.0
082322MBK2LN1,"MPX2 10W30 SLMB 0,65L IDE",BEAT SPORTY DLX SMART KEY,49500.0
HIC60ML,HONDA INJECTOR CLEANER,NEW SCOOPY SPORTY,27500.0
33100K1AN81,"LIGHT ASSY,HEAD",BeAT Street,384000.0
01626LCL0079,OLI GARDAN,BeAT Sporty CBS,20000.0
01626LCLSHLL,OLI SHELL 0.65,BeAT Sporty CBS,55000.0
082342MBK0LZ0,"SPX2 10W30 SLMB 0,8L REP",NEW SCOOPY FASHION,70500.0
082322MBK9LN0,"MPX2 10W30 SLMB 0,65L REP O",Genio CBS,50000.0
33130GN5831,SOCKET HEADLIGHT,VARIO 110 CBS,18500.0
ALF6201RS,BEARING BALL (SET),BEAT FI CBS,49900.0
43130KZL930,BRAKE SHOE,NEW SCOOPY FI,55500.0
17210K16900,"ELEMENT COMP., AIR CLEANER",NEW SCOOPY FI,53500.0
9410912000,"WASHER, DRAIN PLUG, 12MM",SUPRA X 125 CW,1500.0
08234M99K8LZ0,SCOOTER GEAR OIL-SYN120MLREP,STYLO 160 CBS,19500.0
9805957927, SPARK PLUG U22FER9 (DS),KARISMA 125,30500.0
082342MBK8LZ0,"SPX2 10W30 SLMB 0,65L REP",BEAT,61500.0
10663LCL05,DSM CLINER,BEAT FI CBS,40000.0
42753KWF901,"VALVE,RIM(TRITON)",NEW VARIO 150,10500.0
ACG10GR,AHM CVT GREASE 10 GR,VARIO TECHNO NON CBS,15000.0
08232M99K0LN5,"MPX2 10W30 SLMB 0,8L CAS",PCX,0.0
08294M99Z8YZ1,SCOOTER GEAR OIL (120ML) IDE,VARIO 160 CBS,16500.0
HPC480ML,HONDA PARTS CLEANER,VARIO 160 CBS,40000.0
23100K0JBA0,BELT DRIVE KIT,BEAT STREET CBS,130500.0
06535GN5505,RACE STEERING KIT,VARIO 160 CBS,85490.0
06401K45NA0,DRIVE CHAIN KIT,CBR 150R,389500.0
082322MAK8LN1,"OLI MPX1 10W30 SL 1,2L IDE",CB150R,73500.0
22201KWWA01,DISK CLUTCH FRICTION,CB150R,225000.0
06535GN5505,RACE STEERING KIT,SONIC 150R HRR,103000.0
ACG10GR,AHM CVT GREASE 10 GR,SONIC 150R HRR,15000.0
17210K0JN00,"ELEMENT COMP,AIR/C",BeAT Sporty CBS ISS,55000.0
01626LCL0112,OLI MOTUL MATIC LE 10-30,PCX 160 CBS,70000.0
31500KWWA02,BATTERY YTZ4-V,SPACY CW HELM IN FI,253500.0
22011K81N00,"PIECE SET,SLIDE",SUPRA FIT,18500.0
08234M99K8LZ0,SCOOTER GEAR OIL-SYN120MLREP,SUPRA FIT,19500.0
22123K0JN00,"ROLLER SET,WEIGHT",SUPRA FIT,42000.0
082342MBK8LZ0,"SPX2 10W30 SLMB 0,65L REP",SUPRA FIT,61500.0
12251KZY701,"GASKET, CYL HEAD",VARIO 150,33000.0
SS8175ML,OIL SHOCK,BeAT Sporty CBS ISS,29500.0
11203KVB901,UNDER RUBBER BUSH REAR,BEAT FI CW,13500.0
HB6203RS,"BEARING,BALL",REVO FIT,31100.0
AHUB0001001,HRC24 RWB TRAVEL UMBRELLA,BeAT Sporty CBS ISS Deluxe,251000.0
06401K45N01,DRIVE CHAIN KIT,CB150R STREETFIRE,360000.0
52400K59A11,CUSHION ASSY RR,VARIO 125 CBS ISS,246000.0
082322MBK3LN9,"MPX2 10W30 SLMB 0,65L CAS",Beat Sporty,50000.0
44830KVY721,"CABLE COMP,SPDMT",BEAT FI SW,39500.0
91005KVBN50,"BRG,COMP DRIVE SHAFT",NEW SCOOPY FASHION,39500.0
91202KJ9003,OIL SEAL 20X32X6,NEW SCOOPY FASHION,8500.0
22011K0JN00,"PIECE SET,SLIDE",NEW SCOOPY FASHION,16500.0
81130K2FNC0ZL,"LID ASSY,POCKET (MT SO RED)",SCOOPY STYLISH,135000.0
52400K81N01,CUSHION ASSY REAR,ALL NEW SCOOPY STYLISH,223000.0
42711K2SN01,TIRE RR TL (120/70-14),VARIO 125 CBS ISS,417000.0
082322MAK0LN1,"OLI MPX1 10W30 SL 0,8L IDE",SUPRA X 125 SW,57000.0
16700K0JN01,"UNIT ASSY,FUEL PUMP",BeAT Sporty DLX Smart Key,389000.0
082322MBK2LN9,"MPX2 10W30 SLMB 0,8L FED",BEAT STREET CBS,59000.0
34906GB6921,BULB TAILLIGHT,SCOOPY FI,12500.0
17572GGLJ00,"O-RING, FUEL PUMP",SCOOPY FI,17500.0
22011K81N00,"PIECE SET,SLIDE",SCOOPY FI,18500.0
17210K0JN00,"ELEMENT COMP,AIR/C",SCOOPY FI,55000.0
HPC480ML,HONDA PARTS CLEANER,SCOOPY FI,40000.0
23100K0JBA0,BELT DRIVE KIT,SCOOPY FI,130500.0
SS8175ML,OIL SHOCK,PCX 160 ABS,29500.0
23100K36J02,BELT DRIVE,VARIO 150,151000.0
35700K93N01,SW ASSY SIDE STAND,ALL NEW SCOOPY STYLISH,175000.0
52400K59A11,CUSHION ASSY RR,NEW VARIO 150,246000.0
91202KJ9003,OIL SEAL 20X32X6,NEW VARIO 150,8500.0
17220K59A10,SET ILLUST AIR/C ELEMENT,NEW VARIO 150,65000.0
082322MBK6LN9,"MPX2 10W30 SLMB 0,65L FED O",BeAT Sporty CBS ISS Deluxe,50000.0
082322MBK8LZ0,"MPX2 10W30 SLMB 0,8L REP",PCX 160 ABS,59000.0
06833LC1382,PART CLEANER,BEAT SPORTY CBS ISS,5000.0
22103K44V00,WASHER 15X25X2,VARIO 125 CBS,7000.0
LCL0050309,SEAL TUTUP KLEP,SUPRA X 125 CW,6000.0
06435KPP901,PAD SET RR,SUPRA X 125 CW,51500.0
AHB6301RS,BEARING BALL (SET),REVO 110 SPOKE WHEEL,58500.0
42711KTM850,TIRE RR TT (80/90-17,REVO 110 SPOKE WHEEL,247000.0
ALF6201RS,BEARING BALL (SET),REVO 110 SPOKE WHEEL,49900.0
31500KPH881,BATTERY GTZ5S GS,REVO 110 SPOKE WHEEL,248000.0
34906GB6921,BULB TAILLIGHT,REVO 110 SPOKE WHEEL,12500.0
43125KPH903,SHOE COMP BRAKE (NA),REVO 110 SPOKE WHEEL,41500.0
082322MBK0LZ1,"OLI MPX2 10W30 SL 0,8L IDE",VARIO 160 CBS,58500.0
18318K59A10,"PROTECTOR, MUFFLER",VARIO FI,49500.0
61100K1AN80ZC,"FENDER,FR (MT GN BL)",BeAT Sporty DLX Smart Key,170000.0
33402K1AN81,"WINKER COMP,R FR",BeAT Sporty DLX Smart Key,61000.0
06976PENTIL,PENTIL TUBLES,BEAT SPORTY CBS,20000.0
01626LCL0020,"SHELL ADVANCE 10w-30 AX7 MATIC 0,8L",VARIO 160 CBS,60000.0
31500KWWA02,BATTERY YTZ4-V,NEW SCOOPY FI,253500.0
53140K59A70,"GRIP COMP,THROT",VARIO 150,17000.0
53166K2SN00,"GRIP, L HANDLE",VARIO 150,18500.0
17653LCL03,INJECTOR CLEANER,Beat Sporty,25000.0
17210K16900,"ELEMENT COMP., AIR CLEANER",Beat Sporty,107000.0
10147LCL08,BAUD CLIP,ALL NEW SCOOPY STYLISH,2000.0
81141K93N00ZY,COVER INNER (MT GN BL),ALL NEW SCOOPY STYLISH,520000.0
10147LCL42,BAUD MUR 10,ALL NEW SCOOPY STYLISH,2000.0
10147LCL98,CEPET BIRU,ALL NEW SCOOPY STYLISH,9000.0
30700K81N01,CAP ASSY NOISE SUPRESSOR,BEAT FI CW,35500.0
16400K25601,THROTTLE BODY ASSY,BEAT FI CW,973000.0
082322MBK8LN3,"MPX2 10W30 SLMB 0,65L NIP",ALL NEW SCOOPY SPORTY,50000.0
30700KZL931,CAP ASSY NOISE SUPPRESSOR,REVO 110 SPOKE WHEEL,35500.0
9806786871, SPARK PLUG U20EPR9 (DS),REVO 110 SPOKE WHEEL,19500.0
HBF50ML,"BRAKE,FLUID",REVO 110 SPOKE WHEEL,8500.0
AHB6201RS,BEARING BALL (SET),REVO 110 SPOKE WHEEL,51400.0
06401KWW900,DRIVE CHAIN KIT,REVO 110 SPOKE WHEEL,207000.0
31500KPH881,BATTERY GTZ5S GS,BLADE,248000.0
17210K56N00,ELEMENT COMP AIR CLEANER,NEW SUPRA GTR150 EXCLUSIVE,62500.0
31926KRM841,SPARK PLUG CPR9EA9 (NGK),NEW SCOOPY STYLISH,23000.0
TBC500ML,THROTTLE BODY CLEANER 500ML,NEW SCOOPY STYLISH,35500.0
22110K44V00,FACE COMP MOVABLE DRIVE,NEW SCOOPY PRESTIGE,75500.0
08232M99K0LN5,"MPX2 10W30 SLMB 0,8L CAS",BEAT POP ESP CBS-ISS,59000.0
31926KYT901,SPARK PLUG U27EPR-9 (DS),SUPRA FIT,23000.0
9410912000,"WASHER, DRAIN PLUG, 12MM",VARIO TECHNO 125 FI CBS,1500.0
42711K59A12,TIRE RR TL (90/90-14),VARIO 125 CBS-ISS MMC,297000.0
08232M99K0LN5,"MPX2 10W30 SLMB 0,8L CAS",NEW VARIO ESP CBS ADVANCE,59000.0
08294M99Z8YN1,SCOOTER GEAR OIL (120ML) IDE,NEW VARIO ESP CBS ADVANCE,16500.0
22011KWN900,"PIECE SET,SLIDE",ADV160 ABS,25000.0
08294M99Z8YZ1,SCOOTER GEAR OIL (120ML) IDE,NEW VARIO 150,16500.0
23100K97BA0,BELT DRIVE KIT,ADV160 ABS,208500.0
91204259004,"OIL SEAL, 16X28X7",VARIO TECHNO,5500.0
082342MAK1LZ0,SPX1 10W30 SLMA 1L REP,VARIO TECHNO,77500.0
34908GA7701,BULB W BASE,SUPRA X 125 R DD,6500.0
082322MBK2LN1,"MPX2 10W30 SLMB 0,65L IDE",BEAT SPORTY CBS ISS DELUXE,49500.0
08234M99K8LZ0,SCOOTER GEAR OIL-SYN120MLREP,SCOOPY,19500.0
22011K0JN00UJ,"PIECE SET,SLIDE",SCOOPY,30000.0
22123K0JN00UJ,ROLLER SETWEIGHT,SCOOPY,65000.0
082322MBK4LN9,"MPX2 10W30 SLMB 0,65L REP",SCOOPY,50000.0
OSC70ML,OIL SYSTEM CLEANER 70ML,GENIO CBS ISS SE,30000.0
08113HFH000,HONDA FOLDABLE HOOK,GENIO CBS ISS SE,101000.0
31201KPH881,BRUSH TERMINAL SET,BEAT CW FI MMC,23000.0
28120KVB901,PINION ASSY START,BEAT,228500.0
44711KVB931,TIRE FR TT (80/90-14),NEW BEAT CAST WHEEL,196000.0
06833LC1382,PART CLEANER,SCOOPY FI,5000.0
23100K44BA0,"BELT DRIVE, KIT",SCOOPY FI,150000.0
08CLAH50500,HONDA M/C GENUINE COOLANT,BEAT POP CW,19500.0
22804GB2880,RUBBER CLUTCH DAMPER,VARIO 150,18000.0
12436LCL06,BAUD 5000,VARIO 150,5000.0
23100K0JBA0,BELT DRIVE KIT,BEAT SPORTY CW,130500.0
082322MBK3LN9,"MPX2 10W30 SLMB 0,65L CAS",BEAT SPORTY CW,50000.0
06853LCL0,MASTER REM KVY (aspira),CB150 VERZA CW,35000.0
06535GN5505,RACE STEERING KIT,CB150 VERZA CW,103000.0
06853LCL57,MINYAK REM,CB150 VERZA CW,10000.0
06585CVA111,GREASE,CB150 VERZA CW,10000.0
38502GGZJ01,RELAY COMP POWER,BEAT SPORTY CBS ISS,55000.0
08203LCL35,BAUD CVT PENDEK,BEAT SPORTY CBS ISS,20000.0
082322MBK0LN5,"MPX2 10W30 SLMB 0,8L CAS",BEAT,45500.0
34901KFVB51,BULB HEADLIGHT (12V 25/25W),NEW VARIO TECHNO CBS,19000.0
08294M99Z8YN1,SCOOTER GEAR OIL (120ML) IDE,NEW VARIO TECHNO CBS,16500.0
08232M99K0LN5,"MPX2 10W30 SLMB 0,8L CAS",NEW VARIO TECHNO CBS,59000.0
52400KZR600,CUSHION ASSY RR,VARIO TECHNO 125 FI ISS,264500.0
AHTP0001018,HRC24 RWB CAP,VARIO 160 CBS,150000.0
23100K35BA0,"BELT DRIVE, KIT",VARIO 125 CBS ISS,175000.0
06401KWW900,DRIVE CHAIN KIT,REVO X,207000.0
44711KTM850,TIRE FR TT (70/90-17),REVO X,201000.0
22535K81N00,WEIGHT SET CLUTCH,BEAT SPORTY CBS,154000.0
9806786871, SPARK PLUG U20EPR9 (DS),BEAT SPORTY CBS,19500.0
91201K44V01,"OIL SEAL,20.8X30.5X6",BeAT Street,5000.0
06455K59A71,"PAD SET,FR BRAKE",NEW VARIO 150,89000.0
16700KZR305,"UNIT ASSY,FUEL PUMP",VARIO 125 CBS,559000.0
91202K0JN01,OIL SEAL 19.5X31.5X6,SCOOPY FI,24000.0
22105K44V00,BOSS DRIVE FACE,BEAT SPORTY CW,27500.0
34906GB6921,BULB TAILLIGHT,VERZA SPOKE WHEEL,12500.0
42711K93N02,TIRE RR TL (110/90-12),NEW SCOOPY SPORTY,347000.0
06430K44V80,"SHOE SET,BRAKE",STYLO 160 CBS,57500.0
17653LCL03,INJECTOR CLEANER,STYLO 160 CBS,25000.0
08CLAH50500,HONDA M/C GENUINE COOLANT,STYLO 160 CBS,19500.0
06455KVBT01,PAD SET FR,STYLO 160 CBS,60500.0
42711KTM850,TIRE RR TT (80/90-17,REVO X,247000.0
082322MAK3LN0,MPX1 10W30 SLMA 1L REP,CB150R,65500.0
30700KZR602,CAP ASSY.NOISE SUPPRESSOR,VARIO FI,32000.0
35148K78N10,BATTERY,ADV160 CBS,14500.0
23100K1ZBA0,"BELT DRIVE, KIT",PCX,208500.0
22804148000,RUBBER CLUTCH DUMPER,BeAT Sporty CBS ISS,16500.0
22535K81N00,WEIGHT SET CLUTCH,BeAT Sporty CBS ISS,154000.0
22132GCC771,PIECE SLIDE,BeAT Sporty CBS ISS,40500.0
01675BREM,BOHLAM REM 12V,BEAT SPORTY CBS ISS DELUXE,13000.0
ACG10GR,AHM CVT GREASE 10 GR,SPACY CW HELM IN FI,15000.0
2212AK36T00,ROLLER WEIGHT SET,PCX 160 ABS,54000.0
31919K25602,SPARK PLUG U27EPR-N9 (DS),VARIO TECHNO 125 CBS ISS,24500.0
44830KVY721,"CABLE COMP,SPDMT",VARIO FI,39500.0
44800KVB910,BOX SPEEDOMETER GEAR,VARIO FI,70500.0
ACG10GR,AHM CVT GREASE 10 GR,FORZA,15000.0
08294M99Z8YN1,SCOOTER GEAR OIL (120ML) IDE,FORZA,33000.0
31917K0RV01,"PLUG, SPARK(LMAR8L-9)(NGK)",FORZA,70000.0
31926KRM841,SPARK PLUG CPR9EA9 (NGK),VARIO 150 MMC,23000.0
082322MBK4LN9,"MPX2 10W30 SLMB 0,65L REP",SCOOPY PRESTIGE,0.0
22535KWN901,WEIGHT SET CLUTCH,VARIO 150 MMC,159500.0
06410KWB600,DAMPER SET WHEEL,REVO FIT,28000.0
SS8175ML,OIL SHOCK,CB150R,59000.0
51490GN5305,SEAL SET FR FORK,CB150R,88000.0
51410K45N01,PIPE COMP FR FORK,CB150R,564000.0
31928MFFD01, SPARK PLUG U24EPR9 (DS),NEW CBR 150R,20000.0
08CLAH50500,HONDA M/C GENUINE COOLANT,NEW CBR 150R,19500.0
31926KRM841,SPARK PLUG CPR9EA9 (NGK),CRF150L,23000.0
12391K44V00,"GASKET,HEAD COVER",NEW VARIO TECHNO PGM FI,24000.0
08294M99Z8YN1,SCOOTER GEAR OIL (120ML) IDE,VARIO TECHNO,16500.0
16695LCLBAUDULIR,BAUD ULIR,SUPRA X 125 CW MMC,4000.0
3150KGBGFM0,BATTERY GM5Z-3B KIT,LEGENDA,170000.0
31600KRS971,REGULATOR REC COMP,LEGENDA,141500.0
34908GA7701,BULB W BASE,LEGENDA,26000.0
06455KVBT01,PAD SET FR,VARIO TECHNO,60500.0
06401KWW900,DRIVE CHAIN KIT,BLADE,207000.0
08113HFH000,HONDA FOLDABLE HOOK,NEW SCOOPY STYLISH,101000.0
13396LCL62,BAUD GANTUNGAN BARANG,NEW SCOOPY STYLISH,5000.0
31500KPH881,BATTERY GTZ5S GS,BEAT CW FI MMC,248000.0
HPC480ML,HONDA PARTS CLEANER,VARIO 160 ABS,40000.0
31500KPH881,BATTERY GTZ5S GS,BEAT FI CBS,248000.0
082342MBK0LZ0,"SPX2 10W30 SLMB 0,8L REP",VARIO 150 SPORTY,70500.0
AHGK0010007,HRC22 KEYCHAIN,BeAT Sporty CBS ISS,47500.0
44711K59A12,TIRE FR TL (80/90-14),VARIO 125 CBS-ISS MMC,263000.0
AHB6201RS,BEARING BALL (SET),SUPRA X 125 DISK BRAKE,51400.0
31500KWWA02,BATTERY YTZ4-V,BEAT SPORTY CBS,253500.0
17572GGLJ00,"O-RING, FUEL PUMP",NEW SCOOPY FASHION,17500.0
06455KPP901,PAD SET FR,CBR 150R STD,53000.0
082322MAK0LN5,"MPX1 10W30 SLMA 0,8L CAS",SUPRA X 125 DISK BRAKE,57000.0
06535GN5505,RACE STEERING KIT,BEAT CBS FI MMC,103000.0
082322MAK0LN1,"OLI MPX1 10W30 SL 0,8L IDE",SUPRA X 125-R,57000.0
02661LCL82,SIL TTP KLEP BBK,NEW VARIO 150,2500.0
12361035000,CAP TAPPET,NEW VARIO 150,10000.0
31500KZR602,BATTERY(GTZ6V),VARIO 150 NEW ACC,302000.0
06141KWB505,CAM CHAIN KIT,BLADE,59000.0
12191KZR600,GASKET CYLINDER,VARIO FI,13500.0
06430K44V80,"SHOE SET,BRAKE",BEAT SPORTY CW,57500.0
082322MBK9LN0,"MPX2 10W30 SLMB 0,65L REP O",SCOOPY ENERGETIC,50000.0
34908GA7701UIJ,BULB W BASE,BEAT SPORTY CW,20000.0
08CLAH50500,HONDA M/C GENUINE COOLANT,VARIO 125 CBS-ISS MMC,19500.0
ALF6201RS,BEARING BALL (SET),BEAT,49900.0
22132GCC771,PIECE SLIDE,BEAT CW FI MMC,40500.0
HPC480ML,HONDA PARTS CLEANER,MEGAPRO CW FI,40000.0
AHTP0001018,HRC24 RWB CAP,BeAT Sporty CBS ISS Deluxe,150000.0
08113HFH000,HONDA FOLDABLE HOOK,GENIO CBS ISS,101000.0
44711KVB930,44711KVB931,VARIO CAST WHEEL,133500.0
ACL70ML,AHM CHAIN LUBE 70 ML,NEW SUPRA X 125 FI CW,21000.0
082342MAK0LZ0,"SPX1 10W30 SLMA 0,8L REP",NEW SUPRA X 125 FI CW,139000.0
19211651868,Paket Servis Throttle body,NEW SUPRA X 125 FI CW,135000.0
31928MFFD01, SPARK PLUG U24EPR9 (DS),NEW SUPRA X 125 FI CW,20000.0
TBC500ML,THROTTLE BODY CLEANER 500ML,NEW SUPRA X 125 FI CW,0.0
22105KWN900,"BOSS,DRIVE FACE",NEW VARIO 150,44500.0
22110K35V00,FACE COMP MOVABLE DRIVE,NEW VARIO 150,84500.0
082322MBK0LN9,"MPX2 10W30 SLMB 0,8L FED",NEW SCOOPY FASHION,39500.0
31917KPH902,SPARK PLUG CPR7EA9 (NGK),PCX 160 CBS,23000.0
11203KVB901,UNDER RUBBER BUSH REAR,Beat Sporty,13500.0
22535K81N00,WEIGHT SET CLUTCH,Beat Sporty,154000.0
31926KYT901,SPARK PLUG U27EPR-9 (DS),Beat Sporty,23000.0
9806786871, SPARK PLUG U20EPR9 (DS),REVO X,19500.0
31500KPH881,BATTERY GTZ5S GS,REVO X,248000.0
91351GR1000,O-RING 38.5X2,VARIO 125 CBS,9000.0
91211KN7671,SEAL DRIVEN FACE 34X41X4,VARIO 125 CBS,24000.0
17234KCW871,TUBE A/C DRAIN,VARIO 125 CBS,5500.0
23100K36BA0,"BELT DRIVE, KIT",VARIO 150 SPORTY,189500.0
08232M99K0LN5,"MPX2 10W30 SLMB 0,8L CAS",VARIO 150 SPORTY,59000.0
HI,INJECTOR CLEANER,PCX 160 CBS,25000.0
CC200ML,CARBON CLEANER 200ML,SCOOPY ESP,45500.0
31926KYT901,SPARK PLUG U27EPR-9 (DS),SCOOPY ESP,23000.0
12391K25601,"GASKET, HEAD COVER",SCOOPY ESP,24000.0
12209GB4682,SEAL VLV. STEM,SCOOPY ESP,12000.0
42711KVB931,TIRE RR TT (90/90-14),BEAT FI SW,243000.0
31500KPH882,BATTERY YTZ5-S,BEAT CW FI MMC,273000.0
082322MAK0LN1,"OLI MPX1 10W30 SL 0,8L IDE",NEW SCOOPY PRESTIGE,57000.0
082322MBK2LN0,"MPX2 10W30 SLMB 0,8L REP O",SCOOPY PRESTIGE,59000.0
30400K25600,30400K25600C1,BEAT SPORTY CW,918000.0
31926KRM841,SPARK PLUG CPR9EA9 (NGK),SONIC 150R,23000.0
34908GA7701,BULB W BASE,BEAT SPORTY CBS,13000.0
34901KFVB51,BULB HEADLIGHT (12V 25/25W),BEAT FI CBS,19000.0
44711KVB930,44711KVB931,VARIO FI,133500.0
23233K35V00,SPRING DRIVEN FACE,VARIO 125 CBS-ISS MMC,43000.0
11363KWN900,"GASKET,STATOR BASE",VARIO 125 CBS-ISS MMC,8500.0
91201K59A11,"OIL SEAL, 20.8X32X6",VARIO 125 CBS-ISS MMC,11500.0
35148K78N10,BATTERY,VARIO 160 ABS,14500.0
31926KRM,BUSI FI,NEW VARIO 150,28000.0
082322MBK2LN0,"MPX2 10W30 SLMB 0,8L REP O",SCOOPY ESP,59000.0
91307K0JN00,"O-RING,95X2.0",Beat Sporty,4000.0
42711K97N02,TIRE RR TL (120/70-14),Beat Sporty,442000.0
23100KZR601,"BELT, DRIVE",VARIO 125 CBS ISS,155000.0
31926KRM842,31926KRM841,NEW VARIO 150,18500.0
06435K97N01,PAD SET RR BRAKE,PCX 150,132500.0
06401K18900,DRIVE CHAIN KIT,VERZA CAST WHEEL,315500.0
082342MAK0LZ0,"SPX1 10W30 SLMA 0,8L REP",SUPRA X 125 SW MMC,69500.0
53220GN5900,THREAD HEAD TOP,BEAT STREET CBS,23000.0
06535GN5505,RACE STEERING KIT,BEAT STREET CBS,103000.0
31926KRM842,31926KRM841,NEW VARIO 125 CBS-ISS,18500.0
082322MBK8LN3,"MPX2 10W30 SLMB 0,65L NIP",BEAT CBS FI MMC,50000.0
9805958826, SPARK PLUG U24ESR-N (DS),CBR 150R,20000.0
TBC500ML,THROTTLE BODY CLEANER 500ML,BEAT CW FI MMC,35500.0
31926KYT901,SPARK PLUG U27EPR-9 (DS),BEAT CW FI MMC,23000.0
30700KZL931,CAP ASSY NOISE SUPPRESSOR,BEAT CW FI MMC,35500.0
42711K59A12,TIRE RR TL (90/90-14),NEW VARIO 125 CBS,297000.0
06945LCL25,PENTIL TUBLES,NEW VARIO 125 CBS,10000.0
082322MBK2LN9,"MPX2 10W30 SLMB 0,8L FED",NEW SCOOPY PRESTIGE,59000.0
43130KZL930,BRAKE SHOE,PCX 160 CBS,55500.0
06535GN5505,RACE STEERING KIT,PCX 160 CBS,103000.0
43151329001,SPRING RR BRAKE,VARIO 150,7000.0
HPC480ML,HONDA PARTS CLEANER,VARIO 125 CBS ISS,40000.0
ALF6201RS,BEARING BALL (SET),SPACY CW HELM IN FI,49900.0
082342MBK0LZ0,"SPX2 10W30 SLMB 0,8L REP",NEW SCOOPY STYLISH JKT,70500.0
ALF6201RS,BEARING BALL (SET),NEW SCOOPY PRESTIGE,49900.0
HPC480ML,HONDA PARTS CLEANER,VARIO FI,40000.0
082322MAK0LN5,"MPX1 10W30 SLMA 0,8L CAS",SUPRA X,57000.0
SS8175ML,OIL SHOCK,SUPRA X 125 HELM IN FI,29500.0
08CLAH50500,HONDA M/C GENUINE COOLANT,BEAT CW FI MMC,19500.0
44711K59A12,TIRE FR TL (80/90-14),VARIO 150 MMC,263000.0
100200,INJECTOR CLEANER,BEAT SPORTY CBS,50000.0
30700KZR602,CAP ASSY.NOISE SUPPRESSOR,VARIO 150,32000.0
16400K59A11,THROTTLE BODY ASSY,VARIO 150,448500.0
22535GGC900,"WEIGHT SET, CLUTCH",VARIO 150 MMC,175500.0
082322MBK0LN9,"MPX2 10W30 SLMB 0,8L FED",PCX 150,39500.0
17210K97N00,ELEMENT COMP AIR/C,ADV150 CBS,79500.0
06455KR3404,PAD SET FR (NA),SUPRA X 125 R DD,55000.0
08232M99K0LN5,"MPX2 10W30 SLMB 0,8L CAS",CRF150L,59000.0
91202KJ9003,OIL SEAL 20X32X6,BEAT FI CBS,8500.0
30700KVB931,CAP ASSY NOISE SUPPRESSOR,BEAT FI CBS,50500.0
22132GCC771,PIECE SLIDE,BEAT FI CBS,40500.0
ACG10GR,AHM CVT GREASE 10 GR,GENIO CBS,15000.0
22535K35V01,WEIGHT SET CLUTCH,NEW VARIO 125 CBS,141000.0
22102K1ZN20,"FACE,DRIVE",PCX 160 CBS,58000.0
22535K35V01,WEIGHT SET CLUTCH,PCX 160 CBS,141000.0
22110K2SN00,"FACE COMP,MOVABLE DRIVE",PCX 160 CBS,124500.0
08294M99Z8YN1,SCOOTER GEAR OIL (120ML) IDE,ADV160 CBS,16500.0
45351KVBS02,DISK FR BRAKE,BEAT SPORTY CW,173500.0
22804148000,RUBBER CLUTCH DUMPER,VARIO 150 SPORTY,16500.0
22123K97B00,"ROLLER SET,WEIGHT",VARIO 150 SPORTY,54000.0
22535KWN901,WEIGHT SET CLUTCH,VARIO 150 SPORTY,159500.0
08294M99Z8YN1,SCOOTER GEAR OIL (120ML) IDE,VARIO 150 SPORTY,16500.0
01824LCLLAHERCVTSET,LAHER CVT SET,BEAT SPORTY CW,75000.0
9410912000,"WASHER, DRAIN PLUG, 12MM",BeAT Sporty DLX Smart Key,1500.0
23100K16A41,BELT DRIVE,ALL NEW SCOOPY STYLISH,128000.0
17210K1ZN20,"ELEMENT COMP,AIR/C",ADV160 ABS,76500.0
08294M99Z8YN1,SCOOTER GEAR OIL (120ML) IDE,BEAT CBS FI MMC,16500.0
06455KVBT01,PAD SET FR,BEAT CBS FI MMC,60500.0
22011K81N00,"PIECE SET,SLIDE",VERZA CAST WHEEL,18500.0
91302KWN900,"O-RING,34X2",VERZA CAST WHEEL,7000.0
HBF50ML,"BRAKE,FLUID",ADV160 ABS,8500.0
CVTCLEANER,CVT CLEANER,ADV160 ABS,35000.0
INJECTORCLEANER,INJECTORCLEANER,ADV160 ABS,46000.0
08CLAH50500,HONDA M/C GENUINE COOLANT,ADV160 ABS,19500.0
22401KGF912,"SPRING, CLUTCH",VARIO 160 ABS,29700.0
35100K2SN01,"SWITCH ASSY,HNDL LOCK",VARIO 160 ABS,424800.0
082322MBK0LN9,"MPX2 10W30 SLMB 0,8L FED",NEW PCX 150 ABS,39500.0
17210K46N20,ELEMENT COMP AIR CLEANER,BEAT SPORTY CBS ISS,56000.0
HPC480ML,HONDA PARTS CLEANER,BEAT SPORTY CBS ISS,40000.0
08232M99K8LN0,SCOOTER GEAR OIL (120ML)REP,NEW SCOOPY STYLISH,16500.0
23100K35V01,BELT DRIVE,VARIO 125 CBS ISS,139000.0
082322MBK3LN9,"MPX2 10W30 SLMB 0,65L CAS",ALL NEW SCOOPY SPORTY,50000.0
30700KWN982,CAP ASSY NOISE SUPPRESSOR,NEW SCOOPY PRESTIGE,32000.0
23100K1ABA0,"BELT DRIVE, KIT",NEW SCOOPY PRESTIGE,123000.0
31926KRM842,31926KRM841,VARIO 150 SPORTY,18500.0
22535K44V00,WEIGHT SET CLUTCH,NEW SCOOPY PRESTIGE,127000.0
17653LCL03,INJECTOR CLEANER,VARIO 125 CBS ISS,25000.0
34905GM9003,BULB WINKER,VARIO 150,9000.0
91351GR1000,O-RING 38.5X2,SCOOPY FI,4500.0
81141K2VN30ZA,"COVER,INNER (BLACK)",VARIO 125 CBS,124000.0
61100K59A70ZY,"FENDER,FR (BLK)",VARIO 125 CBS,233500.0
64301K2VN30ZM,"COVER, FRONT (BLK)",VARIO 125 CBS,233500.0
83520K2VN30ZA,"COVER, R BODY SIDE (BLACK)",VARIO 125 CBS,47000.0
64360K60B60ZB,"COVER, L UNDER SIDE",VARIO 125 CBS,44000.0
80151K2VN30ZA,"COVER,CENTER (BLACK)",VARIO 125 CBS,59000.0
64308K2VN30ZA,"COVER,FR LOWER (BLACK)",VARIO 125 CBS,85000.0
64350K60B60ZB,"COVER, R UNDER SIDE",VARIO 125 CBS,46000.0
83500K2VN30FMB,"COVER,R BODY (BLK)",VARIO 125 CBS,220000.0
HPC480ML,HONDA PARTS CLEANER,VARIO 150 SPORTY,40000.0
22011K1NV01,"PIECE SET,SLIDE",VARIO 150 SPORTY,28500.0
9410912000,"WASHER, DRAIN PLUG, 12MM",VARIO 150 SPORTY,1500.0
082342MBK0LN0,"OLI SPX2 10W30 SL 0,8L REP",BeAT Sporty CBS ISS Deluxe,56500.0
53175KVB921,LEVER R STRG HDL,NEW VARIO 125 CBS-ISS,69000.0
53178K25910,LEVER L STRG HANDLE,NEW VARIO 125 CBS-ISS,28000.0
22011K1AN00,"PIECE SET,SLIDE",GENIO CBS,15500.0
AHB6201RS,BEARING BALL (SET),GENIO CBS,51400.0
22132GCC771,PIECE SLIDE,VARIO 125 CBS,40500.0
06455KVBT01,PAD SET FR,NEW SCOOPY SPORTY,60500.0
082322MBK3LN1,"MPX2 10W30 SLMB 0,65L IDE E",NEW PCX 150 ABS,50000.0
082342MBK0LZ0,"SPX2 10W30 SLMB 0,8L REP",REVO FIT FI,70500.0
34906GB6921,BULB TAILLIGHT,REVO FIT FI,12500.0
082322MBK9LN0,"MPX2 10W30 SLMB 0,65L REP O",BEAT FI CBS,50000.0
38110KZR601,HORN COMP.(HIGH),BEAT SPORTY CW,61750.0
06541LCLPKTINJ,PAKET INJECTOR,BEAT SPORTY CW,50000.0
22132GCC771,PIECE SLIDE,BEAT POP CBS ISS,40500.0
2212AK44V00,ROLLER WEIGHT SET,BEAT POP CBS ISS,55000.0
22105K44V00,BOSS DRIVE FACE,BEAT POP CBS ISS,27500.0
22110K44V00,FACE COMP MOVABLE DRIVE,BEAT POP CBS ISS,75500.0
31926KYT901,SPARK PLUG U27EPR-9 (DS),BEAT POP CBS ISS,23000.0
31926KRM842,31926KRM841,VARIO TECHNO 125 FI CBS,18500.0
44711K97N02,TIRE FR TL (100/80-14),NEW PCX 150 CBS,371000.0
45530KVY911,CYLINDER SET MASTER,VARIO 110 CBS,77000.0
HBF50ML,"BRAKE,FLUID",VARIO 110 CBS,8500.0
16111KVB903,PISTON COMP VACUUM,VARIO 110 CBS,142500.0
22011K81N00,"PIECE SET,SLIDE",VARIO 110 CBS,18500.0
082342MBK0LN0,"OLI SPX2 10W30 SL 0,8L REP",ADV150 ABS,56500.0
22123K44V00,ROLLER SET WEIGHTER,BEAT SPORTY CW,54000.0
31926KRM842,31926KRM841,VARIO FI,18500.0
33100K59A71,"LIGHT ASSY,FRONT COMB",VARIO FI,1131500.0
17210KZR600,"ELEMENT COMP, AIR CLEANER",NEW VARIO 150,56500.0
06455KPP901,PAD SET FR,CB150R STREETFIRE,53000.0
34901KPH881,BULB HEADLIGHT,Beat Sporty,45000.0
30700KVB931,CAP ASSY NOISE SUPPRESSOR,Beat Sporty,50500.0
OSC70ML,OIL SYSTEM CLEANER 70ML,BEAT FI CBS,30000.0
17220KZR600,"ELEMENT SET, AIR CLEANER",ADV160 ABS,590000.0
31500KZR602,BATTERY(GTZ6V),ADV160 ABS,2114000.0
34908GA7701,BULB W BASE,SUPRA X 125 HELM IN FI,6500.0
44830KWWA00,"CABLE COMP, SPDMT",SUPRA X 125 HELM IN FI,46000.0
44800KWW650,GEAR BOX ASSY SPDMT,SUPRA X 125 HELM IN FI,50500.0
17653LCL03,INJECTOR CLEANER,SUPRA X 125 HELM IN FI,25000.0
06455KVBT01,PAD SET FR,VARIO 150 SPORTY NEW ACC,60500.0
08232M99K0LN5,"MPX2 10W30 SLMB 0,8L CAS",VARIO 150 SPORTY NEW ACC,59000.0
22011KWN900,"PIECE SET,SLIDE",VARIO 150 SPORTY NEW ACC,25000.0
31210K2FN81,FLYWHEEL COMP,NEW SCOOPY STYLISH,285000.0
31500KPH882,BATTERY YTZ5-S,BEAT FI CBS,273000.0
06401K84900,DRIVE CHAIN KIT,SUPRA X 125 CW MMC,433500.0
082322MAK2LN0,"MPX1 10W30 SLMA 0,8L REP",NEW SUPRA X 125 CW FI MMC,57000.0
082322MBK0LN1,"OLI MPX2 10W30 SL 0,8L IDE",PCX160 ABS,59000.0
42711K59A72,TIRE RR TL (100/80-14),VARIO 125 CBS,345000.0
CC200ML,CARBON CLEANER 200ML,CBR 150R STD,45500.0
31916KRM841,SPARK PLUG CPR8EA9 (NGK),BEAT CW FI MMC,23000.0
HIC60ML,HONDA INJECTOR CLEANER,BEAT STREET CBS,27500.0
22011KWN900,"PIECE SET,SLIDE",BEAT STREET CBS,25000.0
08CLAH50500,HONDA M/C GENUINE COOLANT,BEAT STREET CBS,19500.0
02550LCL198,COOL STATER,BEAT CBS FI MMC,25000.0
91202KJ9003,OIL SEAL 20X32X6,BEAT CBS FI MMC,8500.0
02550LCL053,PAKING KOPLING,BEAT CBS FI MMC,15000.0
91009KVB903,"BRG,BALL RADIAL 60/22 UU",BEAT CBS FI MMC,47600.0
91255KVB902,OIL SEAL 29X44X7,BEAT CBS FI MMC,7600.0
HB6204,"BEARING,BALL",BEAT CBS FI MMC,27200.0
9806786871, SPARK PLUG U20EPR9 (DS),BEAT FI CW,19500.0
30700KPH881,CAP ASSY NOISE SUPPRESSOR,BEAT FI CW,50500.0
01675LCL111,TANCAP 5WATT,VARIO 125 CBS,4000.0
01675LCL100,TANCAP 10WATT,VARIO 125 CBS,6000.0
01824LCLGEARBOX,GEARBOX LKL,NEW VARIO,50000.0
44830KVBT00,"CABLE COMP,SPDMT",NEW VARIO,39000.0
31926KRM842,31926KRM841,Beat Sporty,18500.0
02509LCL0185,SAKLAR ON/OF,MEGA PRO,10000.0
44711K59A12,TIRE FR TL (80/90-14),VARIO 110 CBS,263000.0
45530KVY911,CYLINDER SET MASTER,NEW VARIO 125 CBS,77000.0
08113HFH000,HONDA FOLDABLE HOOK,VARIO 160 ABS,101000.0
CVTCLEANER,CVT CLEANER,NEW SCOOPY FASHION JKT,35000.0
INJECTORCLEANER,INJECTORCLEANER,NEW SCOOPY FASHION JKT,46000.0
08CLAH50500,HONDA M/C GENUINE COOLANT,New Supra GTR150 Exclusive,19500.0
082342MAK8LZ0,"SPX1 10W30 SLMA 1,2L REP",New Supra GTR150 Exclusive,90000.0
22011K81N00,"PIECE SET,SLIDE",PCX 160 ABS,18500.0
17210K1AN00,"ELEMENT COMP,AIR/C",PCX 160 ABS,51500.0
31926KYT901,SPARK PLUG U27EPR-9 (DS),PCX 160 ABS,23000.0
HBF50ML,"BRAKE,FLUID",PCX 160 ABS,8500.0
45530KVY911,CYLINDER SET MASTER,PCX 160 ABS,77000.0
43130KZL930,BRAKE SHOE,PCX 160 ABS,55500.0
AHTA0001011,HRC24 RWB SLING BAG,GENIO CBS,300000.0
91202K50T01,OIL SEAL 20.8X52X6X7.5,VARIO 150,6500.0
30700KZL931,CAP ASSY NOISE SUPPRESSOR,NEW PCX 150 CBS,35500.0
12100K0JN00,CYLINDER COMP,GENIO CBS,246500.0
91201K44V01,"OIL SEAL,20.8X30.5X6",GENIO CBS,5000.0
12209GB4682,SEAL VLV. STEM,GENIO CBS,12000.0
12391K1AN01,"GASKET COMP,HEAD COVER",GENIO CBS,24500.0
131A1K0JP00,PISTON KIT STD,GENIO CBS,125000.0
91202K0JN01,OIL SEAL 19.5X31.5X6,GENIO CBS,24000.0
12251K0JN01,"GASKET,CYLINDER HEAD",GENIO CBS,12500.0
13000K2FN00,CRANK SHAFT COMP,GENIO CBS,441500.0
12191K1AN01,"GASKET,CYLINDER",GENIO CBS,4000.0
31926KRM841,SPARK PLUG CPR9EA9 (NGK),GENIO CBS,23000.0
44711KVB930,44711KVB931,BEAT STREET CBS,133500.0
082342MBK0LZ0,"SPX2 10W30 SLMB 0,8L REP",PCX 160 e:HEV,70500.0
91202KJ9003,OIL SEAL 20X32X6,NEW BEAT CAST WHEEL,8500.0
17210KVY960,ELEMENT COMP A/C,NEW BEAT CAST WHEEL,56500.0
33130GN5831,SOCKET HEADLIGHT,NEW BEAT CAST WHEEL,18500.0
16111KVB903,PISTON COMP VACUUM,NEW BEAT CAST WHEEL,142500.0
31926KRM841,SPARK PLUG CPR9EA9 (NGK),SCOOPY FI,23000.0
082322MBK0LZ1,"OLI MPX2 10W30 SL 0,8L IDE",SCOOPY FI,58500.0
082322MBK2LN0,"MPX2 10W30 SLMB 0,8L REP O",NEW BEAT CAST WHEEL,59000.0
23100K1AN23,"BELT,DRIVE",BeAT Sporty CBS ISS,93000.0
17211K15900,"ELEMENT COMP,AIR/C",CB150R STREETFIRE SPECIAL,61000.0
22870K15600,"CABLE COMP,CLUTCH",CB150R STREETFIRE,54500.0
22000K56N12,CLUTCH ASSY,CB150R STREETFIRE,879500.0
082342MAK1LZ0,SPX1 10W30 SLMA 1L REP,NEW CBR250RR ABS,77500.0
17210K64N00,ELEMENT COMP AIR CLEANER,NEW CBR250RR ABS,130000.0
OSC70ML,OIL SYSTEM CLEANER 70ML,NEW SCOOPY STYLISH,30000.0
22011K1AN00,"PIECE SET,SLIDE",NEW SCOOPY STYLISH,15500.0
02722LCL16,BAUD / RING,NEW SCOOPY STYLISH,6000.0
34908GA7701,BULB W BASE,NEW SCOOPY STYLISH,6500.0
22535K16A40,WEIGHT SET CLUTCH,NEW SCOOPY STYLISH,256500.0
91307K0JN00,"O-RING,95X2.0",NEW SCOOPY STYLISH,4000.0
22110K0JN00,"FACE COMP,MOVABLE DRIVE",NEW SCOOPY STYLISH,63000.0
31500KZR602,BATTERY(GTZ6V),VARIO TECHNO 125 FI ISS,302000.0
61100K2FN00ZK,"FENDER, FR (MA JB MT)",NEW SCOOPY STYLISH,261500.0
81110H02BLA,LICENSE PLATE COVER 2023,NEW SCOOPY STYLISH,59500.0
1667734906GB6921,BOHLAM STOP ,SCOOPY FI,15000.0
31916KRM841,SPARK PLUG CPR8EA9 (NGK),BEAT CBS FI MMC,23000.0
91384KVB900,O-RING 38.8X1.9,VARIO 125 CBS,14000.0
082322MBK0LZ1,"OLI MPX2 10W30 SL 0,8L IDE",BeAT Sporty CBS,58500.0
08232M99K0LN5,"MPX2 10W30 SLMB 0,8L CAS",BEAT POP CBS,59000.0
082342MAK8LZ0,"SPX1 10W30 SLMA 1,2L REP",NEW SUPRA GTR150 SPORTY,90000.0
01824LCLOLI,OLI SHOCK SHOWA JUMBO,VARIO 125 CBS,20000.0
91255KVB902,OIL SEAL 29X44X7,BEAT STREET CBS,7600.0
43151329000,"SPRING,BRAKE SHOEREAR",BEAT STREET CBS,15000.0
31500KZR602,BATTERY(GTZ6V),ADV150 CBS,302000.0
08CLAH50500,HONDA M/C GENUINE COOLANT,BEAT FI CW,19500.0
88210K2SN01,"MIRROR COMP,R",VARIO 160 CBS,64000.0
17572GGLJ00,"O-RING, FUEL PUMP",BEAT SPORTY CW,17500.0
11343LCL24066,BENSIN,BEAT SPORTY CW,10000.0
35340KEV950,SWITCH FR STOP,BEAT SPORTY CW,14000.0
16700K81N01,"UNIT ASSY,FUEL PUMP",BEAT SPORTY CW,506000.0
33110K25901,HEADLIGHT UNIT,BEAT SPORTY CW,166500.0
44710KEH950,TIRE FR TT (2.75-18),NEW MEGA PRO CW,279500.0
44711KVB930,44711KVB931,BEAT,133500.0
17210K03N30,"ELEMEN COMP, AIR/C",REVO FIT FI,51000.0
31916KWB601,SPARK PLUG CPR6EA9S (NGK),REVO FIT FI,25500.0
082322MAK8LN5,"MPX1 10W30 SLMA 1,2L CAS",CB150R,73500.0
30400K81N02,CONTROL UNIT ENGINE,BEAT SPORTY CW,1041500.0
30510K46N21,"COIL COMP., IGNITION",BEAT SPORTY CW,81500.0
34906GB6921,BULB TAILLIGHT,BEAT SPORTY DLX SMART KEY,12500.0
18465INJECTOR,INJECTOR,BEAT SPORTY DLX SMART KEY,55000.0
22011K81N00,"PIECE SET,SLIDE",BEAT SPORTY DLX SMART KEY,18500.0
HIC60ML,HONDA INJECTOR CLEANER,BeAT Street,27500.0
17210KZR600,"ELEMENT COMP, AIR CLEANER",VARIO 125 CBS-ISS MMC,56500.0
HBF50ML,"BRAKE,FLUID",VARIO FI,8500.0
082322MBK4LN9,"MPX2 10W30 SLMB 0,65L REP",NEW SCOOPY STYLISH,50000.0
082322MBK2LN0,"MPX2 10W30 SLMB 0,8L REP O",VARIO TECHNO,59000.0
52400K59A11,CUSHION ASSY RR,New Vario 150,246000.0
06455KVBT01,PAD SET FR,New Vario 150,60500.0
38110KTM851,HORN COMP (HIGH),VARIO 150,68000.0
2212AKWN640,ROLLER WEIGHT SET,New Vario 150,54000.0
17210K1AN00,"ELEMENT COMP,AIR/C",NEW SCOOPY SPORTY,51500.0
51490KC5305,SEAL SET FR FORK,PCX 160 ABS,49000.0
HB6201RS,"BEARING, BALL",PCX 160 ABS,52000.0
CAIRAN,INJECTOR CLEANER,PCX 160 CBS,50000.0
81137K0WN00ZB,"LID,SMART EMG",ADV160 CBS,32500.0
082342MAK0LZ0,"SPX1 10W30 SLMA 0,8L REP",PCX 160 CBS,69500.0
9805657723, SPARK PLUG U22FSU (DS),SCOOPY FI,18000.0
22100KWN900,OUTER COMP CLUTCH,PCX 160 ABS,130000.0
31500KPH882,BATTERY YTZ5-S,BeAT Street,273000.0
06401K41N01,DRIVE CHAIN KIT,SUPRA X 125 R DD,225000.0
06585CVA111,GREASE,VARIO 160 ABS,10000.0
08294M99Z8YZ1,SCOOTER GEAR OIL (120ML) IDE,PCX 160 ABS,16500.0
31917K0RV01,"PLUG, SPARK(LMAR8L-9)(NGK)",VARIO 160 CBS,70000.0
17220K2SN00,"SET ILLUST,AIR/C ELEMENT",VARIO 160 CBS,77000.0
16700KZRC02,UNIT ASSY FUEL PUMP,VARIO 125 CBS,546500.0
15661GN5910,PLATE OIL SEPARATER,REVO FIT,14000.0
30700KZLA01,CAP ASSY NOISE SUPPRESSOR,REVO FIT,49500.0
9806786871, SPARK PLUG U20EPR9 (DS),REVO FIT,19500.0
35170KYZ901,SWITCH UNIT DIMMER,REVO FIT,17500.0
22535KWB305,WEIGHT SET PRIMARY CLUCTH,REVO FIT,134000.0
082342MAK1LZ0,SPX1 10W30 SLMA 1L REP,REVO FIT,77500.0
082322MBK0LN1,"OLI MPX2 10W30 SL 0,8L IDE",BeAT Sporty CBS ISS Deluxe,59000.0
HBF50ML,"BRAKE,FLUID",GENIO CBS ISS,8500.0
06535GN5505,RACE STEERING KIT,GENIO CBS ISS,103000.0
HB6201RS,"BEARING, BALL",GENIO CBS ISS,52000.0
42711K93N02,TIRE RR TL (110/90-12),GENIO CBS ISS,347000.0
44711K93N02,TIRE FR TL (100/90-12),GENIO CBS ISS,287000.0
ACG10GR,AHM CVT GREASE 10 GR,GENIO CBS ISS,15000.0
ACG10GR,AHM CVT GREASE 10 GR,REVO FIT FI,15000.0
38110KTM851,HORN COMP (HIGH),NEW VARIO 150,68000.0
34901KPH881,BULB HEADLIGHT,BEAT FI CBS,35000.0
ALF6201RS,BEARING BALL (SET),VARIO 150 MMC,49900.0
33100K1AN01,"LIGHT ASSY,HEAD",BeAT Sporty CBS ISS Deluxe,361500.0
35148K78N10,BATTERY,NEW SONIC 150R SPECIAL,14500.0
082322MAK0LN1,"OLI MPX1 10W30 SL 0,8L IDE",REVO DISK BRAKE,57000.0
06910LCL90,OLI REM,VARIO 110 CBS,10000.0
50503KWN900,"SHAFT,MAIN STAND",VARIO 160 ABS,26000.0
082322MAK0LN1,"OLI MPX1 10W30 SL 0,8L IDE",NEW BLADE R 125 FI,57000.0
082322MBK0LZ1,"OLI MPX2 10W30 SL 0,8L IDE",CBR 150R ABS,58500.0
31926KYT901,SPARK PLUG U27EPR-9 (DS),CBR 150R ABS,23000.0
34906GB6921,BULB TAILLIGHT,CBR 150R ABS,12500.0
91202K50T01,OIL SEAL 20.8X52X6X7.5,CBR 150R ABS,6500.0
91202K50T01,OIL SEAL 20.8X52X6X7.5,VARIO TECHNO NON CBS,6500.0
31926KRM841,SPARK PLUG CPR9EA9 (NGK),VARIO TECHNO NON CBS,23000.0
17210KVB930,ELEMENT COMP A/C,VARIO TECHNO NON CBS,59500.0
08CLAH50500,HONDA M/C GENUINE COOLANT,VARIO TECHNO NON CBS,19500.0
08232M99K0LN5,"MPX2 10W30 SLMB 0,8L CAS",VARIO TECHNO NON CBS,59000.0
06455KVBT01,PAD SET FR,VARIO TECHNO NON CBS,60500.0
43130KZL930,BRAKE SHOE,VARIO TECHNO NON CBS,55500.0
HPC480ML,HONDA PARTS CLEANER,VARIO TECHNO NON CBS,40000.0
19200KVBN50,PUMP ASSY WATER,VARIO TECHNO NON CBS,483500.0
31500KZR602,BATTERY(GTZ6V),VARIO 150 SPORTY,271800.0
ACG10GR,AHM CVT GREASE 10 GR,ADV 160 ABS,15000.0
22011KWN900,"PIECE SET,SLIDE",ADV 160 ABS,25000.0
17210K03N30,"ELEMEN COMP, AIR/C",NEW BLADE R 125 FI,51000.0
43130KZL930,BRAKE SHOE,Verza,55500.0
31926KYT901,SPARK PLUG U27EPR-9 (DS),NEW SCOOPY FASHION,23000.0
43251K1ZN21,"DISK,RR BRAKE",PCX 160 ABS,272000.0
06430KPH900,SHOE SET BRAKE,SUPRA X 125 HELM IN FI,47500.0
06535GN5505,RACE STEERING KIT,VARIO 150 MMC,103000.0
AHB6201RS,BEARING BALL (SET),NEW PCX 150 CBS,51400.0
08234M99K8LZ0,SCOOTER GEAR OIL-SYN120MLREP,ADV160 ABS,19500.0
31917K0RV01,"PLUG, SPARK(LMAR8L-9)(NGK)",ADV160 ABS,70000.0
ACG10GR,AHM CVT GREASE 10 GR,ADV160 ABS,15000.0
082322MBK0LN1,"OLI MPX2 10W30 SL 0,8L IDE",VARIO 150 SPORTY NEW ACC,59000.0
8114AK46N00ZA,COVER INNER LWR ASSY,VARIO 110 CBS,98000.0
HIC60ML,HONDA INJECTOR CLEANER,BEAT SPORTY CW,27500.0
082322MBK3LN1,"MPX2 10W30 SLMB 0,65L IDE E",VARIO SPOKE WHEEL,50000.0
42711K59A12,TIRE RR TL (90/90-14),NEW VARIO 125 CBS ISS,297000.0
13251LCL19,BOHLAM SERI(WB),VARIO 125 CBS MMC,10000.0
23100K36BA0,"BELT DRIVE, KIT",VARIO 125 CBS MMC,189500.0
16700K18305,"UNIT ASSY,FUEL PUMP",CB150 VERZA CW,732500.0
17220KZR600,"ELEMENT SET, AIR CLEANER",VARIO TECHNO 125 FI CBS,59000.0
31500KZR602,BATTERY(GTZ6V),CB150R STREETFIRE,302000.0
31919K25602,SPARK PLUG U27EPR-N9 (DS),New Supra GTR150 Exclusive,24500.0
SPH002,PAKET SERVICE HEMAT 2,BEAT SPORTY CBS,160000.0
ALF6201RS,BEARING BALL (SET),BeAT Sporty CBS ISS Deluxe,49900.0
22110K2SN00,"FACE COMP,MOVABLE DRIVE",CRF150L,124500.0
06455K59A71,"PAD SET,FR BRAKE",CRF150L,89000.0
22102K1ZN20,"FACE,DRIVE",CRF150L,58000.0
91005KVBN50,"BRG,COMP DRIVE SHAFT",GENIO CBS ISS,39500.0
31919K25602,SPARK PLUG U27EPR-N9 (DS),NEW PCX 150 ABS,24500.0
44711KVB930,44711KVB931,VARIO TECHNO 125 CBS ISS,133500.0
23100K35V01,BELT DRIVE,NEW VARIO 125 CBS ISS,139000.0
06455K46N21,"PAD SET, FR. BRAKE",VARIO FI,62000.0
53178KVBN60,LEVER L STRG HANDLE,New Vario 150,50500.0
17210KZR600,"ELEMENT COMP, AIR CLEANER",New Vario 150,56500.0
22535KWN901,WEIGHT SET CLUTCH,New Vario 150,159500.0
53220GN5900,THREAD HEAD TOP,BEAT FI CW,23000.0
082322MBK2LN0,"MPX2 10W30 SLMB 0,8L REP O",NEW SCOOPY FASHION,59000.0
91204KWN901,"OIL SEAL,34X52X7",PCX 160 CBS,7500.0
91005KVBN50,"BRG,COMP DRIVE SHAFT",NEW PCX 150 CBS,39500.0
42711K97N02,TIRE RR TL (120/70-14),SCOOPY FI,442000.0
22011KWN900,"PIECE SET,SLIDE",SCOOPY FI,25000.0
06535GN5505,RACE STEERING KIT,NEW VARIO 150,103000.0
53175KRST80,LEVER R STRG HDL,BEAT SPORTY CW,41000.0
64310K81N00ZA,STEP FLOOR,BEAT SPORTY CW,117000.0
64308K81N00ZA,COVER FR LOWER,BEAT SPORTY CW,81500.0
08CLAH50500,HONDA M/C GENUINE COOLANT,NEW PCX 150,19500.0
CC200ML,CARBON CLEANER 200ML,All New Scoopy Stylish Plus,45500.0
31919K25602,SPARK PLUG U27EPR-N9 (DS),BEAT FI CW,24500.0
17211K15900,"ELEMENT COMP,AIR/C",CB150R STREETFIRE,61000.0
23100K1ABA0,"BELT DRIVE, KIT",GENIO CBS,123000.0
81131K1YDC0ZA,"COVER,INNER",PCX160 ABS,100000.0
082322MBK3LN1,"MPX2 10W30 SLMB 0,65L IDE E",BEAT POP CBS,50000.0
08294M99Z8YN1,SCOOTER GEAR OIL (120ML) IDE,BEAT POP CBS,16500.0
22110K0JN00,"FACE COMP,MOVABLE DRIVE",BEAT SPORTY CBS ISS,63000.0
23100K0JBA0,BELT DRIVE KIT,BEAT SPORTY CBS ISS,130500.0
45530KET920,CYLINDER SET MASTER,ALL NEW SCOOPY STYLISH,78500.0
64350MLCD00,MAT SIDE COWL,ALL NEW SCOOPY STYLISH,16000.0
91202KJ9003,OIL SEAL 20X32X6,VARIO 150,8500.0
082322MAK0LN1,"OLI MPX1 10W30 SL 0,8L IDE",VARIO FI,57000.0
88120KWWA40, MIRROR ASSY L BACK,VARIO FI,36000.0
06535GN5505,RACE STEERING KIT,VARIO FI,103000.0
91351GR1000,O-RING 38.5X2,NEW SCOOPY PRESTIGE,9000.0
22361K44V01,PLATE CLUTCH SIDE,NEW SCOOPY PRESTIGE,13000.0
91211GK8013,OIL SEAL 34X39X3,NEW SCOOPY PRESTIGE,21000.0
AHTS0201048,HRC23 ELGNT NAVY TSHIRT L,BeAT Sporty CBS,140000.0
22011GCC770,PIECE SLIDE,BeAT Sporty CBS,30000.0
22123K0JN00,"ROLLER SET,WEIGHT",NEW VARIO 150,42000.0
22110KZR600,"FACE COMP., MOVABLE DRIVE",NEW VARIO 150,81000.0
2212AKWN640,ROLLER WEIGHT SET,NEW SCOOPY PRESTIGE,54000.0
42712K84901,"TUBE, TIRE(IRC)(4.10-18)",CRF150L,81000.0
42711K59A12,TIRE RR TL (90/90-14),New Vario 150,297000.0
22535K44V00,WEIGHT SET CLUTCH,ALL NEW SCOOPY STYLISH,127000.0
22804148000,RUBBER CLUTCH DUMPER,ALL NEW SCOOPY STYLISH,16500.0
22123K44V00,ROLLER SET WEIGHTER,ALL NEW SCOOPY STYLISH,54000.0
16695LCLMUR12,MUR 12,REVO FIT FI,2000.0
08294M99Z8YN1,SCOOTER GEAR OIL (120ML) IDE,TIGER,16500.0
64310K2VN30ZA,"STEP,FLOOR (BLACK)",VARIO 125 CBS ISS,118000.0
64308K2VN30ZA,"COVER,FR LOWER (BLACK)",VARIO 125 CBS ISS,85000.0
18450LCL22132KWN900,"PIECE,SLIDE",VARIO 125 CBS,39000.0
12391K66V01,"GASKET,HEAD COVER",SPACY CW HELM IN FI,30500.0
2212AKVB900,ROLLER WEIGHT SET,BEAT SPORTY CBS,67500.0
22132GCC771,PIECE SLIDE,BEAT SPORTY CBS,40500.0
07019LCL018,ANGIN  NITROGEN SET,CRF150L,10000.0
86641K1ANA0ZB,"STRIPE,R FR COVER TYPE 1",BeAT Street,16000.0
86642K1ANA0ZB,"STRIPE,L FR COVER TYPE 1",BeAT Street,16000.0
64301K1AN80MGB,"COVER,FR (MT GN BL)",BeAT Street,349000.0
64310K1AN00ZB,"STEP,FLOOR (BLK)",BeAT Street,80000.0
06455K84902,"PAD SET, FR BRAKE",PCX 160 CBS,72500.0
06541LCLPKTINJ,PAKET INJECTOR,VARIO 125 CBS,50000.0
06541BAUTTTP,BAUT MASTER REM,VARIO 125 CBS,6000.0
22100KVB900,OUTER COMP CLUTCH,VARIO 125 CBS,131000.0
34905GM9003,BULB WINKER,VARIO 125 CBS,18000.0
22102KZR600,"FACE, DRIVE",VARIO 125 CBS,52500.0
HB6201RS,"BEARING, BALL",BeAT Sporty CBS ISS Deluxe,52000.0
08234M99K8LZ0,SCOOTER GEAR OIL-SYN120MLREP,BEAT POP CBS ISS,19500.0
34901KFVB51,BULB HEADLIGHT (12V 25/25W),BEAT POP CBS ISS,19000.0
082322MBK2LN9,"MPX2 10W30 SLMB 0,8L FED",VARIO 125 CBS,59000.0
10940LCL01,CAIRAN INJECTOR,BeAT Sporty CBS,50000.0
10940LCL02,ENGINE FLUSH,BeAT Sporty CBS,60000.0
10940LCL14,O-RING FUEL PUMP,BeAT Sporty CBS,17500.0
22100KVB900,OUTER COMP CLUTCH,VARIO 150,131000.0
082322MBK4LN9,"MPX2 10W30 SLMB 0,65L REP",BEAT SPORTY CBS,50000.0
44711K59A12,TIRE FR TL (80/90-14),VARIO 125 CBS ISS,263000.0
91201K59A11,"OIL SEAL, 20.8X32X6",VARIO 150,11500.0
12391KZR600,"GASKET, CYLINDER HEAD COVER",VARIO 150,55000.0
17210K1ZN20,"ELEMENT COMP,AIR/C",NEW PCX 150 CBS,76500.0
14520GFC771,LIFTER ASSY. TENSIONER,BEAT CW FI MMC,76000.0
22011GCC770,PIECE SLIDE,BEAT CW FI MMC,30000.0
082322MBK2LN0,"MPX2 10W30 SLMB 0,8L REP O",SCOOPY STYLISH ,59000.0
06535GN5505,RACE STEERING KIT,SCOOPY ESP,103000.0
22535K44V00,WEIGHT SET CLUTCH,BeAT Sporty CBS ISS,127000.0
01887LCL70,RING 12,BeAT Sporty CBS ISS,3000.0
AHUB0001001,HRC24 RWB TRAVEL UMBRELLA,GENIO CBS,251000.0
HBF50ML1,MINYAK REM,VARIO 160 CBS,15000.0
38110KZR601,HORN COMP.(HIGH),VARIO 160 CBS,65000.0
45530K59A71,CYLINDER SET MASTER,VARIO 160 CBS,26000.0
082322MBK3LN1,"MPX2 10W30 SLMB 0,65L IDE E",BEAT POP ESP CBS-ISS,50000.0
22401KVB900,SPRING CLUTCH,ADV160 CBS,27075.0
30700KVB931,CAP ASSY NOISE SUPPRESSOR,BEAT SPORTY CBS,50500.0
06455KVBT01,PAD SET FR,VARIO 125 CBS ISS,60500.0
08234M99K0LN9,"OLI SPX1 10W30 SL 0,8L FED",SUPRA X 125 CW MMC,69500.0
64350MLCD00,MAT SIDE COWL,BeAT Sporty CBS,16000.0
08CLAH50500,HONDA M/C GENUINE COOLANT,PCX160 RoadSync,19500.0
61100K1AN00FMB,"FENDER,FR (BLK)",BeAT Sporty CBS,110000.0
082322MBK0LN1,"OLI MPX2 10W30 SL 0,8L IDE",SUPRA FIT,59000.0
52400K0J305,"CUSHION ASSY,REAR",BeAT Sporty CBS,225500.0
22535KWN901,WEIGHT SET CLUTCH,VARIO TECHNO 125 CBS ISS,159500.0
91211KN7671,SEAL DRIVEN FACE 34X41X4,VARIO TECHNO 125 CBS ISS,24000.0
23100KZRBA0,BELT DRIVE KIT,VARIO TECHNO 125 CBS ISS,200500.0
06455KVBT01,PAD SET FR,VARIO TECHNO 125 CBS ISS,60500.0
22100KWN900,OUTER COMP CLUTCH,VARIO TECHNO 125 CBS ISS,130000.0
91351GR1000,O-RING 38.5X2,VARIO TECHNO 125 CBS ISS,9000.0
17220KZR600,"ELEMENT SET, AIR CLEANER",VARIO TECHNO 125 CBS ISS,59000.0
22110KZR600,"FACE COMP., MOVABLE DRIVE",VARIO TECHNO 125 CBS ISS,81000.0
22102KZR600,"FACE, DRIVE",VARIO TECHNO 125 CBS ISS,52500.0
23100KVY902,BELT DRIVE,NEW BEAT CAST WHEEL,113000.0
52400K0J305,"CUSHION ASSY,REAR",BEAT CW FI MMC,225500.0
11203KVB901,UNDER RUBBER BUSH REAR,BEAT CW FI MMC,13500.0
51410K93N02,PIPE COMP FR FORK,BeAT Sporty CBS ISS,189000.0
51490GN5305,SEAL SET FR FORK,BeAT Sporty CBS ISS,88000.0
06401KWB900,DRIVE CHAIN KIT,REVO FIT,216500.0
10147LCL51,KARBU CLEANER,BEAT SPORTY CW,5000.0
2212AK44V00,ROLLER WEIGHT SET,BEAT SPORTY CW,55000.0
10147LCL23,SENSOR TP,BEAT SPORTY CW,200000.0
22110GFM960,"FACE COMP., MOVABLE DRIVE",BEAT SPORTY CW,82000.0
10147LCL17,DSM INJEKTOR,BEAT SPORTY CW,30000.0
9501472102,SPRING A SIDE STAND,VARIO FI,7500.0
082322MBK3LN1,"MPX2 10W30 SLMB 0,65L IDE E",VARIO CAST WHEEL,50000.0
44830KVY721,"CABLE COMP,SPDMT",BEAT SW FI MMC,39500.0
44800K25900,"BOX ASSY., SPEEDOMETER GEAR",BEAT SW FI MMC,64000.0
31917KPH902,SPARK PLUG CPR7EA9 (NGK),NEW SUPRA X 125 CW FI MMC,23000.0
23100KZL932,"BELT,DRIVE",SPACY CW HELM IN FI,109000.0
06853LCL247,BEARING 6001,VARIO 150,20000.0
71648,SEAL TENGAH,VARIO 150,15000.0
06585CVA111,GREASE,VARIO 150,10000.0
19217MAL300,SEAL MECHANICAL,VARIO 150,73000.0
1323FGR123,BUSI CHAMPION,VARIO 150,20000.0
082322MBK0LN1,"OLI MPX2 10W30 SL 0,8L IDE",SUPRA X,59000.0
08262LCLAHB6201,BEARING 6201 SET,NEW SCOOPY STYLISH,90000.0
082322MAK8LN1,"OLI MPX1 10W30 SL 1,2L IDE",NEW SONIC 150R STANDARD,73500.0
31500KZR601,BATTERY YTZ6-V,NEW SONIC 150R STANDARD,332000.0
ACG10GR,AHM CVT GREASE 10 GR,BEAT,15000.0
06535GN5505,RACE STEERING KIT,BEAT,103000.0
082322MBK0LN1,"OLI MPX2 10W30 SL 0,8L IDE",SUPRA X 125 R DD,59000.0
31926KRM841,SPARK PLUG CPR9EA9 (NGK),SUPRA X 125 R DD,23000.0
082342MBK0LN0,"OLI SPX2 10W30 SL 0,8L REP",NEW VARIO TECHNO PGM FI,56500.0
43130KZL930,BRAKE SHOE,NEW SUPRA X 125 FI CW,55500.0
31500KZR601,BATTERY YTZ6-V,VARIO 125 CBS-ISS MMC,332000.0
082342MAK8LZ0,"SPX1 10W30 SLMA 1,2L REP",SONIC 150R,90000.0
9410912000,"WASHER, DRAIN PLUG, 12MM",SONIC 150R,1500.0
08294M99Z8YN1,SCOOTER GEAR OIL (120ML) IDE,CBR 150R STD,16500.0
AHGK0010007,HRC22 KEYCHAIN,BeAT Sporty CBS ISS Deluxe,47500.0
08CLAH50500,HONDA M/C GENUINE COOLANT,BeAT Sporty CBS ISS Deluxe,19500.0
44711KPPT01,TIRE FR TL (100/80-17),CB150R STREETFIRE,452000.0
082322MBK3LN9,"MPX2 10W30 SLMB 0,65L CAS",NEW BEAT CAST WHEEL,50000.0
22535K16A40,WEIGHT SET CLUTCH,SCOOPY FI,256500.0
17572GGLJ00,"O-RING, FUEL PUMP",BEAT FI CW,17500.0
16410K59A11,BODY SET,BEAT SPORTY CBS,174000.0
AHGK0010007,HRC22 KEYCHAIN,BeAT Sporty CBS,47500.0
08CLAH50500,HONDA M/C GENUINE COOLANT,BeAT Sporty CBS,19500.0
37224K25601,SOCKET COMP,BEAT SPORTY CW,166500.0
16016K03H11,SCREW SET,BEAT POP CW,13500.0
17211K15900,"ELEMENT COMP,AIR/C",NEW CBR 150R,61000.0
9805957927, SPARK PLUG U22FER9 (DS),SUPRA FIT,30500.0
91204KWN901,"OIL SEAL,34X52X7",NEW VARIO 125 CBS,7500.0
HB6201RS,"BEARING, BALL",NEW VARIO 125 CBS,52000.0
17210KZR600,"ELEMENT COMP, AIR CLEANER",VARIO TECHNO 125 FI CBS,56500.0
22011K1NV01,"PIECE SET,SLIDE",VARIO 150 MMC,28500.0
34905GM9003,BULB WINKER,VARIO 150 MMC,9000.0
HPC480ML,HONDA PARTS CLEANER,VARIO 150 MMC,40000.0
22105K44V00,BOSS DRIVE FACE,ALL NEW SCOOPY STYLISH,27500.0
22110K44V00,FACE COMP MOVABLE DRIVE,ALL NEW SCOOPY STYLISH,75500.0
44710KEH950,TIRE FR TT (2.75-18),TIGER CAST WHEEL,279500.0
06430KWN900,"SHOE SET,BRAKE",VARIO 125 CBS,78500.0
09297125VBMCVCLNG,CVT CLEANER,GENIO CBS,35000.0
09297084CLNINJDSMNG,INJECTOR CLEANER DSM,GENIO CBS,35000.0
22123K0JN00,"ROLLER SET,WEIGHT",GENIO CBS,42000.0
22011K1AN00,"PIECE SET,SLIDE",BeAT Sporty CBS ISS,15500.0
23100K44V01,BELT DRIVE,BEAT SPORTY CBS ISS,111000.0
08234M99K8LZ0,SCOOTER GEAR OIL-SYN120MLREP,VARIO 125 CBS ISS SP,19500.0
22011KWN900,"PIECE SET,SLIDE",VARIO 125 CBS ISS SP,25000.0
43130KZL930,BRAKE SHOE,BeAT Sporty DLX Smart Key,55500.0
06541LCLPKTINJ,PAKET INJECTOR,NEW VARIO 125 CBS,50000.0
HBF50ML,"BRAKE,FLUID",NEW VARIO 125 CBS,8500.0
31926KRM842,31926KRM841,NEW VARIO 125 CBS ISS,18500.0
17210KPPT00,"ELMNT COMP., AIR CLEANER",CB150R STREETFIRE,182000.0
082322MBK3LN1,"MPX2 10W30 SLMB 0,65L IDE E",SPACY CW HELM IN FI,50000.0
43130KZL930,BRAKE SHOE,GENIO CBS ISS,55500.0
23100K0JBA0,BELT DRIVE KIT,GENIO CBS ISS,130500.0
AHTS0201048,HRC23 ELGNT NAVY TSHIRT L,GENIO CBS ISS,140000.0
23100KVBBA0,BELT DRIVE KIT,NEW BEAT CAST WHEEL,183000.0
082322MBK2LN1,"MPX2 10W30 SLMB 0,65L IDE",GENIO CBS,49500.0
11569SPULL,SPUL VARIO V110 FKY,VARIO 110 CBS,195000.0
88210K1AN81,"MIRROR COMP,R",BeAT Sporty DLX Smart Key,58000.0
88220K1AN81,"MIRROR COMP,L",BeAT Sporty DLX Smart Key,58000.0
44711KVB930,44711KVB931,BEAT STREET,133500.0
35340KWB601,SWITCH FR STOP ASSY,VARIO 150 MMC,55500.0
35345GW0900,SWITCH FR STOP,VARIO 150 MMC,13500.0
082342MBK0LN0,"OLI SPX2 10W30 SL 0,8L REP",VARIO FI,56500.0
00084CLNINJDSMNG,FLASH INJECTOR,VARIO 125 CBS ISS,35000.0
07019LCL018,ANGIN  NITROGEN SET,VARIO 160 CBS,10000.0
082342MBK0LN0,"OLI SPX2 10W30 SL 0,8L REP",BEAT FI CW,56500.0
HBF50ML,"BRAKE,FLUID",NEW VARIO ESP CBS ADVANCE,8500.0
12391K0RV01,"GASKET, CYLINDER HEAD COVER",PCX 160 ABS,28000.0
08294M99Z8YN1,SCOOTER GEAR OIL (120ML) IDE,SPACY CW HELM IN FI,16500.0
082322MBK2LN0,"MPX2 10W30 SLMB 0,8L REP O",SPACY CW HELM IN FI,59000.0
51490KGH901,SEAL SET FR FORK,SPACY CW HELM IN FI,116000.0
SS8175ML,OIL SHOCK,SPACY CW HELM IN FI,29500.0
1125CVTDMBMNG,CVT CLEANER DM,BEAT SPORTY CW,35000.0
HIC60ML,HONDA INJECTOR CLEANER,Beat Sporty,27500.0
22535GGC900,"WEIGHT SET, CLUTCH",NEW VARIO 150,175500.0
06455KVBT01,PAD SET FR,REVO FIT,60500.0
12391KRM840,GASKET HEAD COVER,MEGA PRO,14000.0
91202KJ9003,OIL SEAL 20X32X6,BEAT CW FI MMC,8500.0
44711K59A12,TIRE FR TL (80/90-14),VARIO 125 CBS MMC,263000.0
12251KZR601,"GASKET, CYLINDER HEAD",VARIO FI,24000.0
22870KYE900,"CABLE COMP,CLUTCH",VERZA CAST WHEEL,49000.0
33110KZR601,"UNIT,HEAD LIGHT",VARIO 125 CBS,349000.0
22132GCC771,PIECE SLIDE,BeAT Sporty CBS,40500.0
91211KN7671,SEAL DRIVEN FACE 34X41X4,BeAT Sporty CBS ISS Deluxe,12000.0
02753LCL12,DSM,ALL NEW SCOOPY SPORTY,40000.0
17210KWB920,ELEMENT COMP A/C,REVO 110 CAST WHEEL,54000.0
9805957927, SPARK PLUG U22FER9 (DS),REVO 110 CAST WHEEL,30500.0
HB6203RS,"BEARING,BALL",REVO 110 CAST WHEEL,31100.0
43125KPH903,SHOE COMP BRAKE (NA),REVO 110 CAST WHEEL,41500.0
HBF50ML,"BRAKE,FLUID",REVO 110 CAST WHEEL,8500.0
34906GB6921,BULB TAILLIGHT,REVO 110 CAST WHEEL,12500.0
45530KVY911,CYLINDER SET MASTER,REVO 110 CAST WHEEL,77000.0
06410KWB600,DAMPER SET WHEEL,REVO 110 CAST WHEEL,28000.0
082322MAK0LN5,"MPX1 10W30 SLMA 0,8L CAS",REVO 110 CAST WHEEL,57000.0
17210K1AN00,"ELEMENT COMP,AIR/C",BeAT Sporty DLX Smart Key,51500.0
31919K25602,SPARK PLUG U27EPR-N9 (DS),BeAT Sporty DLX Smart Key,24500.0
44711KVB930,44711KVB931,SPACY CW HELM IN FI,133500.0
16450K25901,INJECTOR ASSY FUEL,BeAT Sporty CBS,258000.0
91372KPH900,"O-RING, TAPP ADJ",NEW SUPRA X 125 FI CW,15500.0
LF6201RS,BRG BALL RADIAL 6201U L,NEW SUPRA X 125 FI CW,25500.0
34901KFVB51,BULB HEADLIGHT (12V 25/25W),NEW SUPRA X 125 FI CW,19000.0
81133K2SN00MSR,"LID, INNER POCKET (MT SO RED)",VARIO 160 CBS,97500.0
64310K2SN00ZA,"STEP,FLOOR (BLK)",VARIO 160 CBS,81500.0
81136K2SN00,"BOX INNER, UPPER",VARIO 160 CBS,17500.0
31120K18901,STATOR COMP,BEAT SPORTY CW,430500.0
22011K81N00,"PIECE SET,SLIDE",VARIO FI,18500.0
22105K44V00,BOSS DRIVE FACE,VARIO FI,27500.0
22110GFM960,"FACE COMP., MOVABLE DRIVE",VARIO FI,82000.0
22110KZR600,"FACE COMP., MOVABLE DRIVE",VARIO 150 MMC,81000.0
51410KZLA01,PIPE COMP FR FORK,VARIO 150 MMC,148500.0
22102KZR600,"FACE, DRIVE",VARIO 150 MMC,52500.0
31926KRM842,31926KRM841,VARIO 125 CBS-ISS MMC,18500.0
31919K25602,SPARK PLUG U27EPR-N9 (DS),NEW SCOOPY FI,24500.0
08234M99K8LZ0,SCOOTER GEAR OIL-SYN120MLREP,NEW SCOOPY FI,19500.0
HPC480ML,HONDA PARTS CLEANER,CB150R STREETFIRE,40000.0
06435KREG31,06435KREG32,CB150R STREETFIRE,74500.0
TBC500ML,THROTTLE BODY CLEANER 500ML,BEAT SW FI MMC,35500.0
17210K16900,"ELEMENT COMP., AIR CLEANER",BEAT SW FI MMC,53500.0
23100K44V01,BELT DRIVE,SCOOPY FI,111000.0
30400K25600,30400K25600C1,BEAT SPORTY CBS,918000.0
082322MBK6LN9,"MPX2 10W30 SLMB 0,65L FED O",BeAT Sporty CBS,50000.0
31500KZR602,BATTERY(GTZ6V),Genio CBS ISS,302000.0
44711KVB930,44711KVB931,BEAT CBS FI MMC,133500.0
HB6203,"BEARING,BALL",SUPRA X 125 SW MMC,24700.0
41241KFL851,"DAMPER,RR WHEEL SET",SUPRA X 125 SW MMC,26500.0
082322MAU1JN3,OLI MPX3 20W40 1L NIP,TIGER STD,55500.0
AHGK0010017,HRC24 RWB ID CARD HOLDER,NEW PCX 150 CBS,110000.0
53178K59A10,"LEVER L,STRG HANDLE",BEAT SPORTY CW,34500.0
9410912000,"WASHER, DRAIN PLUG, 12MM",SCOOPY STYLISH,1500.0
9410912000,"WASHER, DRAIN PLUG, 12MM",BEAT,1500.0
1125CVTDMBMNG,CVT CLEANER DM,BEAT,35000.0
45530KVY911,CYLINDER SET MASTER,BEAT,77000.0
9806786871, SPARK PLUG U20EPR9 (DS),BEAT,19500.0
HBF50ML,"BRAKE,FLUID",BEAT,8500.0
19200KVBN50,PUMP ASSY WATER,VARIO 125 CBS,483500.0
91202KTW901,OIL SEAL 12X26X5 18,VARIO 125 CBS,30000.0
22804GB2880,RUBBER CLUTCH DAMPER,VARIO 125 CBS,18000.0
31500KWWA02,BATTERY YTZ4-V,BEAT POP CW,253500.0
12251K0JN01,"GASKET,CYLINDER HEAD",VARIO 110 CBS ISS,12500.0
12191K0JN01,"GASKET,CYLINDER",VARIO 110 CBS ISS,8500.0
082322MBK2LN9,"MPX2 10W30 SLMB 0,8L FED",ADV160 ABS,0.0
082322MAK2LN0,"MPX1 10W30 SLMA 0,8L REP",SUPRA X 125 CW,57000.0
44800KWW650,GEAR BOX ASSY SPDMT,SUPRA X 125 CW,50500.0
06401K41N01,DRIVE CHAIN KIT,SUPRA X 125 CW,225000.0
082322MBK0LZ1,"OLI MPX2 10W30 SL 0,8L IDE",New Vario 150,58500.0
ACG10GR,AHM CVT GREASE 10 GR,New Vario 150,15000.0
91307K0JN00,"O-RING,95X2.0",BeAT Street,4000.0
11103KVB930,"RUB.BUSH,ENG.HANGER",VARIO TECHNO NON CBS,35000.0
06535GN5505,RACE STEERING KIT,VARIO TECHNO NON CBS,103000.0
50352KVB900,RUBBER LINK STOPPER,VARIO TECHNO NON CBS,11000.0
17572GGLJ00,"O-RING, FUEL PUMP",VARIO FI,17500.0
16700K16305,"UNIT ASSY,FUEL PUMP",VARIO FI,565500.0
082322MAK2LN0,"MPX1 10W30 SLMA 0,8L REP",SONIC 150R,57000.0
91203KWN902,"OIL SEAL,20X32X6",VARIO 150,14000.0
31918K97T01,SPARK PLUG MR8K9 (NGK),BEAT,24000.0
22535KVY900,WEIGHT SET CLUCTH,BEAT,148500.0
22110KWW741,OUTER COMP CLUTCH,REVO FIT FI,244500.0
30700K97N01,CAP ASSY NOISE SUPPRESSOR,CB150R STREETFIRE,57000.0
082322MBK2LN1,"MPX2 10W30 SLMB 0,65L IDE",BeAT Street,49500.0
CC200ML,CARBON CLEANER 200ML,BeAT Street,45500.0
34906KET940,BULB TAILLIGHT,BeAT Sporty DLX Smart Key,16000.0
45530KET920,CYLINDER SET MASTER,NEW PCX 150 CBS,78500.0
44711KVB930,44711KVB931,NEW BEAT CAST WHEEL,133500.0
17211K15900,"ELEMENT COMP,AIR/C",CB150X STD,61000.0
81141K2SN00ZA,"COVER, INNER LOWER (BLK)",VARIO 160 CBS,135000.0
64350K2SN00ZA,"COVER,R UNDER SIDE (BLK)",VARIO 160 CBS,46000.0
64431K2SN00ZL,"COVER,R FLOOR SIDE (MA PR CR)",VARIO 160 CBS,152500.0
31500KPH881,BATTERY GTZ5S GS,BEAT SPORTY CBS ISS,248000.0
22100K25900,OUTER COMP CLUTCH,BEAT STREET CBS,116850.0
FIC001,CAIRAN FLASH INJECTOR,BEAT STREET CBS,20000.0
22804148000,RUBBER CLUTCH DUMPER,BEAT STREET CBS,15675.0
53178K81N30,LEVER L STEERING HANDLE,BEAT STREET CBS,42750.0
91202KVB901,OIL SEAL 20.8X52X7.5,BEAT STREET CBS,8265.0
51490GN5305,SEAL SET FR FORK,BEAT STREET CBS,83600.0
082322MBK2LN9,"MPX2 10W30 SLMB 0,8L FED",BeAT Sporty CBS ISS Deluxe,0.0
51400K1A305,"FORK ASSY,R FRONT",BeAT Street,0.0
51500K1A305,"FORK ASSY,L FRONT",BeAT Street,0.0
082322MBK0LZ1,"OLI MPX2 10W30 SL 0,8L IDE",SCOOPY STYLISH,58500.0
08232M99K0LN5,"MPX2 10W30 SLMB 0,8L CAS",VARIO 110 CBS,59000.0
082322MBK2LN9,"MPX2 10W30 SLMB 0,8L FED",BeAT Street,0.0
51490KGH902,SEAL SET FR FORK,BEAT FI CBS,43000.0
SS8175ML,OIL SHOCK,BEAT FI CBS,29500.0
31919K25602,SPARK PLUG U27EPR-N9 (DS),BEAT FI CBS,24500.0
082342MBK8LZ0,"SPX2 10W30 SLMB 0,65L REP",PCX 160 ABS,61500.0
22011KWN900,"PIECE SET,SLIDE",VARIO 150 SPORTY,25000.0
17220KZR600,"ELEMENT SET, AIR CLEANER",VARIO 150 SPORTY,59000.0
44711KWW010TB,TIRE FR TL(70/90-17),SUPRA X 125 R DD,242000.0
42753KWF901,"VALVE,RIM(TRITON)",SUPRA X 125 R DD,10500.0
30700KPH881,CAP ASSY NOISE SUPPRESSOR,SUPRA X 125 CW MMC,50500.0
31926KRM841,SPARK PLUG CPR9EA9 (NGK),SUPRA X 125 CW MMC,23000.0
33130GN5831,SOCKET HEADLIGHT,MEGA PRO,18500.0
34908GA7701,BULB W BASE,MEGA PRO,6500.0
34906GB6921,BULB TAILLIGHT,MEGA PRO,12500.0
42711K0JN01,TIRE RR TL (90/90-14),VARIO 125 CBS ISS,297000.0
082322MAK0LN1,"OLI MPX1 10W30 SL 0,8L IDE",REVO SPOKE,57000.0
082342MBK0LZ0,"SPX2 10W30 SLMB 0,8L REP",SCOOPY,70500.0
34901KPH881,BULB HEADLIGHT,BEAT SPORTY CW,45000.0
34905KANW01,WB BULB (12V10W-YLT13),BEAT FI SW,30000.0
35180KPH881,SWITCH UNIT HORN,BEAT FI SW,31000.0
30700KZL931,CAP ASSY NOISE SUPPRESSOR,NEW VARIO 125 CBS,35500.0
AHUB0001001,HRC24 RWB TRAVEL UMBRELLA,VARIO 160 ABS,251000.0
082322MBK0LN1,"OLI MPX2 10W30 SL 0,8L IDE",New Vario 150 Exclusive ACCS,59000.0
3370AKZR602,LIGHT REAR COMB SET,VARIO 125 CBS,203500.0
80115KZR600ZB,"BASE , LICENSE LIGHT(WL)",VARIO 125 CBS,9000.0
082322MBK0LZ1,"OLI MPX2 10W30 SL 0,8L IDE",VARIO FI,58500.0
22011K0JN00,"PIECE SET,SLIDE",BEAT FI SW,16500.0
082322MAU0JN3,"OLI MPX3 20W40 0,8L NIP",SUPRA FIT,50500.0
34906GB6921,BULB TAILLIGHT,SUPRA FIT,12500.0
08CLAH50500,HONDA M/C GENUINE COOLANT,BEAT SW FI MMC,19500.0
43125KPH903,SHOE COMP BRAKE (NA),SUPRA FIT D,41500.0
31918K97T01,SPARK PLUG MR8K9 (NGK),GENIO CBS,24000.0
45351K0WN01,"DISK,FR BRAKE",ADV160 ABS,291500.0
08232M99K0LN5,"MPX2 10W30 SLMB 0,8L CAS",NEW PCX 150 CBS,59000.0
9420120150,PIN COTTER 2.0X15,NEW VARIO 125 CBS,3500.0
ACG10GR,AHM CVT GREASE 10 GR,ADV150 CBS,15000.0
31916KRM841,SPARK PLUG CPR8EA9 (NGK),SCOOPY,23000.0
45530KET920,CYLINDER SET MASTER,PCX 160 CBS,78500.0
22535K81N00,WEIGHT SET CLUTCH,VARIO 110 CBS,154000.0
HBF50ML,"BRAKE,FLUID",VARIO 125 CBS-ISS MMC,8500.0
43130KZL930,BRAKE SHOE,VARIO 125 CBS-ISS MMC,55500.0
23100K35V01,BELT DRIVE,VARIO 125 CBS-ISS MMC,139000.0
31926KRM841,SPARK PLUG CPR9EA9 (NGK),REVO FIT,23000.0
51400K1A306,"FORK ASSY,R FRONT",BeAT Sporty CBS,375000.0
51500K1A306,"FORK ASSY,L FRONT",BeAT Sporty CBS,379000.0
ALF6201RS,BEARING BALL (SET),PCX HYBRID,49900.0
OSC70ML,OIL SYSTEM CLEANER 70ML,REVO FIT,30000.0
50500K81N00,STAND COMP MAIN,BEAT SPORTY CBS,158000.0
88110K25900,"MIRROR ASSY,R BACK",BEAT SPORTY CBS ISS,38500.0
44830KWWA00,"CABLE COMP, SPDMT",BEAT SPORTY CBS ISS,46000.0
11103KVB930,"RUB.BUSH,ENG.HANGER",BEAT SPORTY CBS ISS,35000.0
35200K03N31,"SW UNIT,WINKER",BEAT SPORTY CBS ISS,27000.0
08294M99Z8YN1,SCOOTER GEAR OIL (120ML) IDE,BEAT POP ESP CW,16500.0
06535KTR900,RACE STEERING KIT,ALL NEW CBR 150R,104500.0
06455KPP901,PAD SET FR,NEW CB150R STREETFIRE,53000.0
51400K2S305,"FORK ASSY,R FRONT",VARIO 160 CBS,366500.0
51500K2S305,"FORK ASSY,L FRONT",VARIO 160 CBS,378000.0
08294M99Z8YZ1,SCOOTER GEAR OIL (120ML) IDE,BEAT SPORTY CW,16500.0
33301K07901,BULB POSITION,VARIO 125 CBS,31500.0
52400KZR600,CUSHION ASSY RR,VARIO 125 CBS,264500.0
51490GN5305,SEAL SET FR FORK,VARIO 125 CBS,88000.0
44711K59A72,TIRE FR TL (90/80-14),VARIO 125 CBS ISS,298000.0
06435KSPB02,PAD SET RR,CRF150L,70500.0
22000K84900,CLUTCH ASSY,CRF150L,1462000.0
15430KSP910,ROTOR OIL FILTER,CRF150L,27500.0
50503KWN900,"SHAFT,MAIN STAND",NEW PCX 150 ABS,26000.0
08294M99Z8YZ1,SCOOTER GEAR OIL (120ML) IDE,NEW PCX 150 ABS,16500.0
082322MBK3LN1,"MPX2 10W30 SLMB 0,65L IDE E",PCX160 CBS,50000.0
31916KRM841,SPARK PLUG CPR8EA9 (NGK),BEAT FI SW,23000.0
100200,INJECTOR CLEANER,BEAT FI SW,50000.0
06455KWB601,PAD SET FR,NEW SUPRA X 125 CW FI MMC,55000.0
AHB6201RS,BEARING BALL (SET),VARIO 150 MMC,51400.0
08CLAH50500,HONDA M/C GENUINE COOLANT,ALL NEW CBR 150R,19500.0
082322MBK2LN0,"MPX2 10W30 SLMB 0,8L REP O",BEAT,59000.0
45530KVY911,CYLINDER SET MASTER,VARIO 125 CBS,77000.0
HBF50ML,"BRAKE,FLUID",BEAT CW FI MMC,17000.0
45530KVY911,CYLINDER SET MASTER,BEAT CW FI MMC,77000.0
53175KRST80,LEVER R STRG HDL,BEAT CW FI MMC,41000.0
HPC480ML,HONDA PARTS CLEANER,NEW PCX 150 CBS,40000.0
21395K1ZJ11,"GASKET,MISSION CASE",NEW PCX 150 CBS,27500.0
CC200ML,CARBON CLEANER 200ML,NEW PCX 150 CBS,45500.0
52400K56N01,"CUSHION ASSY., RR.",SONIC 150R HRR,630000.0
31500KZR602,BATTERY(GTZ6V),SONIC 150R HRR,302000.0
2212AKWN900,ROLLER WEIGHT SET,VARIO 125 CBS,69500.0
9805957927, SPARK PLUG U22FER9 (DS),VARIO 125 CBS-ISS MMC,30500.0
91109KVY901,BRG NEEDLE 20X29X18,VARIO 160 CBS,48500.0
22123K2SN00,"ROLLER SET,WEIGHT",VARIO 160 CBS,59000.0
91002GA7701,BEARING RAD BALL 6902U,VARIO 160 CBS,27000.0
19030K15921,MOTOR COMP FAN,CB150R STREETFIRE SPECIAL,323500.0
81141K2VN40ZB,"COVER,INNER (BLACK)",VARIO 125 CBS ISS,133000.0
81132K2VN30,"POCKET,L INNER",VARIO 125 CBS ISS,31000.0
64303K2VN30ZA,"GARNISH,FR (BLACK)",VARIO 125 CBS ISS,59000.0
53100K59A70,"PIPE COMP,STRG HANDLE",VARIO 125 CBS ISS,134500.0
38110KZR601,HORN COMP.(HIGH),VARIO 125 CBS ISS,65000.0
37100K60B73,"METER ASSY., COMB",VARIO 125 CBS ISS,530500.0
38501KVZ631,"RELAY COMP,MICROISO LOW HIGHT",VARIO 125 CBS ISS,33500.0
38502K59A11,"RELAY COMP,POWER",VARIO 125 CBS ISS,59000.0
64223K2VN40,"STAY COMP,FR COVER",VARIO 125 CBS ISS,103500.0
33100K2VN31,"LIGHT ASSY,FRONT COMB",VARIO 125 CBS ISS,1490000.0
64301K2VN30ZK,"COVER, FRONT (MA BL MT)",VARIO 125 CBS ISS,233500.0
64202K93N00ZK,COVER L FR GARNISH (BLK),ALL NEW SCOOPY SPORTY,162500.0
LPAHB6201RS,BEARING BALL 6201,NEW VARIO 150,60000.0
91054K03H03,BEARINGBALL RADIAL 6203U L,SUPRA X 125 HELM IN FI,42000.0
43125KPH903,SHOE COMP BRAKE (NA),SUPRA X 125 HELM IN FI,41500.0
AHB6201RS,BEARING BALL (SET),SUPRA X 125 HELM IN FI,51400.0
AHB6301RS,BEARING BALL (SET),SUPRA X 125 HELM IN FI,58500.0
30510K93N01,COIL COMP IGN,NEW PCX 150 CBS,90000.0
22011KWN900,"PIECE SET,SLIDE",BeAT Street,25000.0
35700K1AN01,"SW ASSY,SIDE STAND",VARIO 160 ABS,140850.0
9805657723, SPARK PLUG U22FSU (DS),BEAT CW FI MMC,18000.0
ALF6201RS,BEARING BALL (SET),VARIO 110 CBS,49900.0
SS8175ML,OIL SHOCK,VARIO 110 CBS,29500.0
08294M99Z8YZ1,SCOOTER GEAR OIL (120ML) IDE,VARIO 110 CBS,16500.0
ALF6201RS,BEARING BALL (SET),CB150R STREETFIRE,49900.0
16400K1AN81,THROTTLEBODY ASSY,BeAT Sporty CBS ISS Deluxe,520500.0
22535K16A40,WEIGHT SET CLUTCH,BEAT FI CBS,256500.0
61100K0WN00MGB,"FENDER, FR (MT GN BL)",ADV150 CBS,228500.0
64502K0WN00ZB,64502K0WN01ZB,ADV150 CBS,325000.0
33450K0WN01,"WINKER ASSY,L FR",ADV150 CBS,112500.0
64321K0WN00ZB,"STEP,L FLOOR",ADV150 CBS,102000.0
12206K97N00,"JOINT COMP,WATER HOSE",ALL NEW SCOOPY SPORTY,43500.0
22535KVY900,WEIGHT SET CLUCTH,BEAT FI CW,148500.0
52400K25901,CUSHION ASSY RR,BEAT FI CW,264500.0
31210KVB902,MOTOR UNIT START,BEAT FI CW,311500.0
53175KRST80,LEVER R STRG HDL,BEAT FI CW,41000.0
22100K0JN01,"OUTER COMP,CLUTCH",BEAT FI CW,122000.0
22011GCC770,PIECE SLIDE,NEW SCOOPY SPORTY,30000.0
TBC500ML,THROTTLE BODY CLEANER 500ML,NEW SCOOPY SPORTY,35500.0
082322MAK0LN5,"MPX1 10W30 SLMA 0,8L CAS",REVO 110 SPOKE WHEEL,57000.0
06455K84902,"PAD SET, FR BRAKE",NEW PCX 150 CBS,72500.0
91202KWN901,"OIL SEAL,26X45X6",NEW PCX 150 CBS,10500.0
SS8175ML,OIL SHOCK,VARIO 150 MMC,29500.0
51490GN5305,SEAL SET FR FORK,VARIO 150 MMC,44000.0
06455KVBT01,PAD SET FR,VARIO 150 MMC,60500.0
082322MBK9LN0,"MPX2 10W30 SLMB 0,65L REP O",BeAT Sporty CBS ISS,50000.0
81133K1JD01,"LATCH,INNER BOX",PCX160 ABS,17500.0
01626LCL0020,"SHELL ADVANCE 10w-30 AX7 MATIC 0,8L",VARIO 125 CBS ISS,60000.0
082342MBK0LZ0,"SPX2 10W30 SLMB 0,8L REP",FORZA,141000.0
CC200ML,CARBON CLEANER 200ML,BEAT FI SW,45500.0
81141K1AN10ZA,"COVER,INNER LOWER (BLACK)",BeAT Sporty CBS ISS Deluxe,82000.0
64310K1AN00ZA,"STEP,FLOOR (BLACK)",BeAT Sporty CBS ISS Deluxe,66500.0
64308K1AN00ZA,"COVER,FR LOWER (BLACK)",BeAT Sporty CBS ISS Deluxe,81500.0
83620K1AN00ZA,"COVER,L BODY SIDE (BLACK)",BeAT Sporty CBS ISS Deluxe,44000.0
64340K1AN00ZA,"COVER,UNDER (BLACK)",BeAT Sporty CBS ISS Deluxe,83500.0
18450LCL31926KRM841,BUSI,BeAT Sporty CBS ISS Deluxe,30000.0
88220K1AN01,"MIRROR COMP,L",GENIO CBS ISS,49500.0
34901KFVB51,BULB HEADLIGHT (12V 25/25W),ALL NEW SCOOPY SPORTY,19000.0
06455KPPN01,06455KPPN02,CB150R STREETFIRE SPECIAL,60000.0
06435KSPB02,PAD SET RR,CB150R STREETFIRE SPECIAL,70500.0
HB6302RS,"BEARING,BALL",CB150R STREETFIRE SPECIAL,67600.0
082342MBK8LZ0,"SPX2 10W30 SLMB 0,65L REP",VARIO 160 ABS,61500.0
22535K81N00,WEIGHT SET CLUTCH,BEAT STREET CBS,154000.0
22361K44V01,PLATE CLUTCH SIDE,BEAT STREET CBS,13000.0
AHB6201RS,BEARING BALL (SET),NEW SUPRA X 125 FI CW,51400.0
31926KWB601, SPARK PLUG U20EPR9S (DS),NEW SUPRA X 125 FI CW,21000.0
91202K0JN01,OIL SEAL 19.5X31.5X6,BEAT FI SW,24000.0
17210K1AN00,"ELEMENT COMP,AIR/C",BEAT FI SW,51500.0
31928MFFD01, SPARK PLUG U24EPR9 (DS),VARIO 150,20000.0
17220K59A10,SET ILLUST AIR/C ELEMENT,VARIO 150,65000.0
061A1KVY003,GASKET KIT A,SCOOPY,139000.0
14401K56N01,CHAIN CAM(120L),SCOOPY,188000.0
30510K35V01,COIL COMP IGNITION,SCOOPY,232000.0
9410912000,"WASHER, DRAIN PLUG, 12MM",SCOOPY,6000.0
12209GB4682,SEAL VLV. STEM,SCOOPY,12000.0
AHB6201RS,BEARING BALL (SET),SCOOPY,51400.0
12204KVY305,"GUIDE, VALVE(O.S.)",SCOOPY,300000.0
91202KVB901,OIL SEAL 20.8X52X7.5,SCOOPY,8700.0
14520KZR602,14520K40F01,SCOOPY,138500.0
12100KWB920,CYLINDER COMP,SCOOPY,500000.0
131A1KEH660,PISTON KIT (STD),SCOOPY,186500.0
22660KPH880,OUTER ASSY PRIMARY CLUTCH,VARIO FI,452500.0
37870HW1671,SENSOR ASSY TW,VARIO SPOKE WHEEL,147000.0
35111K2SN01,FOB ASSY,VARIO 160 CBS,333500.0
31919K25602,SPARK PLUG U27EPR-N9 (DS),BEAT POP ESP CW,24500.0
44712KZT901,"TUBE, TIRE",BEAT POP ESP CW,46000.0
082342MBK0LZ0,"SPX2 10W30 SLMB 0,8L REP",BEAT POP ESP CW,70500.0
42711K59A12,TIRE RR TL (90/90-14),BEAT POP ESP CW,297000.0
OSC70ML,OIL SYSTEM CLEANER 70ML,BEAT POP ESP CW,30000.0
30700KPH881,CAP ASSY NOISE SUPPRESSOR,BEAT POP ESP CW,50500.0
34901K25600,BULB HEAD LIGHT,BEAT POP ESP CW,43000.0
44711K59A12,TIRE FR TL (80/90-14),BEAT POP ESP CW,263000.0
HPC480ML,HONDA PARTS CLEANER,BEAT POP ESP CW,40000.0
06430KZL930,SHOE SET BRAKE,BEAT POP ESP CW,61000.0
91351GR1000,O-RING 38.5X2,BeAT Sporty CBS ISS Deluxe,9000.0
51400K59T11,"FORK ASSY,R FRONT",BeAT Sporty CBS,370500.0
51500K59T11,"FORK ASSY,L FRONT",BeAT Sporty CBS,375500.0
HBF50ML,"BRAKE,FLUID",VARIO 160 CBS,8500.0
082322MBK0LZ1,"OLI MPX2 10W30 SL 0,8L IDE",PCX 160 CBS,58500.0
23411K81N00,SHAFT DRIVE,BEAT FI CW,126000.0
06541LCLPKTINJ,PAKET INJECTOR,BeAT Sporty CBS,50000.0
88220K1AN01,"MIRROR COMP,L",BeAT Sporty CBS,49500.0
91211KN7671,SEAL DRIVEN FACE 34X41X4,BEAT SPORTY CW,12000.0
22535K16A40,WEIGHT SET CLUTCH,BEAT SPORTY CBS ISS,256500.0
22804148000,RUBBER CLUTCH DUMPER,BEAT SPORTY CBS ISS,16500.0
43151329001,SPRING RR BRAKE,BEAT SPORTY CBS ISS,7000.0
33130GN5831,SOCKET HEADLIGHT,BEAT SPORTY CBS ISS,18500.0
31918K97T01,SPARK PLUG MR8K9 (NGK),NEW SCOOPY STYLISH,24000.0
08294M99K0NL0,SCOOTER GEAR OIL-SYN120MLREP,NEW SCOOPY PRESTIGE,16500.0
22535K1AN10,"WEIGHT SET,CLUTCH",NEW SCOOPY PRESTIGE,235000.0
91351642000,O-RING PINION CAP,NEW SCOOPY PRESTIGE,13000.0
31918K97T01,SPARK PLUG MR8K9 (NGK),NEW SCOOPY PRESTIGE,24000.0
91211KN7671,SEAL DRIVEN FACE 34X41X4,NEW SCOOPY PRESTIGE,24000.0
082322MAK0LN5,"MPX1 10W30 SLMA 0,8L CAS",SUPRA X 125 CW,57000.0
08234M99K8LZ0,SCOOTER GEAR OIL-SYN120MLREP,STYLO 160 ABS,19500.0
08CLAH50500,HONDA M/C GENUINE COOLANT,STYLO 160 ABS,19500.0
43251K1ZN21,"DISK,RR BRAKE",PCX 160 CBS,272000.0
31926KRM842,31926KRM841,ALL NEW CBR150R,18500.0
17210K16900,"ELEMENT COMP., AIR CLEANER",ALL NEW SCOOPY SPORTY,53500.0
23100K44BA0,"BELT DRIVE, KIT",ALL NEW SCOOPY SPORTY,150000.0
30700KZR602,CAP ASSY.NOISE SUPPRESSOR,VARIO 125 CBS ISS,32000.0
53178K0JN00,"LEVER,L STRG HANDLE",VARIO 125 CBS ISS,45500.0
22132KWN900,"PIECE,SLIDE",PCX 160 CBS,30000.0
06910LCL16,BOHLAM TANCAP,VARIO 125 CBS,5000.0
31500KZR602,BATTERY(GTZ6V),VARIO TECHNO 125 CBS ISS,302000.0
30400K59A11,ENG CONTROL UNIT,VARIO 150 MMC,1446500.0
91003KYE901,BRG BALL RADIAL 17X42X12,CRF150L,44500.0
14510KRM842,"TENSIONER ASSY,CAM CHAIN",CRF150L,33000.0
12209GB4682,SEAL VLV. STEM,CRF150L,12000.0
12251KRM872,"GASKET,CYLN.HEAD",CRF150L,34000.0
14610KSP910,GUIDECAM CHAIN,CRF150L,14000.0
14401KCW851,CHAIN CAM,CRF150L,117000.0
131A3KRM305,PISTON KIT (0.50),CRF150L,153500.0
11393KYAC00,"GASKET,R COVER",CRF150L,31500.0
11395KYAC00,"GASKET,L COVER",CRF150L,8500.0
19211651868,Paket Servis Throttle body,VARIO 150,135000.0
22100KWN900,OUTER COMP CLUTCH,VARIO 150,130000.0
34906GB6921,BULB TAILLIGHT,VARIO 110 CBS,12500.0
17210K16900,"ELEMENT COMP., AIR CLEANER",VARIO 110 CBS,53500.0
AHB6201RS,BEARING BALL (SET),VARIO 110 CBS,51400.0
31926KYT901,SPARK PLUG U27EPR-9 (DS),VARIO 110 CBS,23000.0
37211K25901,LENS,BEAT CBS FI MMC,30000.0
45530KVY911,CYLINDER SET MASTER,BEAT FI CBS,77000.0
80101K1ZN80,"FENDER A,RR",PCX 160 CBS,230500.0
81131K1ZJ10ZC,"COVER,INNER (BLK)",PCX 160 CBS,88500.0
64337K1ZJ10ZC,"PANEL,RR METER (BLK)",PCX 160 CBS,33000.0
19150K1NV00,"COVER COMP,RADIATOR",PCX 160 CBS,18000.0
64311K1ZJ10ZC,"STEP,R FLOOR (BLK)",PCX 160 CBS,76500.0
64321K1ZJ10ZC,"STEP,L FLOOR (BLK)",PCX 160 CBS,71500.0
17235K1ZN20,"COVER SUB ASSY,AIR/C",PCX 160 CBS,77500.0
17225K1ZN20,"CASE SUB ASSY,AIR/C",PCX 160 CBS,74500.0
64410K1ZJ10ZC,"COVER A,CENTER (BLK)",PCX 160 CBS,30500.0
17234K1ZJ10,"COVER,AIR/C DUCT",PCX 160 CBS,17000.0
082322MBK2LN9,"MPX2 10W30 SLMB 0,8L FED",NEW VARIO 125 CBS ISS,59000.0
22535KZLA00,WEIGHT SET CLUTCH,VARIO 125 CBS ISS SP,171500.0
ACG10GR,AHM CVT GREASE 10 GR,VARIO 125 CBS ISS SP,15000.0
30400K59A11,ENG CONTROL UNIT,VARIO TECHNO NON CBS,1446500.0
17572GHB601,"O-RING, FUEL PUMP",STYLO 160 ABS,18000.0
12391GGC900,GASKET HEAD COVER,Beat Sporty,42000.0
22535K44V00,WEIGHT SET CLUTCH,NEW SCOOPY SPORTY,127000.0
2212AKVB900,ROLLER WEIGHT SET,ALL NEW SCOOPY STYLISH,67500.0
22102K44V00,FACE DRIVE,ALL NEW SCOOPY STYLISH,49500.0
082322MAK1LN1,OLI MPX1 10W30 SL 1L IDE,MEGA PRO CW,65500.0
06401KYE900,DRIVE CHAIN KIT,MEGA PRO CW,330000.0
31926KRM842,31926KRM841,VARIO 150 MMC,18500.0
12391K25601,"GASKET, HEAD COVER",BEAT SPORTY CBS,24000.0
11395K97T01,"GASKET,L COVER",ADV150 CBS,53000.0
23100K36J02,BELT DRIVE,VARIO 125 CBS,151000.0
12391GGC900,GASKET HEAD COVER,VARIO FI,37800.0
082342MAK8LZ0,"SPX1 10W30 SLMA 1,2L REP",CRF150L,90000.0
34901K25600,BULB HEAD LIGHT,BEAT SPORTY CW,43000.0
12435LCLEF,ENGINE FLUSH,ALL NEW SCOOPY STYLISH,35000.0
52400K81N11,CUSHION ASSY REARR,ALL NEW SCOOPY STYLISH,232000.0
12435LCLHIC,CAIRAN INJEKTOR,ALL NEW SCOOPY STYLISH,60000.0
12391KZR600,"GASKET, CYLINDER HEAD COVER",NEW PCX 150,55000.0
14520GFC771,LIFTER ASSY. TENSIONER,NEW VARIO 150,76000.0
45530KVY911,CYLINDER SET MASTER,NEW SCOOPY STYLISH,77000.0
12209GB4682,SEAL VLV. STEM,SPACY CW HELM IN FI,12000.0
12251GGC901,GASKET CYLINDER HEAD,SPACY CW HELM IN FI,14500.0
12191GGC900,GASKET CYLINDER,SPACY CW HELM IN FI,9700.0
9410912000,"WASHER, DRAIN PLUG, 12MM",SPACY CW HELM IN FI,1500.0
9410912000,"WASHER, DRAIN PLUG, 12MM",REVO 110 SPOKE WHEEL,1500.0
FIC001,CAIRAN FLASH INJECTOR,PCX 160 ABS,20000.0
43151329001,SPRING RR BRAKE,BeAT Street,7000.0
23100K1ABA0,"BELT DRIVE, KIT",BeAT Street,123000.0
31918K97T01,SPARK PLUG MR8K9 (NGK),BeAT Street,24000.0
14520K25901,LIFTER ASSY TENSIONER,BEAT FI CBS,60000.0
22110K44V00,FACE COMP MOVABLE DRIVE,SCOOPY ESP,75500.0
23100K44BA0,"BELT DRIVE, KIT",SCOOPY ESP,150000.0
22105K44V00,BOSS DRIVE FACE,SCOOPY ESP,27500.0
22011GCC770,PIECE SLIDE,SCOOPY ESP,30000.0
91211KN7671,SEAL DRIVEN FACE 34X41X4,VARIO 125 CBS ISS,24000.0
082322MAK1LZ1,OLI MPX1 10W30 SL 1L IDE,CRF150L,65000.0
06455K84902,"PAD SET, FR BRAKE",CRF150L,72500.0
51410KWW641,PIPE COMP FR FORK,REVO 110 SPOKE WHEEL,299000.0
51490GN5305,SEAL SET FR FORK,REVO 110 SPOKE WHEEL,88000.0
45251KWB921,DISK FR BRAKE,REVO 110 SPOKE WHEEL,229000.0
17210KWB920,ELEMENT COMP A/C,REVO 110 SPOKE WHEEL,54000.0
44830KWWA82,"CABLE COMP., SPDMT",REVO 110 SPOKE WHEEL,36500.0
ACL70ML,AHM CHAIN LUBE 70 ML,REVO 110 SPOKE WHEEL,21000.0
06410KWB600,DAMPER SET WHEEL,REVO 110 SPOKE WHEEL,28000.0
06401KWB900,DRIVE CHAIN KIT,REVO 110 SPOKE WHEEL,216500.0
15523LCLBNS,BENSIN,REVO 110 SPOKE WHEEL,20000.0
44800KWW650,GEAR BOX ASSY SPDMT,REVO 110 SPOKE WHEEL,50500.0
31926KWB601, SPARK PLUG U20EPR9S (DS),REVO 110 SPOKE WHEEL,21000.0
SS8175ML,OIL SHOCK,REVO 110 SPOKE WHEEL,29500.0
9410912000,"WASHER, DRAIN PLUG, 12MM",NEW VARIO,1500.0
44800KVB910,BOX SPEEDOMETER GEAR,BEAT SPORTY CW,70500.0
16450K25901,INJECTOR ASSY FUEL,ALL NEW SCOOPY PLAYFUL,258000.0
83520K1AN00ZA,"COVER,R BODY SIDE (BLACK)",BeAT Sporty CBS ISS Deluxe,44000.0
9410912000,"WASHER, DRAIN PLUG, 12MM",STYLO 160 ABS,1500.0
9410912000,"WASHER, DRAIN PLUG, 12MM",SCOOPY FI,1500.0
9410912000,"WASHER, DRAIN PLUG, 12MM",ALL NEW SCOOPY STYLISH,1500.0
31918K97T01,SPARK PLUG MR8K9 (NGK),NEW SCOOPY SPORTY,24000.0
9410912000,"WASHER, DRAIN PLUG, 12MM",STYLO 160 CBS,1500.0
08234M99K8LZ0,SCOOTER GEAR OIL-SYN120MLREP,SPACY CW HELM IN FI,19500.0
31918K97T01,SPARK PLUG MR8K9 (NGK),SPACY CW HELM IN FI,24000.0
43125KPH903,SHOE COMP BRAKE (NA),BEAT STREET CBS,41500.0
35350KEV950,SWITCH RR STOP,BEAT STREET CBS,15000.0
30700KVB931,CAP ASSY NOISE SUPPRESSOR,GENIO CBS ISS,50500.0
16400K0JN01,THROTTLEBODY ASSY,GENIO CBS ISS,510500.0
14012LCL01,DSM50ML,GENIO CBS ISS,35000.0
91202K0JN01,OIL SEAL 19.5X31.5X6,GENIO CBS ISS,24000.0
34901KPH881,BULB HEADLIGHT,BEAT STREET CBS,45000.0
51410KZLA01,PIPE COMP FR FORK,BEAT STREET CBS,297000.0
14012LCL01,DSM50ML,BEAT STREET CBS,35000.0
14012LCL03,ENGINE50ML,BEAT STREET CBS,35000.0
91202KWN901,"OIL SEAL,26X45X6",ADV160 ABS,10500.0
17873B06,BAUT MUR RING,BEAT FI SW,5000.0
23225KSY900,PIN ROLLER GUIDE,BEAT FI SW,27000.0
91351GR1000,O-RING 38.5X2,BEAT FI SW,9000.0
91211KN7671,SEAL DRIVEN FACE 34X41X4,BEAT FI SW,24000.0
23224K0JN00,"FACE SET,MOVABLE DRIVEN",BEAT FI SW,116500.0
23226KVB900,ROLLER GUIDE,BEAT FI SW,22500.0
23205K0JN00,"FACE SET,DRIVEN",BEAT FI SW,202000.0
53178K25910,LEVER L STRG HANDLE,NEW VARIO ESP CBS,28000.0
53199KVG910,SPRING BRAKE LEVER RETURN,BeAT Sporty CBS ISS Deluxe,5000.0
17210KPPT00,"ELMNT COMP., AIR CLEANER",CB150 VERZA CW,182000.0
31926KRM841,SPARK PLUG CPR9EA9 (NGK),CB150 VERZA CW,23000.0
30400K59A11,ENG CONTROL UNIT,NEW VARIO 125 CBS ISS,1446500.0
31500KPH882,BATTERY YTZ5-S,BEAT FI CW,273000.0
06455KYE901,PAD SET FR,ALL NEW CBR 150R,55500.0
43130KZL930,BRAKE SHOE,VARIO CAST WHEEL,55500.0
44830K46N01,CABLE COMP SPDMT,VARIO CAST WHEEL,42500.0
91005KVBN50,"BRG,COMP DRIVE SHAFT",VARIO CAST WHEEL,39500.0
17210KVB930,ELEMENT COMP A/C,VARIO CAST WHEEL,59500.0
23100KVBBA0,BELT DRIVE KIT,VARIO CAST WHEEL,183000.0
91202KVB901,OIL SEAL 20.8X52X7.5,VARIO CAST WHEEL,8700.0
35121K1ZN20,"SET,FOB ASSY",PCX 160 ABS,346500.0
06401KWB900,DRIVE CHAIN KIT,BLADE,216500.0
100200,INJECTOR CLEANER,BEAT SPORTY CW,50000.0
082322MBK0LZ1,"OLI MPX2 10W30 SL 0,8L IDE",SPACY CW HELM IN FI,58500.0
17210KWB920,ELEMENT COMP A/C,NEW BLADE R 125 FI,54000.0
34906GB6921,BULB TAILLIGHT,SCOOPY,12500.0
31926KRM841,SPARK PLUG CPR9EA9 (NGK),SCOOPY,23000.0
082342MBK8LZ0,"SPX2 10W30 SLMB 0,65L REP",VARIO TECHNO 125 FI CBS,61500.0
SS8175ML,OIL SHOCK,NEW SCOOPY PRESTIGE,29500.0
31918K97T01,SPARK PLUG MR8K9 (NGK),VARIO 125 CBS,24000.0
17653LCL03,INJECTOR CLEANER,BeAT Sporty CBS ISS Deluxe,25000.0
30400K59A11,ENG CONTROL UNIT,VARIO TECHNO,1446500.0
082322MBK0LZ1,"OLI MPX2 10W30 SL 0,8L IDE",SCOOPY ESP,58500.0
34908GA7701,BULB W BASE,REVO,6500.0
00832CAIRANINJECTION,CAIRAN INJECTION,BeAT Sporty CBS,30000.0
17572GGLJ00,"O-RING, FUEL PUMP",NEW VARIO 125 CBS-ISS,17500.0
082322MBK0LZ1,"OLI MPX2 10W30 SL 0,8L IDE",NEW VARIO 125 CBS-ISS,58500.0
16016K03H11,SCREW SET,BEAT SPORTY CW,13500.0
HB6204,"BEARING,BALL",BEAT SPORTY CBS,27200.0
91005KVBN50,"BRG,COMP DRIVE SHAFT",BEAT CW FI MMC,39500.0
00832CAIRANINJECTION,CAIRAN INJECTION,BEAT CW FI MMC,30000.0
00832CAIRANINJECTION,CAIRAN INJECTION,VARIO 125 CBS,30000.0
22535K44V00,WEIGHT SET CLUTCH,BEAT SPORTY CBS,127000.0
9410912000,"WASHER, DRAIN PLUG, 12MM",NEW PCX 150 CBS,1500.0
00832CAIRANINJECTION,CAIRAN INJECTION,NEW PCX 150 ABS,30000.0
082322MBK0LZ1,"OLI MPX2 10W30 SL 0,8L IDE",NEW PCX 150 ABS,58500.0
31917K0RV01,"PLUG, SPARK(LMAR8L-9)(NGK)",NEW PCX 150 CBS,70000.0
70110LCLRINGCOMSTEER,RING,BEAT FI CW,10000.0
70110LCLRINGOLIGARDAN,RING,BEAT FI CW,2000.0
082322MAK0LZ1,"OLI MPX1 10W30 SL 0,8L IDE",REVO FIT,56500.0
06401K41N01,DRIVE CHAIN KIT,REVO FIT,225000.0
2251725017NR00,TUBE TIRE (225/250-17),REVO FIT,48000.0
44800KWW650,GEAR BOX ASSY SPDMT,REVO FIT,50500.0
31919K25602,SPARK PLUG U27EPR-N9 (DS),NEW CB150R STREETFIRE,24500.0
31500KWWA02,BATTERY YTZ4-V,REVO CW FI,253500.0
00832CAIRANINJECTION,CAIRAN INJECTION,PCX 160 ABS,30000.0
23100KZLBA0,BELT DRIVE KIT,BEAT CBS FI MMC,156000.0
06455KVBT01,PAD SET FR,GENIO CBS,60500.0
41241KFL851,"DAMPER,RR WHEEL SET",SUPRA X 125 R DD,26500.0
17210K93N00,"ELEMENT COMP., AIR CLEANER",ALL NEW SCOOPY SPORTY,63500.0
06455KPP901,PAD SET FR,CB150X SE,53000.0
9410912000,"WASHER, DRAIN PLUG, 12MM",CB150X SE,1500.0
08CLAH50500,HONDA M/C GENUINE COOLANT,CB150X SE,19500.0
06435KSPB01,PAD SET RR,CB150X SE,69500.0
00832CAIRANINJECTION,CAIRAN INJECTION,VARIO 160 ABS,30000.0
AHB6201RS,BEARING BALL (SET),NEW SCOOPY PRESTIGE,51400.0
AHTP0004016,HRC23 SPORTY NAVY CAP,BeAT Sporty CBS ISS Deluxe,110000.0
AHTP0004016,HRC23 SPORTY NAVY CAP,NEW SCOOPY SPORTY,110000.0
AHGK0010014,HONDA LEATHER KEYCHAIN,NEW SCOOPY SPORTY,50000.0
06455K84902,"PAD SET, FR BRAKE",ADV 160 CBS,72500.0
52400K25901,CUSHION ASSY RR,BEAT SPORTY CBS,264500.0
53220GN5900,THREAD HEAD TOP,BEAT SPORTY CBS,23000.0
8591,RIPET BESAR,BEAT SPORTY CBS,4000.0
91202K50T01,OIL SEAL 20.8X52X6X7.5,BEAT SPORTY CBS,6500.0
2341,BAUT ULIR,BEAT SPORTY CBS,8000.0
16895LCLSOCKETECUVARIO,SOCKET ECU VARIO,NEW VARIO 150,50000.0
42711K59A72,TIRE RR TL (100/80-14),BEAT STREET CBS,345000.0
38501KVZ631,"RELAY COMP,MICROISO LOW HIGHT",VARIO 125 CBS,33500.0
38502K59A11,"RELAY COMP,POWER",VARIO 125 CBS,59000.0
32102K59A70,SUB HARNESS BATT,VARIO 125 CBS,310500.0
082342MAK8LZ0,"SPX1 10W30 SLMA 1,2L REP",NEW VARIO TECHNO PGM FI,90000.0
06585CVA111,GREASE,NEW VARIO TECHNO PGM FI,10000.0
38110KZR601,HORN COMP.(HIGH),BEAT FI SW,65000.0
34908GA7701,BULB W BASE,VARIO 125 CBS,6500.0
91005KVBN50,"BRG,COMP DRIVE SHAFT",VARIO 125 CBS ISS,39500.0
23100K36BA0,"BELT DRIVE, KIT",VARIO 125 CBS ISS,189500.0
23100K1AN23,"BELT,DRIVE",GENIO CBS,93000.0
22535K2FN00,"WEIGHT SET,CLUTCH",GENIO CBS,141500.0
AHB6201RS,BEARING BALL (SET),BeAT Sporty CBS,51400.0
082322MBK0LZ1,"OLI MPX2 10W30 SL 0,8L IDE",Beat Sporty,58500.0
02779LCL34,SPION ASPIRA,NEW VARIO 125 CBS ISS,60000.0
08CLAH50500,HONDA M/C GENUINE COOLANT,CB150R STREETFIRE SPECIAL,19500.0
12251K12901,"GASKET,CYLINDER HEAD",VARIO 125 CBS,19500.0
22011KWN900,"PIECE SET,SLIDE",NEW VARIO 150,25000.0
DSMM,ENGINE FLUSH,NEW VARIO 150,25000.0
HIC60ML,HONDA INJECTOR CLEANER,NEW VARIO 150,27500.0
32100K59A10,"HARNESS, WIRE",NEW VARIO 150,812500.0
22100KWN900,OUTER COMP CLUTCH,NEW VARIO 150,130000.0
082322MBK2LN9,"MPX2 10W30 SLMB 0,8L FED",NEW VARIO 150,59000.0
53175KWN901,"LEVER,R STRG HNDL",PCX 160 CBS,152000.0
16695LCLBDKNLPT,BAUD KNALPOT,PCX 160 CBS,5000.0
53199KVG910,SPRING BRAKE LEVER RETURN,VARIO 125 CBS,5000.0
91255KVB902,OIL SEAL 29X44X7,BEAT SPORTY CBS ISS,7600.0
88220K97N01,MIRROR COMP L,VARIO 125 CBS,62500.0
88210K97N01,MIRROR COMP R,VARIO 125 CBS,62500.0
17510K81N00,"TANK COMP,FUEL",BEAT SPORTY CW,200000.0
91202K97T01,OIL SEAL 26X45X6 18,VARIO TECHNO 125 CBS ISS,8500.0
12391KZR600,"GASKET, CYLINDER HEAD COVER",VARIO TECHNO 125 CBS ISS,55000.0
34905GM9003,BULB WINKER,VARIO TECHNO 125 CBS ISS,9000.0
91351GR1000,O-RING 38.5X2,BEAT FI CBS,9000.0
TBC500ML,THROTTLE BODY CLEANER 500ML,BEAT FI CBS,35500.0
9410912000,"WASHER, DRAIN PLUG, 12MM",BEAT FI CBS,1500.0
12391K25601,"GASKET, HEAD COVER",BEAT FI CBS,24000.0
9806786871, SPARK PLUG U20EPR9 (DS),BEAT FI CBS,19500.0
22535KVY900,WEIGHT SET CLUCTH,BEAT FI CBS,148500.0
91211GFC771,OIL SEAL 34X39X3,BEAT FI CBS,24000.0
33100K1ZN21,"LIGHT ASSY,FRONT COMB",PCX 160 ABS,2338500.0
91211KN7671,SEAL DRIVEN FACE 34X41X4,New Vario 150,24000.0
91384KVB900,O-RING 38.8X1.9,New Vario 150,14000.0
13251LCL10,BAUT,SCOOPY,3000.0
51490GN5305,SEAL SET FR FORK,SCOOPY,88000.0
06535GN5505,RACE STEERING KIT,SCOOPY,103000.0
SS8175ML,OIL SHOCK,SCOOPY,29500.0
53178K81N30,LEVER L STEERING HANDLE,SCOOPY,45000.0
43130KZL930,BRAKE SHOE,SCOOPY,55500.0
082322MBK0LZ1,"OLI MPX2 10W30 SL 0,8L IDE",BEAT POP ESP CBS PIXEL,58500.0
42711K59A12,TIRE RR TL (90/90-14),BeAT Sporty CBS ISS Deluxe,297000.0
44711K59A12,TIRE FR TL (80/90-14),VARIO TECHNO 125 FI ISS,263000.0
22535K44V00,WEIGHT SET CLUTCH,SPACY CW HELM IN FI,127000.0
90202KN7670,NUT SPECIAL 30MM,PCX 160 CBS,15000.0
12436LCL06,BAUD 5000,BEAT FI CBS,5000.0
12436LCL07,INJECTOR CLEANER,BEAT FI CBS,20000.0
43130KZL930,BRAKE SHOE,BEAT FI CBS,55500.0
23100KZL932,"BELT,DRIVE",BEAT FI CBS,109000.0
22535KWN901,WEIGHT SET CLUTCH,NEW VARIO TECHNO PGM FI,159500.0
AHTS0301050,HRC23 SPRTY NAVY TSHIRT XL,NEW SCOOPY FASHION,151000.0
HB6201RS,"BEARING, BALL",NEW PCX 150 CBS,52000.0
38110KZR601,HORN COMP.(HIGH),BEAT SPORTY CBS,65000.0
34901KFVB51,BULB HEADLIGHT (12V 25/25W),BEAT,19000.0
19503K1BT00,HOSE C WATER,BEAT SPORTY CBS,81500.0
08232M99K0LN5,"MPX2 10W30 SLMB 0,8L CAS",NEW SCOOPY PRESTIDGE,59000.0
19200KWN901,"PUMP ASSY., WATER",NEW VARIO 125 CBS ISS,284000.0
31201KPH881,BRUSH TERMINAL SET,VERZA CAST WHEEL,23000.0
31500KPH881,BATTERY GTZ5S GS,VERZA CAST WHEEL,248000.0
16400K97T01,THROTTLEBODY ASSY,NEW PCX 150 ABS,757500.0
45351K97N01,"DISK, FR BRAKE",NEW PCX 150 ABS,176500.0
44711KWW010,TIRE FR TT (70/90-17),REVO FIT,209000.0
43130KVB901,43130KZL930,NEW SCOOPY SPORTY,59500.0
17211K15900,"ELEMENT COMP,AIR/C",CBR 150R ABS,61000.0
91307K0JN00,"O-RING,95X2.0",NEW SCOOPY SPORTY,4000.0
22131K0JN00,"PLATE,RAMP",NEW SCOOPY SPORTY,31500.0
17211K15900,"ELEMENT COMP,AIR/C",ALL NEW CBR150R,61000.0
45251KWB921,DISK FR BRAKE,REVO,229000.0
43125KPH903,SHOE COMP BRAKE (NA),REVO,41500.0
06455KWB601,PAD SET FR,REVO,55000.0
06535GN5505,RACE STEERING KIT,REVO,103000.0
ST,SETEMPET KOMSTIR,REVO,10000.0
HBF50ML,"BRAKE,FLUID",REVO,8500.0
082342MAK0LZ0,"SPX1 10W30 SLMA 0,8L REP",REVO,69500.0
45530KVY911,CYLINDER SET MASTER,REVO,77000.0
31500KPH881,BATTERY GTZ5S GS,SUPRA X 125 CW HELM IN,248000.0
44830KWWA00,"CABLE COMP, SPDMT",SUPRA X 125 CW HELM IN,46000.0
HBF50ML,"BRAKE,FLUID",SUPRA X 125 CW HELM IN,17000.0
44800KWW650,GEAR BOX ASSY SPDMT,SUPRA X 125 CW HELM IN,50500.0
06489,ORING KLEP,SUPRA X 125 CW HELM IN,12000.0
17210KYZ900,"ELEMENT COMP, AIR/C",SUPRA X 125 CW HELM IN,55000.0
HI,INJECTOR CLEANER,SUPRA X 125 CW HELM IN,25000.0
9806786871, SPARK PLUG U20EPR9 (DS),SUPRA X 125 CW HELM IN,19500.0
08232M99K0LN5,"MPX2 10W30 SLMB 0,8L CAS",SUPRA X 125 HELM IN FI,59000.0
08234M99K8LZ0,SCOOTER GEAR OIL-SYN120MLREP,SUPRA X 125 HELM IN FI,19500.0
082322MBK3LN9,"MPX2 10W30 SLMB 0,65L CAS",BEAT CW FI MMC,50000.0
082322MBK3LN9,"MPX2 10W30 SLMB 0,65L CAS",SPACY CW HELM IN,50000.0
082322MBK3LN9,"MPX2 10W30 SLMB 0,65L CAS",BEAT STREET CBS,50000.0
08294M99K0NL0,SCOOTER GEAR OIL-SYN120MLREP,BeAT Sporty CBS,16500.0
06455KVBT01,PAD SET FR,NEW VARIO,60500.0
HB6301RS,"BEARING,BALL",REVO FIT FI,29900.0
35340GW3980,SWITCH FR STOP,BEAT FI CBS,63000.0
08294M99K0NL0,SCOOTER GEAR OIL-SYN120MLREP,BeAT Sporty CBS ISS Deluxe,16500.0
082322MBK2LN9,"MPX2 10W30 SLMB 0,8L FED",BEAT CW FI MMC,59000.0
12191K56N01,"GASKET, CYLINDER",NEW CB150R STREETFIRE,10500.0
11343LCL24,BAUD TEBENG PANJANG,NEW CB150R STREETFIRE,4000.0
11343LCL24095,KLEP ,NEW CB150R STREETFIRE,85000.0
12391K56N00,"GASKET COMP., CYLINDER HEAD",NEW CB150R STREETFIRE,41500.0
11343LCL94,CLIP TRIM BESAR,NEW CB150R STREETFIRE,3000.0
12251K56N02,GASKET CYLINDER HEAD(NLK),NEW CB150R STREETFIRE,19500.0
12209K56N01,"SEAL, VALVE STEM(NOK)",NEW CB150R STREETFIRE,18000.0
16700K2FN01,"UNIT ASSY,FUEL PUMP",NEW SCOOPY PRESTIGE,372000.0
35111K59A71,FOB ASSY,NEW SCOOPY PRESTIGE,335500.0
14500K41N00,ARM COMP CAM CHAIN TENSIONER,SUPRA X 125 CW MMC,66500.0
14566086031,HEAD TENSIONER,SUPRA X 125 CW MMC,4500.0
17210KVB930,ELEMENT COMP A/C,VARIO TECHNO,59500.0
22011K81N00,"PIECE SET,SLIDE",VARIO TECHNO,18500.0
ACG10GR,AHM CVT GREASE 10 GR,VARIO TECHNO,15000.0
35340GW3980,SWITCH FR STOP,VARIO TECHNO,63000.0
HBF50ML,"BRAKE,FLUID",VARIO TECHNO,8500.0
12391KVB900,GASKET HEAD COVER,VARIO TECHNO,13500.0
22105KVB900,BOSS DRIVE FACE,VARIO TECHNO,22000.0
2212AKVB900,ROLLER WEIGHT SET,VARIO TECHNO,67500.0
06535GN5505,RACE STEERING KIT,VARIO TECHNO,103000.0
51490KGH902,SEAL SET FR FORK,VARIO TECHNO,86000.0
22110GFM960,"FACE COMP., MOVABLE DRIVE",VARIO TECHNO,82000.0
AHB6201RS,BEARING BALL (SET),VARIO TECHNO,51400.0
43130KZL930,BRAKE SHOE,VARIO TECHNO,55500.0
45530KET920,CYLINDER SET MASTER,VARIO TECHNO,78500.0
22123K0JN00,"ROLLER SET,WEIGHT",VARIO 125 CBS,42000.0
ALF6201RS,BEARING BALL (SET),NEW BEAT CAST WHEEL,49900.0
45530KVY911,CYLINDER SET MASTER,REVO CW FI,77000.0
06401KWW900,DRIVE CHAIN KIT,REVO CW FI,207000.0
22535GGC900,"WEIGHT SET, CLUTCH",VARIO 125 CBS ISS,175500.0
22535KWN901,WEIGHT SET CLUTCH,ADV150 CBS,159500.0
37100K1AN22,METER ASSY COMB,BeAT Street,520500.0
53110K1AN20,"POST COMP,HNDL",BeAT Street,112500.0
53207K1AN20ZA,"COVER,METER LOWER (BLACK)",BeAT Street,15500.0
32103K1AN22,"SUB HARNESS,FR",BeAT Street,265000.0
082322MAK0LN1,"OLI MPX1 10W30 SL 0,8L IDE",NEW BLADE S 125 FI,57000.0
23100K1ABA0,"BELT DRIVE, KIT",NEW SCOOPY SPORTY,123000.0
22105K0JN00,"BOSS,DRIVE FACE",NEW SCOOPY SPORTY,32500.0
08234M99K8LZ0,SCOOTER GEAR OIL-SYN120MLREP,VARIO 110 CBS ISS,19500.0
91202KVB901,OIL SEAL 20.8X52X7.5,VARIO 110 CBS ISS,8700.0
9806786871, SPARK PLUG U20EPR9 (DS),VARIO 110 CBS ISS,19500.0
9410912000,"WASHER, DRAIN PLUG, 12MM",VARIO 110 CBS ISS,1500.0
TBC500ML,THROTTLE BODY CLEANER 500ML,VARIO 110 CBS ISS,35500.0
6431AK81N00,"STEP ASSY,FLOOR",BEAT SPORTY CBS ISS,90500.0
64520KVY900,COVER FR LOWER,BEAT SPORTY CW,65500.0
81141KVY960,COVER INNER LOWER,BEAT SPORTY CW,70000.0
08294M99K0NL0,SCOOTER GEAR OIL-SYN120MLREP,BEAT SPORTY CW,16500.0
ALF6201RS,BEARING BALL (SET),BEAT FI CW,49900.0
90131883000,BOLT DRAIN PLUG 12X15,VARIO 110 CBS,3500.0
15651KZR600,"GAUGE, OIL LEVEL",VARIO 110 CBS,12000.0
91307035000,"O-RING, 18X3",VARIO 110 CBS,1600.0
082342MAK0LZ0,"SPX1 10W30 SLMA 0,8L REP",VARIO 125 CBS ISS,69500.0
12251KVY901,GASKET CYLINDER HEAD,BEAT,18500.0
12191KVY900,GASKET CYLINDER,BEAT,10500.0
2212AKVY900,ROLLER WEIGHT SET,BEAT,55000.0
12391K25601,"GASKET, HEAD COVER",BEAT,24000.0
91202KVB901,OIL SEAL 20.8X52X7.5,BEAT,8700.0
91202KJ9003,OIL SEAL 20X32X6,BEAT,8500.0
22110KVY900,FACE COMP MOVEABLE DRIVE,BEAT,71500.0
22105KVY960,BOSS DRIVE FACE,BEAT,29500.0
11103KVB930,"RUB.BUSH,ENG.HANGER",BEAT,17500.0
131A2KVY960,"PISTON KIT (0,25)",BEAT,126500.0
06401KPH881,DRIVE CHAIN KIT,SUPRA X 125 CW MMC,206500.0
17210KPH900,ELEMENT COMP A/C,SUPRA X 125 CW MMC,45500.0
08294M99Z8YZ1,SCOOTER GEAR OIL (120ML) IDE,BEAT SPORTY CBS ISS,16500.0
06455KPPN02,"PAD SET, FR BRAKE",CB150R,64500.0
22011KWN900,"PIECE SET,SLIDE",ADV150 ABS,25000.0
91009KVY961,BRG BALL RADIAL 6902U,VARIO 160 CBS,31500.0
22123K1AN00,"ROLLER SET,WEIGHT",ALL NEW SCOOPY STYLISH,39500.0
082322MBK3LN1,"MPX2 10W30 SLMB 0,65L IDE E",NEW VARIO 125 CBS-ISS,50000.0
53178K0JN00,"LEVER,L STRG HANDLE",BEAT SPORTY CBS,45500.0
22105KWN900,"BOSS,DRIVE FACE",VARIO 125 CBS,44500.0
22110K35V00,FACE COMP MOVABLE DRIVE,VARIO 125 CBS,84500.0
31500KPH882,BATTERY YTZ5-S,SUPRA X,273000.0
31926KRM841,SPARK PLUG CPR9EA9 (NGK),SUPRA X,23000.0
51410K97T01,PIPE COMP FR FORK,NEW PCX 150 CBS,299000.0
06455KREK01,06455KREK02,NEW PCX 150 CBS,112000.0
082322MBK2LN0,"MPX2 10W30 SLMB 0,8L REP O",VARIO TECHNO NON CBS,59000.0
14520GFC771,LIFTER ASSY. TENSIONER,BEAT FI CW,76000.0
082322MBK2LN0,"MPX2 10W30 SLMB 0,8L REP O",VARIO 150 MMC,59000.0
17210K1AN00,"ELEMENT COMP,AIR/C",VARIO 110 CBS ISS,51500.0
33130GN5831,SOCKET HEADLIGHT,VARIO 125 CBS,18500.0
53175KVGA21,LEVER R STRG HDL,VARIO 125 CBS,53500.0
22102K44V00,FACE DRIVE,BEAT FI CBS,49500.0
082322MAK3LN0,MPX1 10W30 SLMA 1L REP,CB150 VERZA CW,0.0
082342MAK8LZ0,"SPX1 10W30 SLMA 1,2L REP",NEW SONIC 150R SPECIAL,90000.0
45530KET920,CYLINDER SET MASTER,BeAT Sporty CBS,78500.0
06945LCL12,BAUD OLI,BEAT SPORTY CW,5000.0
082342MBK8LZ0,"SPX2 10W30 SLMB 0,65L REP",VARIO 160 CBS,61500.0
07019LCL018,ANGIN  NITROGEN SET,GENIO CBS,10000.0
