service_name,motor_type,price
PAKET CEK AJA DULU,VARIO 125 CBS ISS,0.0
SERVIS PAKET LENGKAP PERAWATAN,BEAT STREET,85000.0
SERVIS PAKET LENGKAP PERAWATAN,NEW VARIO TECHNO CBS,80000.0
SERVIS PAKET LENGKAP PERAWATAN,CB150 VERZA CW,95000.0
JASA PASANG 105000,BEAT STREET CBS,105000.0
KPB 1,SCOOPY STYLISH ,0.0
SERVIS PAKET LENGKAP PERAWATAN,NEW VARIO TECHNO PGM FI,80000.0
PAKET CEBAN,VARIO 125 CBS ISS,10000.0
PENGGANTIAN OLI MESIN,BeAT Sporty CBS ISS Deluxe,5000.0
LCR TREATMENT 1,BeAT Sporty CBS,0.0
JASA CEK KILAT,BeAT Sporty CBS ISS Deluxe,1.0
KPB 1,BEAT SPORTY CBS,0.0
KPB 3,ADV 160 CBS,0.0
KPB 1,VARIO 160 ABS,0.0
SERVIS PAKET LENGKAP PERAWATAN,SCOOPY,90000.0
KPB 2,PCX 160 CBS,0.0
LCR TREATMENT 1,BeAT Sporty CBS ISS Deluxe,0.0
KPB 1,BeAT Street,0.0
PENGGANTIAN MINYAK REM,ALL NEW SCOOPY SPORTY,40000.0
PENGGANTIAN MINYAK REM,NEW VARIO 125 CBS,35000.0
KPB 1,VARIO 160 CBS,0.0
PENGGANTIAN MINYAK REM,NEW VARIO 125 CBS-ISS,35000.0
SERVIS PAKET LENGKAP PERAWATAN,PCX 150,155000.0
PENGGANTIAN MINYAK REM,SUPRA X 125 HELM IN FI,35000.0
LCR TREATMENT 1,BeAT Street,0.0
KPB 1,BeAT Sporty CBS,0.0
JASA PASANG 30000,CB150R STREETFIRE,30000.0
LCR CHECK,NEW SCOOPY PRESTIGE,0.0
PENGGANTIAN OLI MESIN,VARIO TECHNO NON CBS,0.0
SERVIS PAKET LENGKAP PERAWATAN,SUPRA X,0.0
PENGGANTIAN OLI MESIN,BEAT STREET CBS,0.0
PENGGANTIAN BEARING DEPAN,CB150 VERZA CW,30000.0
PENGGANTIAN OLI MESIN,VARIO 125 CBS,5000.0
PERBAIKAN HEADLIGHT UNIT,VARIO 125 CBS,35000.0
JASA PASANG 5000,VARIO 125 CBS-ISS MMC,5000.0
PENGGANTIAN RADIATOR COOLANT,VARIO 125 CBS,40000.0
JASA PASANG 5000,VARIO 125 CBS,5000.0
PEMERIKSAAN KELISTRIKAN,NEW SCOOPY FI,50000.0
PERBAIKAN KANVAS REM BELAKANG,BEAT POP ESP CBS,30000.0
SERVIS PAKET LENGKAP PERAWATAN,BEAT STREET CBS,95000.0
PENGGANTIAN OLI MESIN,CBR 150R STD,5000.0
PENGGANTIAN OLI MESIN,VARIO 110 CBS,5000.0
PENGGANTIAN BELT DRIVE / ROLLER,SCOOPY FI,60000.0
SERVIS PAKET LENGKAP PERAWATAN,BEAT SPORTY CW,95000.0
PENGGANTIAN OLI MESIN,BEAT SPORTY CW,5000.0
PENGGANTIAN OLI GARDAN,VARIO FI,2000.0
PENGGANTIAN OLI MESIN,VARIO FI,500.0
PENGGANTIAN OLI MESIN,BEAT SPORTY CBS ISS,5000.0
SERVIS PAKET LENGKAP PERAWATAN,BEAT SPORTY CBS ISS,95000.0
PENGGANTIAN BUSI,NEW VARIO CBS PGM FI,10000.0
PEMERIKSAAN KELISTRIKAN,BEAT SPORTY CW,50000.0
KPB 3,SCOOPY STYLISH ,0.0
JASA PASANG 10000,NEW CBR 150R,10000.0
JASA PASANG 10000,BEAT FI CW,10000.0
PERBAIKAN BAN BELAKANG,BEAT CW FI MMC,30000.0
LCR TREATMENT 1,NEW SCOOPY PRESTIGE,0.0
PENGGANTIAN CVT,NEW SCOOPY FI,60000.0
PERBAIKAN BAN BELAKANG,VARIO 150,35000.0
PEMERIKSAAN KELISTRIKAN,NEW SUPRA X 125 FI CW,50000.0
PENGGANTIAN CVT,NEW VARIO 150,65000.0
PERBAIKAN HEADLIGHT UNIT,BEAT STREET CBS,30000.0
KPB 2,VARIO 125 CBS ISS,0.0
PERBAIKAN STANG,BEAT FI CBS,50000.0
PENGGANTIAN CVT,NEW PCX 150 ABS,65000.0
PERBAIKAN CVT,BEAT SPORTY CW,65000.0
PERBAIKAN STANG,BEAT CBS FI MMC,50000.0
PENGGANTIAN BEARING DEPAN,VARIO 125 CBS MMC,25000.0
PEMERIKSAAN KELISTRIKAN,NEW PCX 150 CBS,100000.0
KPB 1,PCX160 ABS,0.0
LCR TREATMENT 1,BeAT Sporty CBS ISS,0.0
PEMERIKSAAN KELISTRIKAN,ALL NEW SCOOPY STYLISH,50000.0
PEMERIKSAAN KELISTRIKAN,SCOOPY FI,50000.0
PERBAIKAN MASTER REM DEPAN,BEAT SPORTY CBS,30000.0
PERBAIKAN CVT,BEAT SPORTY CBS ISS,65000.0
PEMERIKSAAN KELISTRIKAN,VARIO 125 CBS-ISS MMC,50000.0
PERBAIKAN STATOR COMP / SPULL,SCOOPY ESP,100000.0
PERBAIKAN HEADLIGHT UNIT,BEAT SPORTY CBS,30000.0
PERBAIKAN BAN BELAKANG,VARIO 125 CBS,35000.0
PENGGANTIAN COVER HANDLE GETAR,NEW VARIO 150,20000.0
LCR GANTI,BeAT Street,0.0
PENGGANTIAN BUSI,VARIO 125 CBS,10000.0
PENGGANTIAN BUSI,NEW VARIO 150,10000.0
PENGGANTIAN BUSI,SUPRA X 125 CW MMC,5000.0
PENGGANTIAN BUSI,BEAT SPORTY CBS,10000.0
JASA PASANG 5000,VARIO FI,5000.0
JASA PASANG 5000,NEW BEAT CAST WHEEL,5000.0
LCR CHECK,BeAT Sporty CBS ISS Deluxe,0.0
PENGGANTIAN CVT,VARIO 150,60000.0
PENGGANTIAN CVT,BEAT STREET CBS,60000.0
KPB 1,BeAT Sporty DLX Smart Key,0.0
PAKET CEK REM GRATIS,NEW BEAT CAST WHEEL,0.0
PAKET CEK REM GRATIS,PCX 160 ABS,0.0
PAKET KURAS RADIATOR,NEW VARIO TECHNO PGM FI,35000.0
SERVIS PAKET LENGKAP PERAWATAN,PCX 160 CBS,120000.0
JASA 0,BEAT FI CW,0.0
JASA PASANG 10000,BEAT SPORTY CW,10000.0
JASA PASANG 10000,CB150R STREETFIRE,10000.0
KPB 1,PCX160 RoadSync,0.0
LCR CHECK,GENIO CBS,0.0
PENGGANTIAN KANVAS REM DEPAN,GENIO CBS,15000.0
SERVIS PAKET LENGKAP PERAWATAN,VARIO TECHNO NON CBS,90000.0
PENGGANTIAN SARINGAN UDARA,VARIO TECHNO NON CBS,10000.0
PENGGANTIAN OLI GARDAN,VARIO TECHNO NON CBS,5000.0
PENGGANTIAN BUSI,VARIO TECHNO NON CBS,15000.0
SERVIS PAKET LENGKAP PERAWATAN,ALL NEW SCOOPY STYLISH,90000.0
PERBAIKAN STANG,ALL NEW SCOOPY STYLISH,50000.0
KPB 2,VARIO 160 CBS,0.0
PERBAIKAN FUEL PUMP,NEW VARIO 125 CBS,30000.0
PERBAIKAN STANG,NEW VARIO 125 CBS,50000.0
KPB 2,BEAT SPORTY CBS,0.0
JASA PASANG 35000,NEW SCOOPY STYLISH,35000.0
JASA PASANG 55000,NEW VARIO 150,0.0
PERBAIKAN HEADLIGHT UNIT,BEAT SPORTY CW,25000.0
PERBAIKAN FUEL PUMP,BEAT SPORTY CW,30000.0
PENGGANTIAN OLI MESIN,Beat Sporty,5000.0
KPB 1,BEAT SPORTY DLX SMART KEY,0.0
SERVIS PAKET RINGAN PERAWATAN,BeAT Sporty CBS,70000.0
PENGGANTIAN MINYAK REM,BeAT Sporty CBS,0.0
JASA CEK KILAT,BeAT Sporty CBS,1.0
GANTI OLI PLUS PENGGANTIAN,BeAT Sporty CBS,5000.0
PENGGANTIAN OLI MESIN,BEAT CW FI MMC,5000.0
SERVIS PAKET LENGKAP PERAWATAN,BEAT CW FI MMC,90000.0
PERBAIKAN FUEL PUMP,BEAT CW FI MMC,30000.0
PENGGANTIAN AKI,VARIO 125 CBS,0.0
PAKET CEBAN,CB150 VERZA CW,10000.0
PENGGANTIAN BUSI,BEAT FI SW,15000.0
PERBAIKAN CVT,BEAT FI SW,50000.0
SERVIS PAKET LENGKAP PERAWATAN,NEW VARIO 150,105000.0
PERBAIKAN CVT,NEW VARIO 150,50000.0
PAKET CEBAN,SUPRA X 125 R DD,10000.0
PAKET CEBAN,NEW VARIO TECHNO PGM FI,10000.0
PAKET CEBAN,BEAT FI CW,10000.0
PAKET CEBAN,VARIO TECHNO 125 FI CBS,10000.0
KPB 3,BEAT SPORTY CBS,0.0
JASA PASANG 5000,BeAT Sporty CBS ISS Deluxe,5000.0
PENGGANTIAN OLI GARDAN,Beat Sporty,10000.0
JASA PASANG,CB150R STREETFIRE,30000.0
SERVIS PAKET LENGKAP PERAWATAN,CB150R STREETFIRE,105000.0
PAKET CEBAN,REVO X,10000.0
JASA PASANG 5000,ALL NEW SCOOPY SPORTY,5000.0
PAKET CEBAN,VARIO TECHNO NON CBS,10000.0
KPB 1,SCOOPY STYLISH,0.0
PENGGANTIAN OLI MESIN,BeAT Street,5000.0
SERVIS PAKET LENGKAP PERAWATAN,SPACY CW HELM IN,90000.0
PAKET CEBAN,NEW VARIO,10000.0
JASA PASANG 65000,VARIO 125 CBS ISS,65000.0
PENGGANTIAN OLI GARDAN,VARIO 125 CBS ISS,5000.0
SERVIS PAKET LENGKAP PERAWATAN,VARIO 125 CBS ISS,120000.0
PERBAIKAN COM STEER,BEAT CW FI MMC,25000.0
PERBAIKAN CVT,BEAT CW FI MMC,50000.0
PERBAIKAN JARI - JARI / GANTI TROMOL,BEAT CW FI MMC,100000.0
PAKET CEBAN,SCOOPY,10000.0
PAKET CEBAN,ALL NEW CBR 150R,10000.0
LCR CHECK,BeAT Sporty CBS,0.0
JASA PASANG 15000,BeAT Sporty CBS,15000.0
JASA PASANG 20000,BeAT Sporty DLX Smart Key,20000.0
JASA PASANG 15000,ALL NEW SCOOPY SPORTY,15000.0
LCR CHECK,BeAT Street,0.0
PAKET CEBAN,REVO SPOKE,10000.0
PAKET CEBAN,BEAT SPORTY CW,10000.0
SERVICE PAKET LENGKAP,BeAT Sporty CBS,101000.0
JASA PASANG 20000,SCOOPY FI,20000.0
PEMERIKSAAN LAIN - LAIN,SCOOPY FI,0.0
PENGGANTIAN OLI MESIN,BEAT FI CW,6000.0
SERVIS PAKET LENGKAP PERAWATAN PLUS,NEW VARIO 150,133000.0
JASA PASANG 5000,BEAT FI CW,5000.0
PENGGANTIAN OLI GARDAN,SCOOPY FI,5000.0
PERBAIKAN SPEDOMETER,SCOOPY FI,35000.0
JASA PASANG 50000,SCOOPY FI,50000.0
PAKET CEBAN,PCX 160 CBS,10000.0
SERVIS PAKET LENGKAP PERAWATAN,BEAT FI SW,85000.0
JASA PASANG 20000,NEW PCX 150 CBS,20000.0
PENGGANTIAN OLI GARDAN,BEAT SPORTY CW,5000.0
JASA PASANG 90000,BEAT SPORTY CW,90000.0
PENGGANTIAN OLI GARDAN,NEW BEAT CAST WHEEL,10000.0
PENGGANTIAN OLI MESIN,NEW BEAT CAST WHEEL,10000.0
SERVIS PAKET LENGKAP PERAWATAN,NEW BEAT CAST WHEEL,90000.0
PENGGANTIAN SARINGAN UDARA,NEW BEAT CAST WHEEL,15000.0
PENGGANTIAN BUSI,NEW BEAT CAST WHEEL,10000.0
PERBAIKAN KUNCI SET,ALL NEW SCOOPY STYLISH,50000.0
PAKET CEBAN,BEAT CW FI MMC,10000.0
PAKET CEBAN,BEAT SW FI MMC,10000.0
KPB 2,SCOOPY FASHION,0.0
JASA PASANG 5000,BEAT SPORTY CBS ISS,5000.0
PAKET CEBAN,BEAT SPORTY CBS ISS,10000.0
PEMERIKSAAN KELISTRIKAN,NEW BEAT CAST WHEEL,75000.0
KPB 4,BEAT SPORTY CBS,0.0
PENGGANTIAN CVT,NEW VARIO TECHNO PGM FI,70000.0
PAKET PEMBERSIHAN CVT,BEAT SPORTY CW,35000.0
PAKET CEBAN,NEW SUPRA X 125 CW FI MMC,10000.0
KPB 2,VARIO 125 CBS,0.0
SERVIS PAKET LENGKAP PERAWATAN,BeAT Sporty CBS ISS Deluxe,100000.0
PENGGANTIAN OLI GARDAN,BEAT CW FI MMC,5000.0
SERVIS PAKET LENGKAP PERAWATAN,NEW SCOOPY FASHION,95000.0
JASA PASANG 5000,BLADE,5000.0
SERVIS PAKET LENGKAP PERAWATAN PLUS,BEAT SPORTY CW,85000.0
PENGGANTIAN OLI GARDAN,ADV150 ABS,0.0
SERVIS PAKET LENGKAP PERAWATAN,ADV150 ABS,155000.0
SERVIS PAKET LENGKAP PERAWATAN,BLADE,75000.0
SERVIS PAKET LENGKAP PERAWATAN,SCOOPY FI,90000.0
PENGGANTIAN OLI MESIN,SCOOPY FI,5000.0
SERVIS PAKET LENGKAP PERAWATAN,BeAT Sporty CBS,95000.0
KPB 1,SCOOPY PRESTIGE,0.0
PERBAIKAN STANG,BeAT Sporty CBS,30000.0
PERBAIKAN BOHLAM LAMPU DEPAN / SOCKET ,BEAT SPORTY CW,25000.0
PAKET CEBAN,VARIO TECHNO 125 CBS ISS,10000.0
LCR CHECK,NEW SCOOPY STYLISH,0.0
JASA PASANG 2000,SPACY CW HELM IN FI,2000.0
PAKET CEBAN,NEW BEAT CAST WHEEL,10000.0
PAKET CEBAN,BEAT,10000.0
SERVIS PAKET LENGKAP PERAWATAN,BeAT Street,65000.0
PAKET CEBAN,NEW SUPRA X 125 FI CW,10000.0
PENGGANTIAN BAN BELAKANG,VARIO TECHNO 125 FI ISS,20000.0
BONGKAR KEPALA,BEAT SPORTY CBS ISS,280000.0
PAKET CEBAN,BEAT FI CBS,10000.0
PENGGANTIAN BEARING BELAKANG,CB150R STREETFIRE,15000.0
PENGGANTIAN BAN BELAKANG,BEAT SPORTY CW,15000.0
PAKET CEBAN,NEW VARIO 125 CBS ISS,10000.0
PEMERIKSAAN KELISTRIKAN,PCX 160 CBS,50000.0
PAKET PEMBERSIHAN CVT,PCX 160 CBS,40000.0
PENGGANTIAN BAN BELAKANG,BEAT SPORTY CBS ISS,20000.0
PENGGANTIAN KANVAS REM BELAKANG,BEAT SPORTY CBS ISS,20000.0
PENGGANTIAN FUEL PUMP,BEAT SPORTY CBS ISS,25000.0
PENGGANTIAN RANTAI KETENG ,BEAT SPORTY CBS ISS,50000.0
PENGGANTIAN KANVAS REM DEPAN,BEAT SPORTY CBS ISS,15000.0
SERVIS PAKET LENGKAP PERAWATAN,VARIO 125 CBS ISS SP,75000.0
PENGGANTIAN OLI MESIN,VARIO 125 CBS ISS SP,0.0
PAKET CEBAN,REVO AT,10000.0
PENGGANTIAN OLI MESIN,BeAT Sporty CBS,0.0
LCR TREATMENT 1,NEW SCOOPY STYLISH,0.0
JASA CEK KILAT,PCX 160 CBS,1.0
KPB 1,VARIO 125 CBS,0.0
PAKET CEBAN,CS1,10000.0
PENGGANTIAN BUSI,NEW SCOOPY FI,0.0
JASA PASANG 15000,BEAT FI CW,15000.0
PENGGANTIAN OLI MESIN,VARIO 160 ABS,10000.0
PENGGANTIAN OLI GARDAN / OIL FINAL GEAR,VARIO 160 ABS,5000.0
JASA PASANG 5000,NEW CBR 150R STD,5000.0
PENGGANTIAN OLI MESIN,BLADE,0.0
SERVIS PAKET LENGKAP PERAWATAN PLUS,NEW PCX 150 CBS,233000.0
PAKET CEBAN,NEW VARIO 125 CBS,10000.0
KPB 2,SCOOPY PRESTIGE,0.0
JASA PASANG 40000,REVO 110 CAST WHEEL,40000.0
PENGGANTIAN SARINGAN UDARA,BEAT SPORTY CW,10000.0
PENGGANTIAN BUSI,BEAT SPORTY CW,15000.0
JASA PASANG 30000,BeAT Sporty CBS ISS Deluxe,30000.0
PERBAIKAN KANVAS REM DEPAN,BEAT CBS FI MMC,25000.0
CVT,SPACY CW HELM IN FI,80000.0
PAKET CEBAN,BEAT POP CW,10000.0
PAKET SIAP MUDIK 2025,STYLO 160 CBS,50000.0
SERVIS PAKET LENGKAP PERAWATAN,VARIO 160 CBS,109000.0
PENGGANTIAN OLI MESIN,NEW MEGA PRO CW,0.0
PENGGANTIAN KANVAS REM BELAKANG,BeAT Street,35000.0
PAKET CEBAN,VARIO CAST WHEEL,10000.0
PENGGANTIAN OLI MESIN,NEW PCX 150 CBS,3000.0
PAKET CEBAN,CB150R STREETFIRE,10000.0
JASA PASANG 10000,PCX 160 ABS,10000.0
PENGGANTIAN OLI MESIN,PCX 160 ABS,0.0
PENGGANTIAN KANVAS REM BELAKANG,VARIO TECHNO 125 CBS ISS,20000.0
SERVIS PAKET LENGKAP PERAWATAN,SCOOPY ESP,80000.0
KPB 2,BeAT Sporty CBS,0.0
PEMERIKSAAN KELISTRIKAN,GENIO CBS,75000.0
KPB 1,PCX 160 CBS,0.0
PAKET PEMBERSIHAN CVT,VARIO 125 CBS ISS SP,15000.0
SERVIS PAKET LENGKAP PERAWATAN PLUS,VARIO 125 CBS ISS SP,78000.0
JASA PASANG 50000,ALL NEW SONIC 150 R,50000.0
PAKET GOCENG,NEW VARIO 150,5000.0
PENGGANTIAN BELT DRIVE / ROLLER,NEW BEAT CAST WHEEL,50000.0
PENGGANTIAN KANVAS REM BELAKANG,PCX,50000.0
JASA PASANG 5000,BEAT STREET CBS,5000.0
PERBAIKAN COM STEER,REVO CW FI,20000.0
PAKET GOCENG,SUPRA X 125 R DD,5000.0
JASA PASANG 25000,BEAT FI CW,25000.0
PAKET PEMBERSIHAN CVT,BEAT FI CBS,50000.0
PENGGANTIAN SARINGAN UDARA,BEAT SPORTY CBS ISS,20000.0
SERVIS PAKET LENGKAP PERAWATAN,VARIO 125 CBS,90000.0
JASA PASANG 30000,SCOOPY ESP,30000.0
PAKET CEBAN,SPACY CW HELM IN FI,10000.0
JASA PASANG 55000,VARIO 110 CBS ISS,55000.0
PAKET INJECTOR CLEANER,BEAT SPORTY CW,45000.0
JASA PASANG 225000,BEAT SPORTY CW,225000.0
JASA PASANG 100000,BEAT SPORTY CW,100000.0
JASA PASANG 50000,BEAT SPORTY CW,50000.0
BONGKAR KEPALA,BEAT SPORTY CW,200000.0
JASA PASANG 70000,BEAT SPORTY CW,70000.0
GANTI OLI PLUS PENGGANTIAN,BEAT SPORTY CBS ISS,0.0
PAKET CEBAN,VARIO 150,10000.0
PAKET CEBAN,NEW PCX 150 ABS,10000.0
PAKET RESET FI,VARIO 150,35000.0
SERVIS PAKET LENGKAP PERAWATAN,NEW VARIO 125 CBS,95000.0
SERVIS PAKET LENGKAP PERAWATAN PLUS,TIGER CAST WHEEL,95000.0
KPB 3,BEAT STREET,0.0
KPB 2,STYLO 160 CBS,0.0
SERVIS PAKET LENGKAP PERAWATAN PLUS,NEW SCOOPY PRESTIGE,140000.0
PERBAIKAN CVT,ADV150 CBS,55000.0
PENGGANTIAN OLI GARDAN,VARIO 150,5000.0
JASA CEK KILAT,VARIO 125 CBS ISS,1.0
KPB 1,VARIO 125 CBS ISS,0.0
BONGKAR GARDAN,BEAT SPORTY CW,85000.0
PEMERIKSAAN KELISTRIKAN,BEAT FI CBS,50000.0
SERVIS PAKET CVT PLUS,VARIO 150,45000.0
JASA PASANG 35000,BEAT FI CW,35000.0
PENGGANTIAN BUSI,VARIO TECHNO 125 FI CBS,0.0
PENGGANTIAN OLI GARDAN,ALL NEW SCOOPY SPORTY,0.0
JASA PASANG 150000,ALL NEW SCOOPY SPORTY,150000.0
JASA PASANG 45000,VARIO CAST WHEEL,45000.0
KPB 3,VARIO 125 CBS ISS,0.0
KPB 1,BEAT STREET,0.0
PENGGANTIAN OLI GARDAN,VARIO 125 CBS ISS SP,5000.0
PENGGANTIAN BAN DEPAN,BEAT SPORTY CBS,15000.0
SERVIS PAKET LENGKAP PERAWATAN,Beat Sporty,90000.0
KPB 1,SCOOPY ENERGETIC,0.0
SERVIS PAKET LENGKAP PERAWATAN,VARIO 150,100000.0
PENGGANTIAN OLI GARDAN,BeAT Sporty CBS,5000.0
PAKET CEBAN,REVO 110 CAST WHEEL,10000.0
JASA PASANG 30000,BEAT FI CW,30000.0
PENGGANTIAN OLI MESIN,BEAT SPORTY CBS,6000.0
JASA PASANG 5000,VARIO 150,5000.0
JASA PASANG 10000,NEW CB150R STREETFIRE,10000.0
SPECIAL MATIC 50K,VARIO 160 ABS,50000.0
SERVIS PAKET RINGAN PERAWATAN,VARIO 125 CBS ISS,50000.0
PENGGANTIAN OLI MESIN,NEW VARIO TECHNO PGM FI,0.0
SERVIS PAKET RINGAN PERAWATAN,CRF1100,434000.0
PENGGANTIAN OLI MESIN,NEW SCOOPY PRESTIGE,0.0
SERVIS PAKET LENGKAP PERAWATAN PLUS,SUPRA X 125 R DD,80000.0
JASA PASANG 20000,ALL NEW SCOOPY STYLISH,20000.0
PAKET GOCENG,ALL NEW SCOOPY STYLISH,5000.0
JASA PASANG 5000,VARIO TECHNO NON CBS,5000.0
PEMERIKSAAN KELISTRIKAN,VARIO ESP CBS ISS ADV MMC,50000.0
PENGGANTIAN CVT,NEW BEAT CAST WHEEL,60000.0
KPB 4,NEW SCOOPY SPORTY,0.0
JASA PASANG 25000,BEAT STREET CBS,25000.0
SERVIS PAKET CVT PLUS,BEAT SPORTY CBS ISS,39000.0
JASA PASANG 45000,VARIO 125 CBS ISS,45000.0
PAKET CEBAN,NEW VARIO 150,10000.0
JASA PASANG 50000,VARIO 125 CBS ISS,50000.0
SERVIS PAKET CVT PLUS,BeAT Street,50000.0
PENGGANTIAN OLI MESIN,VARIO TECHNO 125 FI CBS,6000.0
PENGGANTIAN OLI MESIN,VARIO 125 CBS MMC,5000.0
SERVIS PAKET CVT PLUS,VARIO 125 CBS,50000.0
JASA PASANG 60000,VARIO 125 CBS,60000.0
PAKET PEMBERSIHAN CVT,BEAT STREET CBS,30000.0
SERVIS PAKET RINGAN PERAWATAN,VARIO 150,80000.0
PERBAIKAN COM STEER,VARIO 150,100000.0
SERVIS PAKET LENGKAP PERAWATAN,GENIO CBS ISS,85000.0
PAKET PEMBERSIHAN CVT,GENIO CBS ISS,25000.0
PENGGANTIAN OLI MESIN,BEAT FI CBS,5000.0
JASA PASANG 55000,ALL NEW CBR 150R,55000.0
SERVIS PAKET LENGKAP PERAWATAN PLUS,BEAT SPORTY CBS,75000.0
JASA PASANG 35000,BEAT SPORTY CW,35000.0
PENGGANTIAN COM STEER,NEW BEAT CAST WHEEL,85000.0
SERVIS PAKET CVT PLUS,BEAT STREET CBS,39000.0
PAKET CEBAN,VARIO TECHNO,10000.0
JASA PASANG 5000,REVO,5000.0
SERVIS PAKET RINGAN PERAWATAN,NEW PCX 150 CBS,128000.0
PAKET CEBAN,PCX 160 ABS,10000.0
PERBAIKAN BOHLAM SOCKET HEADLIGHT,VARIO 125 CBS-ISS MMC,15000.0
JASA PASANG 75000,SUPRA X,75000.0
PAKET PEMBERSIHAN CVT,VARIO 125 CBS ISS,50000.0
SERVIS PAKET LENGKAP PERAWATAN PLUS,ADV150 CBS,170000.0
JASA PASANG 35000,NEW PCX 150 ABS,35000.0
KPB 2,NEW SCOOPY STYLISH,0.0
LCR TREATMENT 1,VARIO 160 CBS,0.0
JASA PASANG 25000,ALL NEW CBR 150R,25000.0
PAKET CEBAN,VARIO FI,10000.0
SERVIS PAKET LENGKAP PERAWATAN,NEW SCOOPY STYLISH,100000.0
PENGGANTIAN KANVAS REM DEPAN,CB150R STREETFIRE,25000.0
JASA PASANG 25000,CB150R STREETFIRE,25000.0
PEMERIKSAAN KELISTRIKAN,REVO,200000.0
JASA PASANG 85000,BeAT Sporty CBS ISS Deluxe,85000.0
SERVIS PAKET LENGKAP PERAWATAN PLUS,PCX 160 CBS,140000.0
PEMERIKSAAN LAIN - LAIN,PCX 160 CBS,0.0
KPB 2,ADV 160 ABS,0.0
SERVIS PAKET CVT PLUS,BEAT SPORTY CW,50000.0
PENGGANTIAN GEAR SET ( DRIVE CHAIN KIT ),BEAT SPORTY CW,25000.0
SERVIS PAKET CVT PLUS,PCX 160 CBS,50000.0
JASA PASANG 15000,SCOOPY ESP,15000.0
KPB 1,SCOOPY FASHION,0.0
PENGGANTIAN OLI MESIN,VARIO 125 CBS ISS,7500.0
PENGGANTIAN COM STEER,BEAT SPORTY CW,80000.0
PENGGANTIAN BEARING DEPAN,BEAT SPORTY CW,30000.0
SERVIS PAKET LENGKAP PERAWATAN,NEW VARIO,95000.0
PENGGANTIAN CVT,NEW VARIO,50000.0
SERVIS PAKET RINGAN PERAWATAN,SUPRA X 125 R DD,90000.0
PAKET CEBAN,VARIO 150 MMC,10000.0
PENGGANTIAN SARINGAN UDARA,NEW SCOOPY STYLISH,6300.0
PENGGANTIAN BUSI,NEW SCOOPY STYLISH,6300.0
PENGGANTIAN OLI GARDAN,NEW SCOOPY STYLISH,6300.0
PENGGANTIAN OLI MESIN,NEW SCOOPY STYLISH,8000.0
JASA PASANG 30000,NEW PCX 150 ABS,30000.0
PAKET GOCENG,CB150R STREETFIRE,5000.0
SERVIS PAKET LENGKAP PERAWATAN PLUS,VARIO FI,85000.0
SERVIS PAKET LENGKAP PERAWATAN PLUS,BEAT FI CW,130000.0
SERVIS PAKET LENGKAP PERAWATAN PLUS,BEAT POP ESP CW PIXEL,74700.0
SERVIS PAKET LENGKAP PERAWATAN,VARIO 150 MMC,140000.0
PERBAIKAN COM STEER,BEAT STREET CBS,25000.0
SERVIS PAKET LENGKAP PERAWATAN,BEAT,75000.0
PENGGANTIAN OLI MESIN,BEAT,0.0
PENGGANTIAN AKI,SCOOPY ESP,0.0
PAKET SERVIS SILVER,NEW VARIO 150,40000.0
KPB 4,BeAT Street,0.0
LCR CHECK,VARIO 160 CBS,0.0
PERBAIKAN KANVAS REM BELAKANG,BEAT SPORTY CW,20000.0
KPB 1,PCX160 CBS,0.0
PENGGANTIAN OLI MESIN,REVO CW,5000.0
PENGGANTIAN BAN BELAKANG,VARIO 150 SPORTY,35000.0
JASA PASANG 35000,NEW SCOOPY PRESTIGE,35000.0
PENGGANTIAN OLI MESIN,VARIO 150,0.0
SERVIS PAKET LENGKAP PERAWATAN,ALL NEW SCOOPY SPORTY,75000.0
KPB 1,BeAT Sporty CBS ISS Deluxe,0.0
PAKET SERVIS SILVER,BEAT SPORTY CW,60000.0
PAKET GOCENG,TIGER CAST WHEEL,5000.0
SERVIS PAKET LENGKAP PERAWATAN PLUS,SCOOPY ESP,75000.0
PAKET PEMBERSIHAN CVT,NEW VARIO 125 CBS ISS,15000.0
SERVIS PAKET LENGKAP PERAWATAN,NEW VARIO 125 CBS ISS,73000.0
JASA PASANG 20000,NEW BLADE 125 FI R,20000.0
JASA PASANG 5000,NEW PCX 150 CBS,5000.0
JASA PASANG 10000,ALL NEW SCOOPY STYLISH,10000.0
JASA PASANG 5000,SUPRA X 125 R DD,5000.0
PENGGANTIAN BEARING DEPAN,ALL NEW SCOOPY STYLISH,25000.0
PENGGANTIAN MINYAK REM,ALL NEW SCOOPY STYLISH,30000.0
SERVICE LENGKAP,BEAT SPORTY CBS ISS,122000.0
JASA PASANG 5000,BEAT POP ESP CW,2000.0
PEMERIKSAAN KELISTRIKAN,VARIO 150,40000.0
PAKET KURAS TANGKI,SCOOPY ESP,25000.0
JASA PASANG 5000,BEAT STREET,4500.0
SERVIS PAKET LENGKAP PERAWATAN PLUS,NEW VARIO ESP CBS ADVANCE,150000.0
KPB 3,BeAT Sporty DLX Smart Key,0.0
PAKET CEBAN,NEW VARIO ESP CBS ADVANCE,10000.0
JASA PASANG 30000,BeAT Sporty CBS,30000.0
SERVIS PAKET LENGKAP PERAWATAN,NEW PCX 150 CBS,140000.0
PENGGANTIAN BAN BELAKANG,BEAT STREET CBS,20000.0
PENGGANTIAN OLI GARDAN,BEAT STREET CBS,5000.0
SERVIS PAKET LENGKAP PERAWATAN PLUS,BEAT,95000.0
JASA PASANG 5000,SONIC 150R,5000.0
PAKET PEMBERSIHAN CVT,NEW PCX 150 CBS,75000.0
PENGGANTIAN OLI MESIN,PCX 160 CBS,5000.0
PENGGANTIAN AKI,BEAT SPORTY CW,15000.0
SERVIS PAKET RINGAN PERAWATAN,CRF150L,100000.0
PAKET PEMBERSIHAN CVT,VARIO 110 CBS,30000.0
SERVIS PAKET LENGKAP PERAWATAN PLUS,PCX 160 ABS,128000.0
PERBAIKAN CVT,VARIO TECHNO 125 CBS ISS,60000.0
KPB 3,CBR 150R STD,0.0
JASA PASANG 50000,NEW PCX 150 CBS,50000.0
PENGGANTIAN SARINGAN UDARA,BeAT Sporty CBS ISS Deluxe,5000.0
PENGGANTIAN BUSI,BeAT Sporty CBS ISS Deluxe,10000.0
PENGGANTIAN OLI GARDAN,BeAT Sporty CBS ISS Deluxe,5000.0
JASA PASANG 55000,VARIO 125 CBS,55000.0
SERVIS PAKET LENGKAP PERAWATAN,VARIO FI,122000.0
PERBAIKAN COM STEER,ALL NEW SCOOPY SPORTY,15000.0
PEMERIKSAAN KELISTRIKAN,PCX,200000.0
JASA PASANG 25000,NEW SUPRA X 125 FI CW,25000.0
PAKET CEBAN,Beat Sporty,10000.0
JASA PASANG 50000,CB500X,50000.0
PENGGANTIAN OLI MESIN,ALL NEW SCOOPY STYLISH,7000.0
KPB 3,BeAT Sporty CBS,0.0
PAKET PEMBERSIHAN CVT,ALL NEW SCOOPY SPORTY,15000.0
PAKET PEMBERSIHAN CVT,SPACY CW HELM IN FI,35000.0
PERBAIKAN KANVAS REM BELAKANG,BeAT Sporty CBS,15000.0
PENGGANTIAN KANVAS REM DEPAN,BeAT Sporty CBS,30000.0
JASA PASANG 25000,VARIO 125 CBS ISS,25000.0
PAKET SPESIAL SERVIS MOTOR 2018,BEAT POP ESP CBS-ISS,90000.0
JASA PASANG 15000,BEAT SPORTY CBS,15000.0
SERVIS PAKET LENGKAP PERAWATAN,BEAT FI CW,85000.0
JASA PASANG 5000,SCOOPY FI,5000.0
JASA PASANG 5000,NEW VARIO 125 CBS,5000.0
JASA PASANG 10000,VARIO TECHNO,10000.0
PENGGANTIAN OLI MESIN,VARIO TECHNO,2000.0
SERVIS PAKET LENGKAP PERAWATAN PLUS,NEW VARIO 125 CBS,130000.0
PENGGANTIAN OLI MESIN,REVO 110 CAST WHEEL,5000.0
SERVIS PAKET CVT PLUS,ADV150 CBS,50000.0
PENGGANTIAN KANVAS REM DEPAN,ALL NEW SCOOPY PLAYFUL,27000.0
PENGGANTIAN KANVAS REM BELAKANG,ALL NEW SCOOPY PLAYFUL,27000.0
SERVIS PAKET LENGKAP PERAWATAN,REVO FIT,75000.0
JASA PASANG 5000,SUPRA FIT,5000.0
SERVIS PAKET LENGKAP PERAWATAN PLUS,VARIO 150,98000.0
SERVIS PAKET LENGKAP PERAWATAN,NEW PCX 150 ABS,105000.0
PENGGANTIAN OLI MESIN,VARIO 160 CBS,0.0
SERVIS PAKET LENGKAP PERAWATAN PLUS,BeAT Sporty CBS,70000.0
PENGGANTIAN OLI MESIN,PCX160 CBS,12000.0
PAKET CEBAN,ALL NEW SCOOPY SPORTY,10000.0
SERVIS PAKET LENGKAP PERAWATAN PLUS,SUPRA X 125 CW MMC,80000.0
JASA PASANG 300000,BeAT Sporty CBS ISS Deluxe,300000.0
PERBAIKAN KANVAS REM BELAKANG,BeAT Sporty CBS ISS Deluxe,25000.0
SERVIS PAKET RINGAN PERAWATAN,NEW BEAT CAST WHEEL,85000.0
PENGGANTIAN OLI MESIN,REVO X,2000.0
JASA PASANG 50000,SUPRA X 125 CW MMC,50000.0
PENGGANTIAN OLI GARDAN,SPACY CW HELM IN,3000.0
PENGGANTIAN OLI MESIN,SPACY CW HELM IN,3000.0
SERVIS PAKET LENGKAP PERAWATAN,GENIO CBS,90000.0
PENGGANTIAN BAN BELAKANG,BeAT Sporty CBS ISS Deluxe,30000.0
SERVIS PAKET LENGKAP PERAWATAN,REVO X,66400.0
JASA PASANG 50000,REVO X,50000.0
KPB 2,BEAT SPORTY DLX SMART KEY,0.0
JASA PASANG 15000,NEW VARIO 125 CBS-ISS,15000.0
JASA PASANG 25000,BEAT FI CBS,25000.0
PENGGANTIAN OLI GARDAN,ADV160 ABS,5000.0
PAKET INJECTOR CLEANER,SUPRA X 125 CW,25000.0
PENGGANTIAN KANVAS REM DEPAN,SUPRA X 125 CW,15000.0
PAKET GOCENG,VARIO ESP CBS MMC,5000.0
JASA PASANG 10000,VARIO TECHNO 125 CBS ISS,10000.0
JASA PASANG 5000,ADV150 CBS,5000.0
KPB 3,CB150 VERZA CW,0.0
KPB 2,VARIO 160 ABS,0.0
KPB 2,BEAT SPORTY CBS ISS DELUXE,0.0
JASA PASANG 5000,BEAT FI CBS,5000.0
PENGGANTIAN OLI MESIN,REVO SW FI,10000.0
PAKET PEMBERSIHAN CVT,VARIO TECHNO 125 FI ISS,60000.0
SERVIS PAKET RINGAN PERAWATAN,VARIO TECHNO NON CBS,88000.0
KPB 2,BeAT Street,0.0
PENGGANTIAN KANVAS REM DEPAN,BeAT Sporty CBS ISS Deluxe,25000.0
BONGKAR CVT,BeAT Sporty CBS ISS Deluxe,60000.0
PAKET GOCENG,NEW VARIO TECHNO PGM FI,5000.0
SERVIS PAKET CVT PLUS,BEAT,50000.0
PAKET PEMBERSIHAN CVT,SCOOPY ESP,30000.0
JASA PASANG 40000,VARIO 150,35000.0
JASA PASANG 35000,VARIO 150,35000.0
JASA PASANG 20000,VARIO 125 CBS,20000.0
PENGGANTIAN KANVAS REM DEPAN,NEW PCX 150 ABS,13500.0
KPB 2,ADV 160 CBS,0.0
JASA PASANG 45000,NEW VARIO TECHNO PGM FI,45000.0
PENGGANTIAN OLI GARDAN,VARIO TECHNO 125 FI CBS,6000.0
PERBAIKAN STANDAR TENGAH,BEAT SPORTY CW,30000.0
SPECIAL MATIC 39K,VARIO 125 CBS,39000.0
SERVIS PAKET LENGKAP PERAWATAN,REVO 110 SPOKE WHEEL,90000.0
SERVIS PAKET LENGKAP PERAWATAN,NEW SCOOPY SPORTY,85000.0
LCR CHECK,NEW SCOOPY SPORTY,0.0
JASA PASANG 25000,NEW SCOOPY PRESTIGE,25000.0
SERVIS PAKET LENGKAP PERAWATAN PLUS,BEAT SPORTY CBS ISS,130000.0
PAKET INJECTOR CLEANER,BeAT Sporty CBS,40000.0
JASA PASANG 80000,BEAT SPORTY CBS ISS,80000.0
JASA PASANG 95000,BEAT SPORTY CBS ISS,95000.0
KPB 1,BEAT SPORTY CBS ISS DELUXE,0.0
PENGGANTIAN SARINGAN UDARA,VARIO TECHNO 125 FI ISS,5000.0
PENGGANTIAN OLI MESIN,VARIO TECHNO 125 FI ISS,5000.0
PENGGANTIAN BUSI,VARIO TECHNO 125 FI ISS,10000.0
SERVIS PAKET LENGKAP PERAWATAN,VARIO TECHNO 125 FI ISS,90000.0
PENGGANTIAN OLI GARDAN,VARIO TECHNO 125 FI ISS,5000.0
KPB 3,NEW VARIO 125 CBS-ISS,0.0
JASA PASANG 5000,VARIO 150 MMC,5000.0
JASA PASANG 5000,BEAT SPORTY CW,5000.0
SERVIS PAKET LENGKAP PERAWATAN PLUS,VARIO 125 CBS,90000.0
JASA PASANG 20000,VARIO 150,20000.0
CEK AJA DULU,BEAT STREET CBS,0.0
GANTI OLI PLUS PENGGANTIAN,BEAT SPORTY CW,5000.0
PERBAIKAN COM STEER,VARIO 125 CBS,25000.0
SERVIS PAKET CVT PLUS,SCOOPY ESP,50000.0
PENGGANTIAN OLI MESIN,ADV160 CBS,0.0
SERVIS PAKET LENGKAP PERAWATAN,ADV160 CBS,0.0
PAKET SIAP MUDIK 2025,PCX,50000.0
SERVIS PAKET RINGAN PERAWATAN,ALL NEW SCOOPY STYLISH,35000.0
JASA PASANG 10000,NEW PCX 150 CBS,10000.0
JASA PASANG 35000,NEW PCX 150 CBS,35000.0
PAKET RESET FI,SUPRA X 125 CW MMC,25000.0
KPB 2,BeAT Sporty CBS ISS Deluxe,0.0
PERBAIKAN KABEL REM BELAKANG,ALL NEW SCOOPY STYLISH,55000.0
SERVIS PAKET LENGKAP PERAWATAN,VARIO TECHNO 125 FI CBS,90000.0
KPB 3,BEAT SPORTY CBS ISS DELUXE,0.0
SERVIS PAKET LENGKAP PERAWATAN,REVO CW FI,65000.0
PERBAIKAN KUNCI SET,BEAT SPORTY CW,30000.0
PEMERIKSAAN KELISTRIKAN,VARIO 125 CBS ISS,30000.0
SERVIS PAKET LENGKAP PERAWATAN,GENIO CBS ISS SE,95000.0
SPECIAL MATIC 50K,ADV160 ABS,50000.0
PAKET KURAS TANGKI,BEAT SPORTY CBS ISS,25000.0
SERVIS PAKET RINGAN PERAWATAN,REVO,65000.0
SERVIS PAKET LENGKAP PERAWATAN,BLADE S,70000.0
PENGGANTIAN OLI MESIN,BLADE S,0.0
PENGGANTIAN AKI,BEAT STREET,10000.0
PENGGANTIAN OLI GARDAN,PCX 160 CBS,5000.0
JASA PASANG 110000,PCX 160 CBS,110000.0
JASA PASANG 10000,VARIO 125 CBS-ISS MMC,10000.0
PAKET PEMBERSIHAN CVT,VARIO 150,70000.0
PENGGANTIAN COVER HANDLE GETAR,BEAT SPORTY CW,25000.0
SERVIS PAKET LENGKAP PERAWATAN,SUPRA X 125 PGM FI CW,85000.0
PENGGANTIAN OLI MESIN,SUPRA X 125 PGM FI CW,5000.0
JASA PASANG 25000,BEAT STREET,25000.0
PAKET CEBAN,PCX,10000.0
PAKET CEBAN,ALL NEW SONIC 150 R,10000.0
SERVIS PAKET LENGKAP PERAWATAN,PCX 160 ABS,130000.0
SERVIS PAKET RINGAN PERAWATAN,ALL NEW SCOOPY SPORTY,75000.0
PENGGANTIAN OLI GARDAN,BEAT SPORTY CBS ISS,0.0
PENGGANTIAN BUSI,BEAT SPORTY CBS ISS,0.0
PENGGANTIAN BUSI,BeAT Sporty CBS,0.0
PENGGANTIAN SARINGAN UDARA,BeAT Sporty CBS,0.0
JASA PASANG 5000,SCOOPY ESP,5000.0
PENGGANTIAN OLI MESIN,SCOOPY ESP,5000.0
PERBAIKAN COM STEER,BEAT SPORTY CW,20000.0
SERVIS PAKET LENGKAP PERAWATAN,VARIO TECHNO,90000.0
PAKET CEBAN,SCOOPY ESP,10000.0
JASA PASANG 250000,VARIO 125 CBS,250000.0
SERVIS PAKET RINGAN PERAWATAN,BEAT SPORTY CBS,75000.0
JASA PASANG 35000,NEW VARIO 125 CBS,35000.0
PAKET RESET FI,BEAT SPORTY CBS ISS,35000.0
PENGGANTIAN AKI,BEAT FI CW,5000.0
PAKET KURAS TANGKI,NEW VARIO 125 CBS,75000.0
JASA PASANG 265000,VARIO 125 CBS ISS,265000.0
PENGGANTIAN KANVAS REM BELAKANG,ALL NEW SCOOPY SPORTY,20000.0
JASA PASANG 40000,ALL NEW SCOOPY SPORTY,40000.0
PENGGANTIAN KANVAS REM DEPAN,ALL NEW SCOOPY SPORTY,20000.0
PENGGANTIAN OLI MESIN,ALL NEW SCOOPY SPORTY,0.0
JASA PASANG 50000,VARIO CAST WHEEL,50000.0
PAKET INJECTOR CLEANER,NEW CB150R STREETFIRE,50000.0
LCR TREATMENT 1,NEW SCOOPY FASHION,0.0
PROMO MERDEKA 1,BEAT FI CW,0.0
PAKET CEBAN,NEW MEGA PRO CW,10000.0
KPB 2,BeAT Sporty DLX Smart Key,0.0
SERVIS PAKET LENGKAP PERAWATAN PLUS,BeAT Sporty CBS ISS Deluxe,56250.0
PENGGANTIAN KANVAS REM BELAKANG,SCOOPY FI,25000.0
SERVIS PAKET RINGAN PERAWATAN,SCOOPY FI,90000.0
KPB 1,ADV 160 CBS,0.0
PENGGANTIAN KANVAS KOPLING,BeAT Sporty CBS ISS Deluxe,50000.0
PENGGANTIAN BOHLAM LAMPU DEPAN / SOCKET ,BEAT SPORTY CBS,19500.0
SERVIS PAKET LENGKAP PERAWATAN PLUS,CBR 150R,128650.0
PAKET GOCENG,NEW BEAT CAST WHEEL,5000.0
SERVIS PAKET CVT PLUS,ALL NEW SCOOPY STYLISH,50000.0
PENGGANTIAN OLI MESIN,STYLO 160 CBS,2000.0
PENGGANTIAN OLI SHOCKBREAKER,VARIO 160 CBS,60000.0
SERVIS PAKET LENGKAP PERAWATAN PLUS,SONIC 150R,100000.0
SERVIS PAKET LENGKAP PERAWATAN PLUS,NEW SCOOPY FASHION,90000.0
PEMERIKSAAN KELISTRIKAN,NEW VARIO 150,50000.0
KPB 4,SCOOPY PRESTIGE,0.0
PENGGANTIAN BAN BELAKANG,ADV160 ABS,0.0
KPB 2,BEAT STREET,0.0
KPB 4,BEAT SPORTY DLX SMART KEY,0.0
SERVIS PAKET LENGKAP PERAWATAN,New Supra GTR150 Exclusive,125000.0
PERBAIKAN BAN DEPAN,PCX 160 CBS,30000.0
GANTI LAMPU REM,VARIO 125 CBS,10000.0
JASA PASANG 60000,BeAT Street,60000.0
PEMERIKSAAN LAIN - LAIN,VARIO 160 CBS,0.0
PAKET CEBAN,ALL NEW SCOOPY STYLISH,10000.0
LCR TREATMENT 1,NEW SCOOPY SPORTY,0.0
PENGGANTIAN OLI MESIN,SUPRA X 125 HELM IN FI,0.0
SERVIS PAKET LENGKAP PERAWATAN,SUPRA X 125 HELM IN FI,70000.0
PEMERIKSAAN KELISTRIKAN,REVO FIT FI,50000.0
SERVIS PAKET RINGAN PERAWATAN,REVO FIT FI,65000.0
SERVIS PAKET LENGKAP PERAWATAN PLUS,ALL NEW SCOOPY STYLISH,70000.0
PAKET KURAS TANGKI,VARIO 150,75000.0
PENGGANTIAN KANVAS REM BELAKANG,NEW VARIO TECHNO PGM FI,45000.0
SERVIS PAKET LENGKAP PERAWATAN PLUS,VARIO 150 MMC,93000.0
PENGGANTIAN OLI MESIN,VARIO 150 MMC,1000.0
PENGGANTIAN LAMPU REM,VARIO 150,10000.0
JASA PASANG 15000,BEAT SPORTY CBS ISS,15000.0
JASA PASANG 5000,BEAT SPORTY CBS,0.0
SERVIS PAKET LENGKAP PERAWATAN PLUS,VARIO 125 CBS MMC,130000.0
SERVIS PAKET LENGKAP PERAWATAN,TIGER CAST WHEEL,75000.0
GANTI BOHLAM KM,TIGER CAST WHEEL,8000.0
PENGGANTIAN INJECTOR,VARIO 125 CBS MMC,50000.0
JASA PASANG 35000,BEAT STREET CBS,35000.0
PENGGANTIAN OLI MESIN,NEW VARIO 150,0.0
SPECIAL MATIC 50K,NEW VARIO 150,50000.0
PENGGANTIAN OLI GARDAN,VARIO 110 CBS ISS,5000.0
KPB 1,ADV160 ABS,0.0
JASA PASANG 5000,NEW VARIO 150,5000.0
SERVIS PAKET RINGAN PERAWATAN,VARIO 125 CBS,59500.0
PENGGANTIAN RADIATOR COOLANT,VARIO 125 CBS ISS,36000.0
PENGGANTIAN BOHLAM LAMPU DEPAN / SOCKET ,REVO CW FI,20000.0
CEK AJA DULU,VARIO 125 CBS,1000.0
JASA PASANG 5000,NEW VARIO ESP CBS ADVANCE,5000.0
JASA PASANG 45000,BEAT STREET CBS,45000.0
SERVIS PAKET LENGKAP PERAWATAN,SUPRA X 125 CW MMC,75000.0
PERBAIKAN COM STEER,ADV160 ABS,50000.0
PERBAIKAN CVT,ADV160 ABS,60000.0
PERBAIKAN STANDAR TENGAH,ADV160 ABS,50000.0
SERVIS PAKET LENGKAP PERAWATAN,ADV160 ABS,150000.0
PENGGANTIAN KANVAS REM DEPAN,ADV160 ABS,20000.0
SERVIS PAKET RINGAN PERAWATAN,REVO 110 CAST WHEEL,65000.0
SERVIS PAKET RINGAN PERAWATAN,BeAT Sporty CBS ISS Deluxe,75000.0
KPB 3,BEAT SPORTY DLX SMART KEY,0.0
JASA PASANG 35000,SUPRA X 125 CW MMC,35000.0
JASA PASANG 10000,VARIO ESP CBS ADV MMC,1000.0
JASA PASANG 5000,PCX 150,5000.0
PAKET GOCENG,Beat Sporty,5000.0
PAKET CEBAN,REVO FIT,10000.0
SPECIAL MATIC 39K,VARIO 160 CBS,39000.0
SERVIS PAKET LENGKAP PERAWATAN,NEW SCOOPY PRESTIGE,95000.0
JASA PASANG 10000,NEW SCOOPY PRESTIGE,10000.0
JASA PASANG 30000,SCOOPY FI,30000.0
PENGGANTIAN OLI GARDAN,NEW VARIO 125 CBS,10000.0
PENGGANTIAN SARINGAN UDARA,SUPRA X 125 R DD,5000.0
SERVIS PAKET LENGKAP PERAWATAN,SUPRA X 125 R DD,85000.0
PENGGANTIAN BUSI,SUPRA X 125 R DD,10000.0
PENGGANTIAN SHOCKBREAKER DEPAN,BEAT SPORTY CW,38000.0
PENGGANTIAN OLI SHOCKBREAKER,BEAT SPORTY CW,45000.0
JASA PASANG 60000,NEW SUPRA X 125 CW FI MMC,60000.0
JASA PASANG 50000,BEAT FI CW,50000.0
PEMERIKSAAN KELISTRIKAN,VARIO 160 CBS,50000.0
PAKET PEMBERSIHAN CVT,VARIO TECHNO,30000.0
PERBAIKAN BOHLAM SOCKET HEADLIGHT,BeAT Sporty CBS ISS Deluxe,15000.0
JASA PASANG 10000,BEAT SPORTY CBS ISS,10000.0
KPB 2,SCOOPY ENERGETIC,0.0
PENGGANTIAN BEARING DEPAN,BEAT FI CW,25000.0
JASA PASANG 10000,BEAT STREET CBS,10000.0
PAKET PEMBERSIHAN CVT,NEW SCOOPY FASHION,15000.0
GANTI OLI PLUS PENGGANTIAN,BEAT SPORTY CBS,0.0
PENGGANTIAN PIRINGAN CAKRAM DEPAN,SUPRA X 125 R DD,25000.0
KPB 1,STYLO 160 ABS,0.0
PAKET KURAS OLI SHOCK,BEAT SPORTY CBS ISS,40000.0
PAKET RESET FI,CB150R STREETFIRE SPECIAL,50000.0
JASA PASANG 45000,VARIO 125 CBS,45000.0
PAKET PEMBERSIHAN CVT,REVO FIT FI,0.0
PENGGANTIAN KANVAS REM DEPAN,VARIO 125 CBS ISS,15000.0
JASA PASANG 35000,VARIO 125 CBS ISS,31000.0
SERVIS PAKET LENGKAP PERAWATAN,BEAT POP ESP CW COMIC,70000.0
PENGGANTIAN OLI GARDAN,GENIO CBS ISS,5000.0
SERVIS PAKET LENGKAP PERAWATAN,NEW SUPRA X 125 FI CW,75000.0
SERVIS PAKET LENGKAP PERAWATAN PLUS,ALL NEW SCOOPY PLAYFUL,103000.0
PENGGANTIAN MASTER REM DEPAN,VARIO CAST WHEEL,35000.0
JASA PASANG 45000,BeAT Sporty CBS ISS Deluxe,45000.0
PENGGANTIAN KANVAS REM DEPAN,VARIO TECHNO 125 FI CBS,20000.0
PAKET INJECTOR CLEANER,CB150R STREETFIRE SPECIAL,50000.0
PEMERIKSAAN LAIN - LAIN,BEAT STREET,0.0
PENGGANTIAN OLI GARDAN,NEW PCX 150 CBS,0.0
PENGGANTIAN OLI MESIN,NEW PCX 150 ABS,5000.0
GANTI OLI PLUS PENGGANTIAN,SUPRA FIT,0.0
PENGGANTIAN GEAR BOX,BEAT SPORTY CW,15000.0
PENGGANTIAN KABEL SPEEDO,BEAT SPORTY CW,20000.0
JASA PASANG 15000,PCX,15000.0
PAKET RESET FI,VARIO 125 CBS,80000.0
PAKET PEMBERSIHAN CVT,NEW VARIO 125 CBS,60000.0
PENGGANTIAN SARINGAN UDARA,VARIO 125 CBS,5000.0
JASA PASANG 30000,NEW SCOOPY PRESTIGE,30000.0
JASA PASANG 65000,NEW SCOOPY PRESTIGE,65000.0
PENGGANTIAN COM STEER,BEAT SPORTY CBS ISS,72500.0
PENGGANTIAN OLI MESIN,VARIO TECHNO 125 CBS ISS,6000.0
SPECIAL MATIC 39K,NEW VARIO 150,39000.0
PENGGANTIAN KANVAS REM DEPAN,SUPRA X 125 R DD,10000.0
PENGGANTIAN OLI SHOCKBREAKER,SUPRA X 125 R DD,40000.0
JASA PASANG 5000,NEW VARIO TECHNO PGM FI,5000.0
JASA PASANG 5000,Beat Sporty,5000.0
PAKET CEBAN,VARIO TECHNO 125 FI ISS,10000.0
PEMERIKSAAN LAIN - LAIN,NEW SCOOPY SPORTY,0.0
KPB 2,PCX160 RoadSync,0.0
SERVIS PAKET LENGKAP PERAWATAN PLUS,ALL NEW CBR150R,166000.0
PAKET INJECTOR CLEANER,VARIO 125 CBS ISS,38000.0
PAKET INJECTOR CLEANER,BeAT Sporty CBS ISS Deluxe,38000.0
PAKET CEK REM GRATIS,BEAT SPORTY CW,0.0
PAKET CEK REM GRATIS,NEW VARIO 125 CBS,0.0
SERVIS PAKET RINGAN PERAWATAN,BEAT SPORTY CW,95000.0
PENGGANTIAN KANVAS REM BELAKANG,BEAT SPORTY CW,30000.0
SERVICE LENGKAP PERAWATAN,BEAT CW FI MMC,95000.0
SERVIS PAKET LENGKAP PERAWATAN PLUS,VARIO ESP CBS MMC,110000.0
JASA PASANG 25000,SUPRA X 125 CW MMC,25000.0
SERVIS PAKET LENGKAP PERAWATAN,ALL NEW CBR150R,140000.0
KPB 3,NEW SCOOPY STYLISH,0.0
JASA PASANG 25000,BEAT SPORTY CW,25000.0
LCR TREATMENT 1,GENIO CBS ISS,0.0
JASA PASANG 10000,CBR 150R,10000.0
SERVIS PAKET CVT PLUS,BEAT SPORTY CBS,50000.0
PEMERIKSAAN LAIN - LAIN,BEAT SPORTY CW,0.0
SERVIS PAKET LENGKAP PERAWATAN PLUS,NEW VARIO ESP CBS,100000.0
PAKET GOCENG,VARIO 125 CBS,5000.0
SERVIS PAKET LENGKAP PERAWATAN PLUS,BEAT CW FI MMC,80000.0
JASA PASANG 250000,NEW VARIO 125 CBS,250000.0
SERVIS PAKET CVT PLUS,NEW VARIO ESP CBS,50000.0
PAKET RESET FI,BEAT STREET CBS,35000.0
JASA PASANG 35000,SONIC 150R MATTE BLACK,35000.0
SERVIS PAKET LENGKAP PERAWATAN,BeAT Sporty CBS ISS,90000.0
PENGGANTIAN BELT DRIVE / ROLLER,VARIO TECHNO NON CBS,32500.0
JASA PASANG 30000,BEAT FI CBS,30000.0
JASA PASANG 10000,CBR 250RR STD,10000.0
JASA PASANG 35000,CBR 150R,35000.0
PERBAIKAN COM STEER,PCX 160 CBS,40000.0
PENGGANTIAN OLI GARDAN / OIL FINAL GEAR,PCX 160 CBS,5000.0
PROMO MERDEKA 1,BEAT POP CW,0.0
JASA PASANG 5000,BEAT SW FI MMC,1000.0
SPECIAL MATIC 50K,ADV160 CBS,50000.0
PERBAIKAN BELT DRIVE / ROLLER,NEW VARIO 125 CBS-ISS,50000.0
SERVIS PAKET LENGKAP PERAWATAN PLUS,NEW VARIO 125 CBS-ISS,130000.0
JASA PASANG 15000,NEW VARIO 150,15000.0
KPB 2,PCX160 CBS,0.0
JASA PASANG 5000,NEW VARIO ESP CBS,5000.0
PENGGANTIAN SARINGAN UDARA,BEAT SPORTY CBS,10000.0
JASA PASANG 5000,BEAT POP ESP CW PIXEL,5000.0
JASA PASANG 10000,VARIO 125 CBS MMC,10000.0
KPB 2,Genio CBS ISS,0.0
PENGGANTIAN OLI MESIN,NEW VARIO 125 CBS,4500.0
JASA PASANG 275000,ADV160 CBS,275000.0
PROMO CAD1,VARIO CAST WHEEL,1000.0
SERVIS PAKET RINGAN PERAWATAN,NEW VARIO ESP CBS ISS ADVA,50000.0
LCR CHECK,GENIO CBS ISS,0.0
PENGGANTIAN CVT,BEAT CW FI MMC,60000.0
JASA PASANG 15000,BEAT CW FI MMC,15000.0
PENGGANTIAN BAN BELAKANG,VERZA CAST WHEEL,20000.0
SERVIS PAKET LENGKAP PERAWATAN,BEAT POP ESP CBS-ISS,85000.0
PAKET PEMBERSIHAN CVT,REVO CAST WHEEL,50000.0
PENGGANTIAN OLI GARDAN,REVO FIT,0.0
LCR CHECK,NEW SCOOPY FASHION,0.0
JASA PASANG 5000,BEAT CW FI MMC,1000.0
SERVIS PAKET LENGKAP PERAWATAN PLUS,BEAT FI CBS,120000.0
SERVIS PAKET LENGKAP PERAWATAN,CBR 150R STD,175000.0
PAKET PEMBERSIHAN CVT,BEAT CW FI MMC,50000.0
SERVIS PAKET LENGKAP PERAWATAN,NEW VARIO 125 CBS-ISS,95000.0
PENGGANTIAN OLI MESIN,SPACY CW HELM IN FI,0.0
SERVIS PAKET LENGKAP PERAWATAN,SPACY CW HELM IN FI,70000.0
JASA PASANG 20000,NEW VARIO 150,20000.0
PENGGANTIAN OLI GARDAN,NEW VARIO 150,0.0
PAKET RESET FI,SCOOPY ESP,30000.0
KPB 3,PCX160 CBS,0.0
SERVIS PAKET LENGKAP PERAWATAN,BEAT SPORTY CBS,75000.0
PERBAIKAN KANVAS REM BELAKANG,BEAT FI CW,25000.0
PERBAIKAN KANVAS REM DEPAN,BEAT FI CW,25000.0
JASA PASANG 5000,NEW VARIO 125 CBS ISS,0.0
PENGGANTIAN KANVAS REM DEPAN,VARIO 150,15000.0
SERVIS PAKET LENGKAP PERAWATAN,CB150 VERZA SW,80000.0
PAKET PEMBERSIHAN CVT,BEAT SPORTY CBS ISS,50000.0
PENGGANTIAN OLI MESIN,BeAT Sporty DLX Smart Key,10000.0
JASA PASANG 60000,PCX160 CBS,60000.0
PAKET CEBAN,BEAT STREET CBS,10000.0
PENGGANTIAN OLI MESIN,GENIO CBS ISS,3000.0
PAKET GOCENG,NEW VARIO 125 CBS,5000.0
PENGGANTIAN OLI MESIN,NEW SCOOPY FI,5000.0
SERVIS PAKET LENGKAP PERAWATAN,NEW SCOOPY FI,95000.0
PAKET GOCENG,BEAT SPORTY CBS,5000.0
PEMERIKSAAN LAIN - LAIN,NEW SCOOPY PRESTIGE,0.0
SERVIS PAKET LENGKAP PERAWATAN,ADV150 CBS,135000.0
KPB 1,PCX 160 ABS,0.0
PEMERIKSAAN LAIN - LAIN,SUPRA X 125 CW HELM IN,0.0
JASA PASANG 40000,SUPRA X 125 CW HELM IN,40000.0
PAKET CEBAN,BEAT SPORTY CBS,10000.0
SERVIS PAKET CVT PLUS,BEAT FI CBS,39000.0
JASA PASANG 5000,CB150R STREETFIRE SPECIAL,0.0
PAKET SIAP MUDIK 2025,VARIO 160 CBS,50000.0
JASA PASANG 50000,BEAT SPORTY CBS,50000.0
PENGGANTIAN OLI MESIN,SUPRA X 125 R DD,5000.0
PAKET GOCENG,BEAT SPORTY CW,5000.0
SERVIS PAKET LENGKAP PERAWATAN,NEW BEAT SPOKE WHEEL,65000.0
JASA PASANG 60000,BEAT FI SW,60000.0
JASA PASANG 10000,VARIO TECHNO NON CBS,10000.0
JASA PASANG 60000,BEAT SPORTY CBS ISS,60000.0
JASA PASANG OLI,BeAT Sporty DLX Smart Key,7000.0
PENGGANTIAN CVT,BeAT Street,40000.0
JASA PASANG 5000,VARIO 125 CBS MMC,5000.0
JASA PASANG 65000,VARIO 150,60000.0
PAKET GOCENG,BEAT SPORTY CBS ISS,5000.0
JASA PASANG 10000,BEAT FI SW,10000.0
SERVIS PAKET CVT PLUS,BEAT CW FI MMC,39000.0
PENGGANTIAN RADIATOR COOLANT,NEW VARIO 125 CBS-ISS,5000.0
PERBAIKAN MASTER REM DEPAN,VARIO 125 CBS,25000.0
PEMERIKSAAN LAIN - LAIN,VARIO 150,0.0
PERBAIKAN CVT,VARIO 110 CBS,50000.0
PENGGANTIAN OLI MESIN,ADV150 CBS,5000.0
PENGGANTIAN BUSI,ADV150 CBS,10000.0
PENGGANTIAN OLI MESIN,SUPRA X 125 CW MMC,0.0
SERVIS PAKET LENGKAP PERAWATAN,CRF150L,100000.0
SERVIS PAKET CVT PLUS,NEW VARIO,39000.0
PAKET SIAP MUDIK 2025,VARIO 125 CBS,50000.0
PENGGANTIAN RADIATOR COOLANT,VARIO 150,5000.0
JASA PASANG 45000,VARIO 150,45000.0
PENGGANTIAN OLI MESIN,NEW VARIO ESP CBS ISS,3000.0
PERBAIKAN COM STEER,SUPRA X 125 R DD,25000.0
SERVIS PAKET LENGKAP PERAWATAN PLUS,GENIO CBS,95000.0
SERVIS PAKET LENGKAP PERAWATAN PLUS,VARIO 110 CBS,95000.0
SERVIS PAKET LENGKAP PERAWATAN,NEW CB150R STREETFIRE,95000.0
JASA PASANG 35000,ADV150 CBS,35000.0
JASA PASANG 5000,VARIO TECHNO 125 FI ISS,5000.0
PENGGANTIAN OLI GARDAN,NEW SCOOPY SPORTY,0.0
PAKET GOCENG,NEW SCOOPY SPORTY,5000.0
KPB 1,STYLO 160 CBS,0.0
PENGGANTIAN OLI MESIN,BeAT Sporty CBS ISS,0.0
JASA PASANG 65000,PCX 160 CBS,65000.0
PENGGANTIAN BAN BELAKANG,BeAT Sporty CBS,20000.0
SERVIS PAKET RINGAN PERAWATAN,VARIO 125 CBS MMC,105000.0
PROMO CAD1,ALL NEW SCOOPY STYLISH,1000.0
PAKET SERBU KETUPAT MATIC,VARIO 110 CBS,100000.0
LCR CHECK,BeAT Sporty CBS ISS,0.0
SERVIS PAKET RINGAN PERAWATAN,VARIO 125 CBS ISS SP,35000.0
JASA PASANG 5000,VARIO 125 CBS ISS,5000.0
JASA PASANG 45000,BEAT SPORTY CW,45000.0
PENGGANTIAN CVT,BEAT SPORTY CW,50000.0
PENGGANTIAN CVT,SCOOPY ESP,50000.0
PEMERIKSAAN LAIN - LAIN,VARIO 150 SPORTY,0.0
PENGGANTIAN OLI MESIN,NEW SCOOPY FASHION,0.0
JASA PASANG 100000,NEW VARIO 125 CBS,100000.0
PENGGANTIAN RADIATOR COOLANT,NEW VARIO 125 CBS,0.0
PAKET RESET FI,NEW VARIO 125 CBS,15000.0
SERVIS PAKET CVT PLUS,BEAT FI CW,50000.0
SERVIS PAKET LENGKAP PERAWATAN PLUS,ALL NEW SCOOPY SPORTY,135000.0
SERVIS PAKET RINGAN PERAWATAN,NEW VARIO 125 CBS,70000.0
JASA PASANG 65000,SCOOPY FI,65000.0
SERVIS PAKET LENGKAP PERAWATAN PLUS,NEW VARIO 125 CBS ISS,85000.0
PENGGANTIAN BAN BELAKANG,BEAT SPORTY CBS,25000.0
JASA PASANG 20000,BEAT SPORTY CW,20000.0
PAKET KURAS OLI SHOCK,VARIO 150,30000.0
KPB 2,NEW SCOOPY FASHION,0.0
JASA PASANG 35000,BLADE,35000.0
SERVIS PAKET CVT PLUS,NEW VARIO 125 CBS,39000.0
PAKET GOCENG,REVO CW FI,5000.0
SERVIS PAKET CVT PLUS,VARIO 125 CBS ISS,50000.0
SERVIS PAKET LENGKAP PERAWATAN MATIC PLUS,NEW SCOOPY FASHION,130000.0
PENGGANTIAN AKI,SCOOPY FI,10000.0
PEMERIKSAAN LAIN - LAIN,VERZA CAST WHEEL,0.0
SPECIAL MATIC 39K,VARIO 150,39000.0
JASA PASANG 10000,NEW VARIO TECHNO PGM FI,10000.0
PAKET CEK AJA DULU 12,VARIO 125 CBS,1.0
PAKET CEBAN,VARIO 125 CBS,10000.0
SERVIS PAKET LENGKAP PERAWATAN,REVO CW,65000.0
PEMERIKSAAN LAIN - LAIN,NEW SUPRA X 125 CW FI MMC,1000.0
SERVIS PAKET LENGKAP PERAWATAN,Verza,100000.0
PAKET SERVIS PLATINUM,CRF150L,120000.0
PAKET RESET FI,VARIO 125 CBS MMC,80000.0
PENGGANTIAN SARINGAN UDARA,CB150 VERZA CW,5000.0
PENGGANTIAN BUSI,CB150 VERZA CW,10000.0
PENGGANTIAN OLI MESIN,CB150 VERZA CW,10000.0
PENGGANTIAN OLI GARDAN,BEAT SPORTY DLX SMART KEY,0.0
PERBAIKAN CVT,ALL NEW SCOOPY SPORTY,35000.0
JASA PASANG 25000,VARIO 150,25000.0
PERBAIKAN JARI - JARI / GANTI TROMOL,BEAT SPORTY CW,0.0
PAKET KURAS TANGKI,BEAT SPORTY CBS,40000.0
PENGGANTIAN OLI MESIN,BEAT FI SW,3000.0
PENGGANTIAN OLI GARDAN,VARIO 125 CBS,5000.0
PENGGANTIAN OLI MESIN,CBR 150R,10000.0
PENGGANTIAN OLI MESIN,NEW VARIO 125 CBS ISS,0.0
JASA PASANG 25000,VARIO TECHNO 125 FI CBS,25000.0
JASA CEK KILAT,BEAT POP CW,1.0
JASA PASANG 15000,PCX 160 CBS,15000.0
SERVIS PAKET LENGKAP PERAWATAN PLUS,VARIO TECHNO 125 FI ISS,80000.0
SPECIAL MATIC 50K,VARIO TECHNO 125 FI ISS,50000.0
KPB 3,SCOOPY PRESTIGE,0.0
JASA PASANG 25000,PCX 150,25000.0
PENGGANTIAN OLI MESIN,NEW SUPRA X 125 FI CW,5000.0
PAKET SERVIS GOLD,VARIO 125 CBS ISS,0.0
PENGGANTIAN MINYAK REM,BEAT SPORTY CBS,15000.0
JASA PASANG 110000,ALL NEW SCOOPY STYLISH,110000.0
PENGGANTIAN BUSI,BEAT,5000.0
PENGGANTIAN OLI GARDAN,BeAT Street,10000.0
PENGGANTIAN RADIATOR COOLANT,PCX 160 ABS,10000.0
SERVIS PAKET RINGAN PERAWATAN,BeAT Street,50000.0
SERVIS PAKET LENGKAP PERAWATAN,BEAT FI CBS,95.0
PERBAIKAN KANVAS REM BELAKANG,SPACY CW HELM IN FI,30000.0
JASA PASANG 5000,SPACY CW HELM IN FI,5000.0
PENGGANTIAN BUSI,VERZA CAST WHEEL,5000.0
PENGGANTIAN KANVAS REM DEPAN,NEW VARIO TECHNO PGM FI,20000.0
PENGGANTIAN KANVAS REM BELAKANG,BEAT CW FI MMC,40000.0
PENGGANTIAN SARINGAN UDARA,BEAT CW FI MMC,15000.0
JASA PASANG 75000,SCOOPY ESP,75000.0
JASA PASANG 10000,VARIO 110 CBS,10000.0
PENGGANTIAN OLI MESIN,SCOOPY FASHION,3500.0
SERVIS PAKET LENGKAP PERAWATAN,ALL NEW CB150R STREETFIRE,95000.0
JASA PASANG 100000,VARIO 125 CBS,100000.0
PAKET GOCENG,BEAT STREET CBS,5000.0
SERVIS PAKET CVT PLUS,NEW SCOOPY FI,39000.0
PERBAIKAN MASTER REM BELAKANG,REVO CW FI,50000.0
SERVICE GRATIS (CSR),VARIO 125 CBS ISS,0.0
VISIT FEE,VARIO 125 CBS,0.0
SPECIAL MATIC 50K,NEW VARIO 125 CBS,50000.0
SERVIS PAKET LENGKAP PERAWATAN,NEW SONIC 150R SPECIAL,95000.0
PAKET CEBAN,CBR 150R,10000.0
JASA PASANG 5000,NEW SCOOPY SPORTY,5000.0
PENGGANTIAN BAN DEPAN,NEW VARIO 125 CBS ISS,20000.0
JASA PASANG 180000,NEW VARIO 125 CBS ISS,180000.0
JASA PASANG 10000,SPACY CW HELM IN FI,10000.0
SERVIS PAKET RINGAN PERAWATAN,BEAT SPORTY CBS ISS,75000.0
PAKET RESET FI,BEAT SPORTY CBS,50000.0
PENGGANTIAN OLI MESIN,VERZA CAST WHEEL,10000.0
KPB 1,GENIO CBS ISS,0.0
PERBAIKAN JARI - JARI / GANTI TROMOL,BEAT POP ESP CBS,0.0
PAKET KURAS MASTER REM,BEAT SPORTY CBS ISS,40000.0
SERVIS PAKET LENGKAP PERAWATAN PLUS,BEAT POP CW,85000.0
KPB 3,Genio CBS ISS,0.0
PAKET RESET FI,VARIO FI,35000.0
SERVIS PAKET RINGAN PERAWATAN,PCX 160 CBS,128000.0
JASA PASANG 20000,BEAT FI CW,20000.0
PENGGANTIAN CVT,VARIO 150 MMC,60000.0
SERVIS PAKET LENGKAP PERAWATAN PLUS,BeAT Sporty CBS ISS,70000.0
PENGGANTIAN BELT DRIVE / ROLLER,NEW SCOOPY SPORTY,50000.0
SERVIS PAKET RINGAN PERAWATAN,NEW SCOOPY SPORTY,95000.0
penggantian kampas rem blk,ADV160 CBS,25000.0
PENGGANTIAN KANVAS REM BELAKANG * ( CAKRAM ),CB150R STREETFIRE,35000.0
PAKET PEMBERSIHAN CVT,BeAT Sporty CBS,45000.0
SERVIS PAKET LENGKAP PERAWATAN PLUS,VARIO TECHNO 125 CBS ISS,80000.0
SERVIS PAKET RINGAN PERAWATAN,NEW PCX 150 ABS,100000.0
KPB 4,NEW SCOOPY STYLISH,0.0
PENGGANTIAN OLI MESIN,BEAT SW FI MMC,5000.0
PERBAIKAN ARM/LINK ENGINE,VARIO 150 MMC,75000.0
PENGGANTIAN BEARING DEPAN,VARIO 150 MMC,26500.0
KPB 3,PCX 160 ABS,0.0
PAKET KURAS RADIATOR,NEW VARIO 150,25000.0
PENGGANTIAN KANVAS REM DEPAN * ABS,SUPRA X 125 CW MMC,0.0
PENGGANTIAN KANVAS REM DEPAN,SUPRA X 125 CW MMC,20000.0
KELISTRIKAN ,VARIO 125 CBS,75000.0
PENGGANTIAN BELT DRIVE / ROLLER,BEAT SPORTY CW,45000.0
PERBAIKAN BELT DRIVE / ROLLER,BEAT SPORTY CW,45000.0
SERVIS PAKET LENGKAP PERAWATAN PLUS,BeAT Street,70000.0
PERBAIKAN COM STEER,BEAT FI CW,25000.0
SERVIS PAKET RINGAN PERAWATAN,BEAT CW FI MMC,75000.0
JASA PASANG 15000,NEW SCOOPY STYLISH,15000.0
PENGGANTIAN MINYAK REM,BEAT STREET CBS,25000.0
JASA PASANG 300000,VARIO 125 CBS,300000.0
PENGGANTIAN KANVAS REM BELAKANG,VARIO 125 CBS ISS,30000.0
PERBAIKAN STANDAR TENGAH,Beat Sporty,50000.0
PAKET CEK REM GRATIS,REVO FIT,0.0
JASA PASANG 140000,REVO FIT,140000.0
JASA PASANG 300000,REVO FIT,300000.0
PENGGANTIAN OLI MESIN,REVO FIT,0.0
PEMERIKSAAN LAIN - LAIN,VARIO 110 CBS,0.0
PENGGANTIAN KANVAS REM BELAKANG,VARIO 125 CBS MMC,20000.0
JASA PASANG 10000,CBR 250RR ABS,10000.0
JASA PASANG 5000,ALL NEW SCOOPY STYLISH,5000.0
SERVIS PAKET LENGKAP PERAWATAN,CBR 150R,170000.0
PAKET PEMBERSIHAN CVT,ADV160 CBS,55000.0
PEMERIKSAAN LAIN - LAIN,BeAT Sporty CBS ISS Deluxe,0.0
JASA PASANG 20000,Beat Sporty,20000.0
JASA PASANG 15000,Beat Sporty,15000.0
JASA PASANG 125000,Beat Sporty,124000.0
GANTI OLI PLUS PENGGANTIAN,BEAT STREET CBS,0.0
SERVIS PAKET LENGKAP PERAWATAN,REVO FIT FI,75000.0
PENGGANTIAN OLI MESIN,NEW VARIO CBS PGM FI,5000.0
SERVIS PAKET LENGKAP PERAWATAN,NEW VARIO CBS PGM FI,100000.0
JASA PASANG 50000,BEAT FI SW,50000.0
PENGGANTIAN MINYAK REM,BEAT FI SW,0.0
JASA PASANG 75000,BEAT FI SW,75000.0
JASA PASANG 80000,ALL NEW SCOOPY SPORTY,80000.0
PAKET PASCA MUDIK MATIC,BEAT FI CW,50000.0
SERVIS PAKET LENGKAP PERAWATAN,NEW CBR250RR ABS,5000.0
JASA PASANG 25000,ALL NEW SCOOPY SPORTY,25000.0
SERVIS PAKET LENGKAP PERAWATAN PLUS,MEGAPRO CW FI,110000.0
PENGGANTIAN KANVAS REM DEPAN,MEGAPRO CW FI,25000.0
PENGGANTIAN SEAL SHOCK BREAKER DEPAN,MEGAPRO CW FI,75000.0
PAKET PEMBERSIHAN CVT,BEAT SPORTY CBS,30000.0
PAKET INJECTOR CLEANER,NEW VARIO 125 CBS-ISS,35000.0
BONGKAR MESIN,VARIO 125 CBS,228000.0
JASA PASANG 35000,BEAT CW FI MMC,35000.0
PAKET GOCENG,SCOOPY FI,5000.0
PENGGANTIAN MASTER REM DEPAN,NEW BEAT CAST WHEEL,30000.0
JASA PASANG 85000,VARIO 150 MMC,85000.0
PENGGANTIAN KANVAS REM BELAKANG,VARIO 150,25000.0
JASA PASANG 10000,NEW CBR250RR ABS,10000.0
PENGGANTIAN OLI GARDAN,ADV150 CBS,0.0
PENGGANTIAN MINYAK REM,ADV150 CBS,28000.0
PENGGANTIAN AKI,BEAT SPORTY CBS ISS,15000.0
JASA PASANG 5000,VARIO 110 CBS ISS,5000.0
PAKET GOCENG,GENIO CBS,5000.0
PAKET RESET FI,BEAT SPORTY CW,35000.0
PAKET CEBAN,CBR 250RR STD,10000.0
PENGGANTIAN MASTER REM DEPAN,BEAT SPORTY CBS ISS,40000.0
PENGGANTIAN SEAL SHOCK BREAKER DEPAN,BEAT SPORTY CBS ISS,40000.0
SPECIAL MATIC 50K,NEW VARIO TECHNO PGM FI,50000.0
PAKET CEBAN,BEAT POP ESP CW PIXEL,10000.0
PENGGANTIAN KANVAS REM BELAKANG,BeAT Sporty CBS,25000.0
PENGGANTIAN BUSI,NEW VARIO 125 CBS,5000.0
PAKET PAS,ALL NEW CBR150R,50000.0
SERVIS PAKET LENGKAP PERAWATAN PLUS,SPACY CW HELM IN FI,130000.0
SERVIS PAKET CVT PLUS,SCOOPY,50000.0
PAKET SERVICE LENGKAP INJECTOR + STEAM,GENIO CBS,170000.0
PENGGANTIAN CVT,GENIO CBS,150000.0
JASA PASANG 80000,GENIO CBS,80000.0
PERBAIKAN CVT,NEW SCOOPY STYLISH,65000.0
JASA PASANG 5000,NEW SUPRA X 125 FI SW,5000.0
PENGGANTIAN KANVAS REM BELAKANG,ADV160 ABS,25000.0
PAKET PEMBERSIHAN CVT,BeAT Street,50000.0
SERVIS PAKET LENGKAP PERAWATAN PLUS,VARIO 125 CBS ISS,80000.0
PRESS FORK / SEGITIGA,BeAT Sporty CBS,485000.0
PENGGANTIAN BUSI,VARIO 150,5000.0
GOKIL (GANTI OLI KILAT),ALL NEW SCOOPY STYLISH,0.0
SERVIS PAKET CVT PLUS,VARIO 125 CBS MMC,50000.0
JASA PASANG 5000,PCX 160 ABS,5000.0
PAKET INJECTOR CLEANER,PCX 160 ABS,38000.0
PENGGANTIAN SARINGAN UDARA,BEAT STREET CBS,10000.0
JASA PASANG 5000,MEGA PRO,5000.0
KPB 3,PCX 160 CBS,0.0
JASA PASANG 5000,REVO DISK BRAKE,5000.0
JASA PASANG 85000,VARIO 125 CBS ISS,85000.0
PAKET CEK REM GRATIS,VARIO 125 CBS ISS,0.0
GANTI OLI PLUS PENGGANTIAN,VARIO 125 CBS,0.0
KPB 2,STYLO 160 ABS,0.0
SERVIS PAKET RINGAN PERAWATAN,ALL NEW CBR 150R,155000.0
PAKET CEBAN,NEW VARIO 125 CBS-ISS,10000.0
PEMERIKSAAN KELISTRIKAN,PCX 160 ABS,32000.0
JASA PASANG 5000,ALL NEW CBR 150R,1000.0
PAKET CEK REM GRATIS,VARIO 125 CBS,0.0
JASA PASANG 25000,NEW VARIO 125 CBS ISS,25000.0
JASA PASANG 10000,NEW SUPRA X 125 FI CW,10000.0
LCR TREATMENT 1,GENIO CBS,0.0
PERBAIKAN COM STEER,NEW SCOOPY PRESTIGE,20000.0
SERVICE LENGKAP,VARIO 160 CBS,127000.0
PENGGANTIAN SARINGAN UDARA,BEAT FI SW,10000.0
PAKET SERVIS SAHABAT WARGA,BLADE,95000.0
PENGGANTIAN BUSI,BEAT STREET CBS,7000.0
JASA PASANG 60000,BEAT SPORTY CW,60000.0
GOKIL (GANTI OLI KILAT),LEGENDA,0.0
GOKIL (GANTI OLI KILAT),BeAT Sporty CBS ISS Deluxe,0.0
PERBAIKAN COM STEER,SCOOPY ESP,25000.0
SERVIS PAKET CVT PLUS,NEW BEAT CAST WHEEL,50000.0
PAKET KURAS TANGKI,BEAT,35000.0
PENGGANTIAN OLI MESIN,BEAT SPORTY DLX SMART KEY,5000.0
GANTI OLI PLUS PENGGANTIAN,NEW SCOOPY PRESTIGE,0.0
PAKET PEMBERSIHAN CVT,VARIO 125 CBS,40000.0
JASA PASANG 5000,Genio CBS,5000.0
PENGGANTIAN KANVAS REM DEPAN,BEAT SPORTY CW,20000.0
PENGGANTIAN MASTER REM BELAKANG,REVO X,30000.0
KPB 4,VARIO 125 CBS ISS,0.0
PENGGANTIAN KANVAS REM BELAKANG,BeAT Sporty CBS ISS,25000.0
PENGGANTIAN SEAL SHOCK BREAKER DEPAN,PCX 150,92000.0
SERVIS PAKET LENGKAP PERAWATAN PLUS,NEW VARIO TECHNO PGM FI,130000.0
PAKET CEBAN,BEAT POP ESP CBS PIXEL,10000.0
JASA PASANG 10000,VARIO 150,10000.0
JASA PASANG 20000,REVO X,20000.0
PAKET KURAS MASTER REM,BEAT SPORTY CW,55000.0
SERVIS PAKET RINGAN PERAWATAN,NEW SCOOPY STYLISH,50000.0
PENGGANTIAN KABEL REM BELAKANG,VARIO 150,45000.0
JASA PASANG 35000,SPACY CW HELM IN FI,35000.0
JASA PASANG 20000,BEAT SPORTY CBS,20000.0
PENGGANTIAN OLI GARDAN,NEW SCOOPY FI,0.0
PERBAIKAN KANVAS REM BELAKANG,Beat Sporty,30000.0
PAKET PAS,CB150R STREETFIRE,50000.0
SERVIS PAKET LENGKAP PERAWATAN PLUS,NEW BEAT CAST WHEEL,95000.0
PENGGANTIAN KANVAS REM BELAKANG,BeAT Sporty CBS ISS Deluxe,15000.0
JASA PASANG 20000,BeAT Sporty CBS ISS Deluxe,20000.0
PERBAIKAN KANVAS REM DEPAN,BeAT Sporty CBS ISS Deluxe,10000.0
PENGGANTIAN AKI,ADV160 CBS,10000.0
PERBAIKAN CVT,BeAT Sporty CBS ISS Deluxe,57500.0
PAKET RESET FI,PCX,35000.0
PENGGANTIAN BAN DEPAN,PCX 160 ABS,30000.0
PENGGANTIAN BELT DRIVE / ROLLER,PCX 160 ABS,50000.0
KURAS MINYAK REM,PCX 160 ABS,35000.0
PENGGANTIAN BAN BELAKANG,PCX 160 ABS,40000.0
PENGGANTIAN KANVAS REM BELAKANG,PCX 160 ABS,30000.0
PENGGANTIAN KANVAS REM DEPAN,PCX 160 ABS,20000.0
PAKET INJECTOR CLEANER,NEW VARIO 125 CBS,25000.0
PERBAIKAN COM STEER,NEW VARIO TECHNO PGM FI,25000.0
SERVIS PAKET LENGKAP PERAWATAN PLUS,ALL NEW CBR 150R,153000.0
PERBAIKAN COVER HANDLE GETAR,SUPRA X 125 SW MMC,35000.0
PENGGANTIAN BAN DEPAN,BEAT CW FI MMC,20000.0
GANTI OLI PLUS PENGGANTIAN,ADV160 CBS,5000.0
JASA PASANG 15000,BEAT SPORTY CW,15000.0
SERVIS PAKET CVT PLUS,VARIO TECHNO 125 FI ISS,50000.0
SPECIAL MATIC 39K,BEAT SPORTY CW,39000.0
PERBAIKAN CVT,VARIO 150 MMC,50000.0
PAKET SERBU KETUPAT CUB,SUPRA X 125 CW MMC,85000.0
JASA PASANG 5000,REVO 110 SPOKE WHEEL,1000.0
JASA PASANG 5000,CRF150L,5000.0
PAKET SERVIS SILVER,BEAT FI CW,160000.0
PENGGANTIAN BAN DEPAN,VARIO 150 SPORTY,20000.0
JASA PASANG 15000,VARIO 125 CBS,15000.0
PERBAIKAN CVT,NEW SCOOPY FASHION,40000.0
PENGGANTIAN OLI GARDAN,NEW SCOOPY FASHION,5000.0
PENGGANTIAN KANVAS REM DEPAN,NEW SCOOPY FASHION,15000.0
PENGGANTIAN PIRINGAN CAKRAM DEPAN,Beat Sporty,20000.0
PROMO MERDEKA 1,BEAT SPORTY CBS ISS DELUXE,0.0
PENGGANTIAN MASTER REM DEPAN,VARIO 125 CBS,40000.0
JASA PASANG 5000,CS1,2000.0
PENGGANTIAN BUSI,SCOOPY ESP,10000.0
SERVIS PAKET CVT PLUS,NEW SCOOPY STYLISH,55000.0
PENGGANTIAN OLI MESIN,CB150R STREETFIRE,5000.0
PEMERIKSAAN KELISTRIKAN,ALL NEW SCOOPY SPORTY,50000.0
VISIT FEE,CB150R STREETFIRE,0.0
JASA PASANG 55000,BEAT FI CBS,55000.0
PENGGANTIAN OLI MESIN,REVO FIT FI,5000.0
PAKET PEMBERSIHAN CVT,VARIO 160 CBS,60000.0
SERVIS PAKET LENGKAP PERAWATAN,VARIO 150 SPORTY,100000.0
GOKIL (GANTI OLI KILAT),CB150X STD,0.0
JASA PASANG 5000,STYLO 160 CBS,5000.0
JASA PASANG 25000,VARIO 125 CBS-ISS MMC,25000.0
PERBAIKAN COM STEER,VARIO 125 CBS ISS,35000.0
PEMERIKSAAN LAIN - LAIN,BeAT Sporty CBS,0.0
PENGGANTIAN OLI MESIN,SUPRA X 125 SW MMC,5000.0
PENGGANTIAN RADIATOR COOLANT,BEAT FI SW,5000.0
PAKET KURAS RADIATOR,CRF150L,40000.0
PAKET KURAS RADIATOR,BEAT SPORTY CW,35000.0
SERVIS PAKET CVT PLUS,BeAT Sporty CBS,50000.0
PENGGANTIAN BEARING DEPAN,VARIO 150,30000.0
PERBAIKAN STANG,NEW VARIO ESP CBS,25000.0
SERVIS PAKET LENGKAP PERAWATAN,NEW CBR 150R,70000.0
PENGGANTIAN BOHLAM LAMPU DEPAN / SOCKET ,NEW VARIO TECHNO PGM FI,15000.0
SERVIS PAKET LENGKAP PERAWATAN PLUS,NEW VARIO,85000.0
SERVIS PAKET RINGAN PERAWATAN,NEW VARIO 150,80000.0
JASA PASANG 20000,BEAT STREET CBS,20000.0
JASA PASANG 5000,REVO 110 CAST WHEEL,1000.0
SERVICE PAKET LENGKAP,NEW SCOOPY SPORTY,75000.0
PENGGANTIAN LAMPU REM,NEW VARIO 150,10000.0
SERVIS PAKET LENGKAP PERAWATAN,LEGENDA,64000.0
PAKET KURAS RADIATOR,VARIO 150,35000.0
PENGGANTIAN COM STEER,VARIO 150,100000.0
PENGGANTIAN MINYAK REM,VARIO 150,30000.0
JASA PASANG 30000,VARIO 150,30000.0
PENGGANTIAN OLI SHOCKBREAKER,VARIO 150,50000.0
GOKIL (GANTI OLI KILAT),CBR 150R,0.0
PERBAIKAN CVT,SCOOPY,50000.0
JASA PASANG 110000,BEAT SPORTY CBS ISS,110000.0
JASA PASANG 75000,ALL NEW SCOOPY SPORTY,75000.0
PENGGANTIAN KANVAS REM BELAKANG,NEW SCOOPY FASHION,20000.0
SERVIS PAKET LENGKAP PERAWATAN PLUS,NEW PCX 150,233000.0
JASA PASANG 35000,PCX 150,35000.0
PENGGANTIAN BAN BELAKANG,VARIO TECHNO,20000.0
PENGGANTIAN BUSI,BEAT CW FI MMC,10000.0
KPB 4,BEAT SPORTY CBS ISS DELUXE,0.0
VISIT FEE,SUPRA X 125 CW MMC,0.0
PENGGANTIAN KANVAS REM BELAKANG,NEW BEAT CAST WHEEL,15000.0
SERVIS PAKET RINGAN PERAWATAN,REVO FIT,65000.0
GANTI OLI PLUS PENGGANTIAN,SUPRA X 125 HELM IN FI,2000.0
PAKET RESET FI,VARIO 150 MMC,85000.0
PENGGANTIAN OLI MESIN,CB150R,10000.0
JASA PASANG 5000,VARIO CAST WHEEL,1000.0
JASA PASANG 25000,BEAT SPORTY CBS,25000.0
CEK AJA DULU,NEW VARIO TECHNO PGM FI,0.0
JASA PASANG 175000,NEW VARIO TECHNO PGM FI,175000.0
PERBAIKAN KANVAS REM DEPAN,VARIO 125 CBS,20000.0
JASA PASANG 10000,REVO FIT FI,10000.0
SETEL VELG BELAKANG,BEAT SPORTY CW,85000.0
JASA PASANG 5000,CBR 150R STD,5000.0
PAKET SERBU KETUPAT CUB,REVO X,85000.0
KPB 1,SUPRA X 125 CW MMC,0.0
JASA PASANG 10000,VARIO TECHNO 125 FI ISS,10000.0
GOKIL (GANTI OLI KILAT),SUPRA X 125 CW,0.0
SPECIAL MATIC 50K,BeAT Sporty CBS ISS,50000.0
SERVIS PAKET CVT PLUS,BeAT Sporty CBS ISS Deluxe,39000.0
PAKET GOCENG,VARIO 125 CBS ISS,5000.0
SERVIS PAKET LENGKAP PERAWATAN PLUS,BEAT STREET,85000.0
PAKET CEBAN,NEW PCX 150,10000.0
KPB 3,STYLO 160 CBS,0.0
PERBAIKAN CVT,NEW VARIO 125 CBS,40000.0
JASA PASANG 60000,CBR 150R STD,60000.0
PAKET KURAS TANGKI,REVO FIT,70000.0
PENGGANTIAN KANVAS REM BELAKANG,VARIO 110 CBS,30000.0
PENGGANTIAN KANVAS REM DEPAN,VARIO 110 CBS,25000.0
PEMERIKSAAN LAIN - LAIN,VARIO 125 CBS ISS,0.0
JASA PASANG 50000,ALL NEW SCOOPY SPORTY,50000.0
JASA PASANG 45000,Verza,45000.0
PAKET CEBAN,BeAT Sporty CBS ISS Deluxe,10000.0
JASA PASANG 5000,ALL NEW SONIC 150 R,5000.0
PAKET SIAP MUDIK 2025,BEAT STREET CBS,50000.0
PAKET RESET FI,NEW VARIO 150,35000.0
JASA PASANG 15000,BeAT Street,15000.0
PAKET KURAS TANGKI,NEW VARIO TECHNO PGM FI,20000.0
PAKET CEK REM GRATIS,STYLO 160 CBS,0.0
JASA PASANG 25000,Beat Sporty,25000.0
PENGGANTIAN BUSI,VARIO CAST WHEEL,10000.0
JASA PASANG 5000,BeAT Street,5000.0
JASA PASANG 5000,SCOOPY,5000.0
PENGGANTIAN CVT,PCX 160 ABS,50000.0
PENGGANTIAN COM STEER,BEAT SPORTY CBS,60000.0
SERVIS PAKET LENGKAP PERAWATAN PLUS,REVO 110 SPOKE WHEEL,80000.0
PERBAIKAN BOHLAM SOCKET HEADLIGHT,BEAT SPORTY CW,15000.0
SERVIS PAKET CVT PLUS,VARIO TECHNO NON CBS,50000.0
JASA PASANG 5000,NEW SCOOPY PRESTIGE,1000.0
PENGGANTIAN BAN DEPAN,VARIO 150,25000.0
PENGGANTIAN SARINGAN UDARA,VARIO 150,0.0
PAKET CEBAN,SUPRA X 125 CW MMC,10000.0
PAKET PEMBERSIHAN CVT,NEW VARIO,50000.0
JASA PASANG 35000,NEW BEAT CAST WHEEL,35000.0
SERVIS PAKET CVT PLUS,NEW SCOOPY PRESTIGE,50000.0
PENGGANTIAN BEARING DEPAN,SUPRA X 125 R DD,15000.0
KPB 3,NEW SCOOPY SPORTY,0.0
JASA PASANG 40000,BeAT Sporty CBS,40000.0
PENGGANTIAN CVT,BEAT SPORTY CBS ISS,70000.0
SERVIS PAKET LENGKAP PERAWATAN PLUS,BEAT STREET CBS,95000.0
PEMERIKSAAN KELISTRIKAN,VARIO CAST WHEEL,50000.0
JASA PASANG 25000,SUPRA X 125 R DD,25000.0
PENGGANTIAN BOHLAM LAMPU DEPAN / SOCKET ,ALL NEW CBR150R,15000.0
SERVIS PAKET LENGKAP PERAWATAN PLUS,NEW PCX 150 ABS,83000.0
SERVIS PAKET CVT PLUS,NEW VARIO TECHNO PGM FI,50000.0
JASA PASANG 45000,PCX 160 CBS,45000.0
JASA PASANG 215000,PCX 160 ABS,215000.0
JASA PASANG 240000,CB150R,240000.0
JASA PASANG 300000,CB150R,300000.0
BONGKAR MESIN,CB150R,350000.0
JASA PASANG 100000,CB150R,100000.0
JASA PASANG 80000,CB150R,80000.0
PENGGANTIAN SARINGAN UDARA,NEW PCX 150 CBS,10000.0
JASA PASANG 10000,ALL NEW SCOOPY SPORTY,10000.0
SERVIS PAKET LENGKAP PERAWATAN,BEAT POP CW,80000.0
PAKET SIAP MUDIK 2024,SUPRA X 125 R DD,135000.0
SERVIS PAKET CVT PLUS,VARIO SPOKE WHEEL,50000.0
JASA PASANG 10000,BeAT Sporty CBS,10000.0
JASA PASANG 15000,PCX 160 ABS,15000.0
PERBAIKAN COM STEER,BEAT FI CBS,0.0
JASA PASANG 55000,VARIO 150,55000.0
JASA PASANG 125000,PCX 160 ABS,65000.0
PAKET PEMBERSIHAN CVT,PCX 160 ABS,0.0
PAKET KURAS RADIATOR,VARIO TECHNO 125 FI ISS,35000.0
SERVIS PAKET LENGKAP PERAWATAN PLUS,REVO FIT FI,75000.0
GOKIL (GANTI OLI KILAT),NEW PCX 150 CBS,0.0
PENGGANTIAN SARINGAN UDARA,BEAT POP ESP CW,10000.0
SERVIS PAKET LENGKAP PERAWATAN PLUS,BEAT POP ESP CW,100000.0
PENGGANTIAN KANVAS REM BELAKANG,BEAT POP ESP CW,30000.0
PENGGANTIAN KANVAS REM DEPAN,BEAT POP ESP CW,25000.0
PENGGANTIAN OLI MESIN,BEAT POP ESP CW,7000.0
SERVIS PAKET CVT PLUS,NEW VARIO 125 CBS-ISS,50000.0
PENGGANTIAN BAN BELAKANG,VARIO 125 CBS ISS,20000.0
PENGGANTIAN OLI MESIN,CRF150L,0.0
PERBAIKAN KANVAS REM DEPAN,VARIO TECHNO 125 CBS ISS,25000.0
SERVIS PAKET CVT PLUS,BeAT Sporty DLX Smart Key,50000.0
PENGGANTIAN BUSI,REVO 110 SPOKE WHEEL,10000.0
SERVIS PAKET LENGKAP PERAWATAN,REVO 110 CAST WHEEL,90000.0
SPECIAL MATIC 39K,BEAT SPORTY CBS ISS,39000.0
JASA PASANG 55000,SCOOPY FI,55000.0
JASA PASANG 10000,BeAT Sporty CBS ISS,10000.0
JASA PASANG 45000,NEW VARIO,45000.0
KPB 3,VARIO 160 CBS,0.0
SERVIS PAKET LENGKAP PERAWATAN PLUS,ALL NEW SONIC 150 R,110000.0
JASA PASANG 5000,BeAT Sporty CBS,5000.0
JASA PASANG 35000,VARIO TECHNO 125 CBS ISS,35000.0
PENGGANTIAN KANVAS REM BELAKANG,NEW VARIO 125 CBS,7000.0
PENGGANTIAN AKI,NEW SUPRA X 125 FI CW,11500.0
PENGGANTIAN CVT,BEAT SPORTY CBS,50000.0
JASA PASANG 70000,BEAT SPORTY CBS,70000.0
JASA PASANG 10000,VARIO 125 CBS,10000.0
PENGGANTIAN OLI MESIN,SUPRA FIT D,5000.0
SERVIS PAKET LENGKAP PERAWATAN,SUPRA FIT D,80000.0
PENGGANTIAN MINYAK REM,NEW BEAT CAST WHEEL,0.0
SPECIAL MATIC 50K,BEAT STREET CBS,50000.0
PAKET SIAP MUDIK 2025,PCX 160 ABS,50000.0
SERVIS PAKET RINGAN PERAWATAN,VARIO 110 CBS ISS,75000.0
PERBAIKAN COM STEER,VARIO 110 CBS ISS,100000.0
JASA PASANG 15000,BeAT Sporty DLX Smart Key,15000.0
JASA PASANG 30000,BEAT SPORTY CBS,30000.0
SERVIS PAKET LENGKAP PERAWATAN,VARIO TECHNO 125 CBS ISS,100000.0
GANTI OLI PLUS PENGGANTIAN,BeAT Street,5000.0
PENGGANTIAN AKI,VARIO 125 CBS ISS,10000.0
JASA PASANG 20000,BEAT SPORTY CBS ISS,20000.0
GANTI OLI PLUS PENGGANTIAN,VARIO 160 CBS,0.0
JASA PASANG 55000,BEAT CW FI MMC,0.0
JASA PASANG 5000,NEW CB150R STREETFIRE,5000.0
PERBAIKAN KANVAS REM DEPAN,KARISMA 125,20000.0
PENGGANTIAN BAN BELAKANG,SCOOPY ESP,15000.0
JASA PASANG 40000,NEW SCOOPY STYLISH,40000.0
KPB 1,REVO X,0.0
PENGGANTIAN OLI MESIN,NEW CBR 150R,1000.0
PAKET KURAS RADIATOR,VARIO TECHNO NON CBS,35000.0
PAKET PEMBERSIHAN CVT,NEW SCOOPY PRESTIGE,25000.0
PENGGANTIAN RADIATOR COOLANT,VARIO 150 MMC,0.0
SERVIS PAKET LENGKAP PERAWATAN,VARIO 125 CBS MMC,100000.0
PENGGANTIAN RADIATOR COOLANT,VARIO 125 CBS MMC,0.0
PEMERIKSAAN KELISTRIKAN,Beat Sporty,35000.0
PAKET KURAS TANGKI,REVO X,25000.0
PENGGANTIAN KANVAS REM BELAKANG,NEW VARIO,20000.0
JASA PASANG 110000,VARIO 125 CBS,110000.0
PENGGANTIAN CVT,VARIO 125 CBS,45000.0
PENGGANTIAN KANVAS REM BELAKANG,VARIO 125 CBS,15000.0
PROMO MERDEKA 1,Beat Sporty,0.0
SERVIS PAKET RINGAN PERAWATAN,Beat Sporty,45000.0
PENGGANTIAN RADIATOR COOLANT,ALL NEW SCOOPY STYLISH,0.0
SERVIS PAKET LENGKAP PERAWATAN PLUS,NEW SCOOPY STYLISH,90000.0
JASA PASANG 35000,VARIO 125 CBS,35000.0
PAKET CEBAN,BLADE,10000.0
JASA PASANG 10000,SCOOPY ESP,10000.0
GANTI OLI MESIN ,PCX 160 CBS,0.0
GOKIL (GANTI OLI KILAT),VARIO 125 CBS MMC,0.0
GOKIL (GANTI OLI KILAT),NEW SCOOPY PRESTIGE,0.0
PENGGANTIAN KANVAS REM BELAKANG,NEW SCOOPY PRESTIGE,15000.0
PERBAIKAN BOHLAM LAMPU DEPAN / SOCKET ,BEAT POP CBS ISS,10000.0
SERVIS PAKET LENGKAP PERAWATAN,VERZA CAST WHEEL,91300.0
JASA PASANG 25000,VERZA CAST WHEEL,25000.0
PENGGANTIAN KANVAS REM DEPAN,BEAT FI SW,15000.0
PAKET SIAP MUDIK 2025,BeAT Sporty CBS,50000.0
PAKET PEMBERSIHAN CVT,NEW SCOOPY STYLISH,25000.0
JASA PASANG 10000,NEW SCOOPY STYLISH,10000.0
SERVIS LENGKAP,NEW SCOOPY STYLISH,80000.0
GANTI OLIMESIN,NEW SCOOPY STYLISH,0.0
PERBAIKAN BOHLAM SOCKET HEADLIGHT,Verza,15000.0
SERVIS PAKET LENGKAP PERAWATAN PLUS,NEW SCOOPY SPORTY,90000.0
JASA PASANG 40000,CB150R STREETFIRE,40000.0
JASA PASANG 75000,NEW SCOOPY PRESTIGE,75000.0
JASA PASANG 40000,NEW SCOOPY PRESTIGE,40000.0
PENGGANTIAN OLI GARDAN,NEW SCOOPY PRESTIGE,0.0
PENGGANTIAN KANVAS REM DEPAN,PCX 160 CBS,30000.0
SERVIS PAKET CVT PLUS,NEW VARIO 150,50000.0
SERVIS PAKET LENGKAP PERAWATAN,NEW VARIO ESP CBS ISS ADVA,85000.0
PENGGANTIAN COM STEER,SCOOPY FI,100000.0
PENGGANTIAN BEARING DEPAN,SCOOPY FI,20000.0
JASA PASANG 195000,NEW PCX 150 CBS,195000.0
SERVIS PAKET LENGKAP PERAWATAN,KARISMA 125 D,75000.0
JASA PASANG 70000,BeAT Sporty CBS,67500.0
PENGGANTIAN OLI MESIN,VARIO CAST WHEEL,5000.0
PROMO MERDEKA 2,BeAT Sporty CBS,15000.0
JASA PASANG 10000,SUPRA X 125 HELM IN FI,10000.0
PERBAIKAN CVT,BEAT SPORTY CBS,35000.0
PAKET PEMBERSIHAN CVT,NEW VARIO 150,45000.0
JASA PASANG 15000,ALL NEW SCOOPY STYLISH,15000.0
JASA PASANG 5000,GENIO CBS,5000.0
PENGGANTIAN BUSI,VARIO 125 CBS ISS,15000.0
KPB 3,BeAT Sporty CBS ISS Deluxe,0.0
GANTI OLI PLUS PENGGANTIAN,Genio CBS,0.0
KPB 3,PCX160 RoadSync,0.0
PERBAIKAN BOHLAM SOCKET HEADLIGHT,BEAT SPORTY CBS ISS,25000.0
JASA PASANG 45000,BEAT FI CW,45000.0
PENGGANTIAN BAN BELAKANG,BEAT CW FI MMC,40000.0
SERVIS PAKET LENGKAP PERAWATAN PLUS,VARIO 150 SPORTY,120000.0
PAKET PEMBERSIHAN CVT,BEAT FI SW,40000.0
BONGKAR CVT,BEAT FI CW,35000.0
PENGGANTIAN BELT DRIVE / ROLLER,BEAT FI CW,30000.0
PAKET SIAP MUDIK 2025,VARIO 125 CBS ISS,50000.0
PAKET KURAS RADIATOR,BEAT STREET CBS,25000.0
GANTI OLI PLUS PENGGANTIAN,Beat Sporty,0.0
JASA PASANG 40000,BEAT SPORTY CBS ISS,40000.0
PAKET CEBAN,SCOOPY FI,10000.0
PAKET INJECTOR CLEANER,NEW VARIO 125 CBS ISS,25000.0
PAKET CEK REM GRATIS,VARIO 150,0.0
GOKIL (GANTI OLI KILAT),CB150 VERZA CW,0.0
KPB 2,PCX160 ABS,0.0
GOKIL (GANTI OLI KILAT),VARIO 125 CBS ISS,0.0
JASA PASANG 15000,NEW PCX 150 ABS,10000.0
PENGGANTIAN MINYAK REM,NEW SCOOPY PRESTIGE,30000.0
JASA PASANG 15000,NEW SCOOPY PRESTIGE,15000.0
PERBAIKAN CVT,NEW SCOOPY PRESTIGE,35000.0
JASA PASANG 20000,VARIO 150 MMC,20000.0
JASA PASANG 25000,PCX 160 CBS,25000.0
PAKET KURAS OLI SHOCK,BEAT SPORTY CBS,40000.0
CLAIM C2 PENGGANTIAN,GENIO CBS ISS,0.0
PENGGANTIAN BOHLAM LAMPU DEPAN / SOCKET ,BEAT FI CW,21000.0
PENGGANTIAN RADIATOR COOLANT,BEAT SPORTY CW,5000.0
GOKIL (GANTI OLI KILAT),BEAT STREET CBS,0.0
KPB 4,SUPRA X 125 CW MMC,0.0
SERVIS PAKET LENGKAP PERAWATAN,NEW VARIO ESP CBS ADVANCE,110000.0
PENGGANTIAN KANVAS REM BELAKANG,BEAT STREET CBS,7000.0
PAKET CAD GOCENG,NEW SCOOPY STYLISH,5000.0
PENGGANTIAN OLI MESIN,NEW VARIO 125 CBS-ISS,5000.0
PERBAIKAN JARI - JARI / GANTI TROMOL,BEAT STREET CBS,0.0
PEMERIKSAAN KELISTRIKAN,NEW VARIO ESP CBS ISS ADVA,65000.0
JASA PASANG 80000,SCOOPY FI,80000.0
PERBAIKAN COM STEER,REVO FIT,25000.0
JASA PASANG 20000,BEAT FI CBS,20000.0
SPECIAL MATIC 39K,NEW VARIO 125 CBS,39000.0
PAKET PEMBERSIHAN CVT,BeAT Sporty CBS ISS Deluxe,45000.0
JASA PASANG 85000,BEAT STREET CBS,85000.0
GANTI OLI PLUS PENGGANTIAN,ALL NEW SCOOPY STYLISH,0.0
JASA PASANG 40000,CB150 VERZA CW,40000.0
KPB 2,GENIO CBS,0.0
SERVIS PAKET CVT PLUS,VARIO 150 MMC,50000.0
PAKET HOME SERVICE D2D,BEAT STREET CBS,90000.0
KPB 1,ADV 160 ABS,0.0
SERVIS PAKET LENGKAP PERAWATAN,NEW SUPRA X 125 CW FI MMC,55000.0
SERVIS PAKET LENGKAP PERAWATAN,BEAT SW FI MMC,70000.0
PERBAIKAN STANDAR TENGAH,BEAT FI CW,45000.0
SERVIS PAKET LENGKAP PERAWATAN PLUS,NEW SUPRA GTR150 SPORTY,100000.0
PENGGANTIAN SARINGAN UDARA,VARIO 150 MMC,10000.0
PAKET CEBAN,REVO CW FI,10000.0
SERVIS PAKET CVT PLUS,VARIO CAST WHEEL,50000.0
JASA PASANG 120000,VARIO CAST WHEEL,120000.0
JASA PASANG 35000,GENIO CBS ISS,35000.0
JASA PASANG 5000,PCX 160 CBS,5000.0
PENGGANTIAN MASTER REM DEPAN,NEW SCOOPY SPORTY,52500.0
PENGGANTIAN MINYAK REM,BeAT Sporty CBS ISS Deluxe,25000.0
PENGGANTIAN KANVAS REM DEPAN,NEW VARIO 150,15000.0
PENGGANTIAN PIRINGAN CAKRAM DEPAN,NEW VARIO 150,25000.0
JASA PASANG 5000,VARIO TECHNO 125 FI CBS,5000.0
JASA PASANG 80000,BEAT SPORTY CW,80000.0
PENGGANTIAN KANVAS REM BELAKANG,PCX 160 CBS,20000.0
PAKET RESET FI,BEAT,35000.0
KPB 4,NEW SCOOPY PRESTIGE,0.0
PAKET PEMBERSIHAN CVT,ALL NEW SCOOPY STYLISH,40000.0
PERBAIKAN KANVAS REM BELAKANG,CBR 150R STD,35000.0
SPECIAL MATIC 39K,ALL NEW SCOOPY SPORTY,39000.0
PENGGANTIAN SARINGAN UDARA,CBR 150R STD,0.0
PENGGANTIAN OLI GARDAN,CBR 150R STD,0.0
PENGGANTIAN MINYAK REM,PCX 160 CBS,50000.0
JASA PASANG 85000,PCX 160 CBS,85000.0
JASA PASANG 35000,PCX 160 CBS,35000.0
SERVIS PAKET LENGKAP PERAWATAN,CB150R,130000.0
SERVIS PAKET RINGAN PERAWATAN,BEAT FI SW,75000.0
PERBAIKAN COM STEER,BEAT FI SW,100000.0
JASA PASANG 20000,PCX 160 CBS,20000.0
PAKET CEBAN,CBR 150R STD,10000.0
JASA PASANG 45000,BeAT Street,45000.0
JASA PASANG 30000,BEAT FI SW,30000.0
PENGGANTIAN OLI GARDAN,VARIO 160 CBS,0.0
JASA PASANG 10000,NEW VARIO 150,10000.0
PENGGANTIAN KANVAS REM DEPAN,VARIO 125 CBS,15000.0
JASA PASANG 25000,VARIO 125 CBS MMC,25000.0
JASA PASANG 45000,BeAT Sporty CBS,45000.0
PAKET CEK REM GRATIS,KARISMA 125 D,0.0
PENGGANTIAN BAN BELAKANG,BEAT FI CW,15000.0
SERVIS PAKET LENGKAP PERAWATAN,NEW VARIO ESP CBS,90000.0
PENGGANTIAN BUSI,NEW VARIO ESP CBS,20000.0
PENGGANTIAN OLI GARDAN,NEW VARIO ESP CBS,10000.0
PENGGANTIAN OLI MESIN,NEW VARIO ESP CBS,10000.0
PENGGANTIAN SARINGAN UDARA,NEW VARIO ESP CBS,10000.0
PENGGANTIAN KANVAS REM BELAKANG,VARIO 160 CBS,20000.0
JASA PASANG 10000,GENIO CBS,10000.0
VISIT FEE,VARIO 125 CBS MMC,0.0
PENGGANTIAN OLI MESIN,GENIO CBS,0.0
VISIT FEE,NEW VARIO 125 CBS-ISS,0.0
PENGGANTIAN OLI MESIN,ALL NEW SCOOPY PLAYFUL,5000.0
PENGGANTIAN OLI MESIN,REVO CW FI,0.0
PENGGANTIAN OLI SHOCKBREAKER,Beat Sporty,50000.0
PENGGANTIAN KANVAS REM DEPAN,Beat Sporty,25000.0
PAKET GOCENG,VARIO 150,5000.0
PAKET SIAP MUDIK 2025,SCOOPY PRESTIGE,50000.0
KPB 4,SCOOPY FASHION,0.0
PEMERIKSAAN KELISTRIKAN,BEAT FI CW,35000.0
JASA PASANG 40000,SPACY CW HELM IN FI,40000.0
PAKET PAS,VARIO 150 MMC,50000.0
PENGGANTIAN AKI,ALL NEW SCOOPY SPORTY,0.0
JASA PASANG 120000,NEW SCOOPY PRESTIGE,120000.0
GANTI OLI PLUS PENGGANTIAN,NEW SCOOPY FI,0.0
PERBAIKAN KANVAS REM BELAKANG,BEAT SPORTY CBS,25000.0
PENGGANTIAN MASTER REM DEPAN,ALL NEW CB150R STREETFIRE,30000.0
JASA PASANG 15000,BeAT Sporty CBS ISS Deluxe,15000.0
PENGGANTIAN KABEL SPEEDO,NEW VARIO,30000.0
PERBAIKAN BAN BELAKANG,VERZA CAST WHEEL,35000.0
JASA PASANG 15000,NEW PCX 150 CBS,10000.0
SERVIS PAKET RINGAN PERAWATAN,NEW VARIO TECHNO PGM FI,50000.0
PERBAIKAN COM STEER,VARIO TECHNO 125 FI CBS,21000.0
PERBAIKAN CVT,BeAT Street,50000.0
PENGGANTIAN GEAR BOX,BEAT SPORTY CBS ISS,25000.0
Servis Lengkap,PCX 160 ABS,135000.0
PEMBERSIHAN CVT,PCX 160 ABS,30000.0
JASA PASANG 30000,PCX 160 ABS,30000.0
JASA PASANG 5000,VARIO TECHNO 125 CBS ISS,5000.0
PENGGANTIAN BUSI,SUPRA X 125 DISK BRAKE,15000.0
SERVIS PAKET LENGKAP PERAWATAN,SUPRA X 125 PGM FI CW DD,90000.0
PENGGANTIAN KANVAS REM BELAKANG * ( CAKRAM ),NEW CB150R STREETFIRE,25000.0
PEMERIKSAAN KELISTRIKAN,NEW CB150R STREETFIRE,50000.0
PAKET CEBAN,BeAT Sporty CBS ISS,10000.0
PAKET PASCA MUDIK MATIC,VARIO 150,50000.0
PENGGANTIAN STANDAR TENGAH,BLADE,35000.0
PENGGANTIAN BAN BELAKANG,NEW VARIO 125 CBS,10000.0
PENGGANTIAN SARINGAN UDARA,VARIO 125 CBS ISS,10000.0
PAKET GOCENG,VARIO 125 CBS MMC,5000.0
PERBAIKAN CVT,NEW VARIO TECHNO PGM FI,30000.0
PENGGANTIAN MINYAK REM,NEW VARIO TECHNO PGM FI,15000.0
GANTI OLI PLUS PENGGANTIAN,VARIO 125 CBS ISS,0.0
SERVIS PAKET CVT PLUS,VARIO 125 CBS-ISS MMC,50000.0
SERVIS PAKET RINGAN PERAWATAN,SUPRA GTR 150,90000.0
JASA PASANG 15000,CB150R,15000.0
PEMERIKSAAN KELISTRIKAN,SUPRA X,35000.0
PERBAIKAN CVT,VARIO 125 CBS ISS,35000.0
PAKET RESET FI,NEW VARIO ESP CBS ADVANCE,50000.0
PENGGANTIAN OLI MESIN,VARIO 150 SPORTY,0.0
PENGGANTIAN SEAL SHOCK BREAKER DEPAN,NEW PCX 150 ABS,100000.0
SERVIS PAKET LENGKAP PERAWATAN PLUS,Genio CBS ISS,90000.0
PAKET SERVIS GOLD,CB150R STREETFIRE,0.0
JASA PASANG 200000,VARIO 125 CBS ISS,200000.0
PAKET PEMBERSIHAN CVT,NEW VARIO TECHNO PGM FI,25000.0
PENGGANTIAN OLI GARDAN,NEW VARIO TECHNO PGM FI,0.0
PERBAIKAN COM STEER,SPACY CW HELM IN FI,25000.0
SERVIS PAKET CVT PLUS,BEAT POP CBS ISS,39000.0
PAKET GOCENG,REVO 110 SPOKE WHEEL,5000.0
JASA PASANG 5000,CB150R,5000.0
SPECIAL MATIC 39K,VARIO 125 CBS ISS,39000.0
PAKET KURAS TANGKI,SUPRA X 125 R DD,25000.0
PENGGANTIAN SARINGAN UDARA,SPACY CW HELM IN FI,5000.0
JASA PASANG 5000,REVO FIT,5000.0
VISIT FEE,BEAT STREET,0.0
JASA PASANG 15000,VARIO 150,15000.0
KPB 3,SCOOPY ENERGETIC,0.0
PENGGANTIAN COM STEER,BeAT Sporty CBS ISS Deluxe,75000.0
PERBAIKAN KARET ARM,VARIO 125 CBS MMC,75000.0
PAKET SERVIS PLATINUM,BEAT CBS FI MMC,145000.0
PENGGANTIAN BAN BELAKANG,NEW VARIO 150,25000.0
JASA PASANG 75000,NEW VARIO 150,75000.0
PEMERIKSAAN KELISTRIKAN,REVO X,35000.0
PENGGANTIAN BEARING BELAKANG,REVO X,30000.0
PERBAIKAN COM STEER,REVO X,35000.0
PENGGANTIAN OLI MESIN,ALL NEW CB150R STREETFIRE,10000.0
JASA PASANG 15000,BEAT STREET CBS,10000.0
PENGGANTIAN KANVAS REM DEPAN,VARIO TECHNO NON CBS,25000.0
PAKET RESET FI,NEW BEAT CAST WHEEL,50000.0
JASA PASANG 65000,SUPRA X 125 R DD,65000.0
JASA PASANG 15000,BEAT SW FI MMC,15000.0
PENGGANTIAN OLI MESIN,BEAT POP CBS ISS,5000.0
PAKET GOCENG,BEAT,5000.0
JASA PASANG 60000,VARIO 125 CBS ISS,60000.0
JASA PASANG 85000,NEW VARIO 125 CBS,85000.0
GOKIL (GANTI OLI KILAT),NEW VARIO 125 CBS,0.0
PERBAIKAN KANVAS REM BELAKANG,NEW VARIO 125 CBS,20000.0
JASA PASANG 25000,VARIO 125 CBS,25000.0
PENGGANTIAN KANVAS REM DEPAN,ADV150 ABS,20000.0
PENGGANTIAN COVER HANDLE GETAR,REVO FIT FI,15000.0
JASA PASANG 15000,NEW VARIO ESP CBS ISS ADVA,15000.0
PAKET KURAS MASTER REM,NEW VARIO 125 CBS ISS,40000.0
PAKET KURAS RADIATOR,SCOOPY ESP,50000.0
JASA PASANG 20000,CB150R STREETFIRE,20000.0
KPB 1,CRF150L,0.0
PENGGANTIAN BAN BELAKANG,VARIO 150 MMC,30000.0
cvt,BEAT SPORTY CW,80000.0
JASA PASANG 10000,NEW PCX 150 ABS,10000.0
PAKET KURAS OLI SHOCK,NEW VARIO 125 CBS,25000.0
SERVIS PAKET LENGKAP PERAWATAN,VARIO ESP CBS ADV MMC,95000.0
PENGGANTIAN BUSI,ALL NEW SCOOPY STYLISH,15000.0
JASA PASANG 30000,NEW VARIO 150,30000.0
SERVIS PAKET CVT PLUS,VARIO TECHNO 125 FI CBS,50000.0
PEMERIKSAAN KELISTRIKAN,BEAT STREET CBS,50000.0
SERVIS PAKET RINGAN PERAWATAN,BEAT STREET CBS,75000.0
JASA PASANG 20000,BEAT STREET,20000.0
KPB 2,CRF150L,0.0
SERVIS PAKET CVT PLUS,ALL NEW SCOOPY SPORTY,50000.0
PAKET GOCENG,CBR 150R,5000.0
PENGGANTIAN BAN BELAKANG,ADV150 CBS,40000.0
PENGGANTIAN BAN DEPAN,ADV150 CBS,30000.0
PENGGANTIAN BELT DRIVE / ROLLER,ADV150 CBS,50000.0
PENGGANTIAN KANVAS REM DEPAN,ADV150 CBS,20000.0
PENGGANTIAN KANVAS REM BELAKANG,ADV150 CBS,30000.0
PENGGANTIAN RADIATOR COOLANT,ADV150 CBS,20000.0
SERVIS PAKET LENGKAP PERAWATAN PLUS,CB150R STREETFIRE SPECIAL,113000.0
PAKET CEBAN,NEW PCX 150 CBS,10000.0
PENGGANTIAN RADIATOR COOLANT,NEW VARIO TECHNO PGM FI,20000.0
PAKET CEBAN,CRF150L,10000.0
PERBAIKAN COVER HANDLE GETAR,VARIO 125 CBS,0.0
PERBAIKAN MASTER REM DEPAN,BEAT SPORTY CBS ISS,15000.0
KPB 3,VARIO 160 ABS,0.0
PENGGANTIAN OLI MESIN,NEW SCOOPY SPORTY,0.0
JASA PASANG 10000,NEW SCOOPY FI,10000.0
PERBAIKAN CVT,BeAT Sporty CBS,40000.0
CEK AJA DULU,VARIO 125 CBS ISS,1000.0
CEK AJA DULU,BEAT SPORTY CW,0.0
JASA CEK KILAT,BeAT Street,1.0
PAKET CEBAN,VERZA CAST WHEEL,10000.0
PENGGANTIAN CVT,BeAT Sporty CBS ISS Deluxe,50000.0
PENGGANTIAN COM STEER,NEW SCOOPY PRESTIGE JKT,175000.0
JASA PASANG 110000,NEW SCOOPY PRESTIGE JKT,110000.0
PENGGANTIAN CVT,NEW SCOOPY PRESTIGE JKT,45000.0
PAKET KURAS MASTER REM,VARIO 125 CBS MMC,40000.0
JASA PASANG 180000,NEW PCX 150 CBS,179000.0
JASA PASANG 50000,BEAT SPORTY CBS ISS,50000.0
JASA PASANG 10000,VARIO FI,10000.0
GOKIL (GANTI OLI KILAT),NEW SCOOPY FASHION,0.0
PENGGANTIAN BUSI,BEAT FI CW,10000.0
JASA PASANG 5000,GENIO CBS ISS,5000.0
GOKIL (GANTI OLI KILAT),BEAT SPORTY CBS,0.0
PAKET GOCENG,Genio CBS,5000.0
SERVIS PAKET LENGKAP PERAWATAN,VARIO 125 CBS-ISS MMC,90000.0
PERBAIKAN CVT,VARIO 125 CBS-ISS MMC,15000.0
JASA CEK KILAT,ALL NEW SCOOPY STYLISH,1.0
PENGGANTIAN KANVAS REM DEPAN,VARIO 125 CBS MMC,15000.0
PENGGANTIAN MASTER REM DEPAN,BeAT Sporty CBS ISS Deluxe,55000.0
PENGGANTIAN SHOCKBREAKER BELAKANG,BeAT Sporty CBS ISS Deluxe,88000.0
SERVIS PAKET LENGKAP PERAWATAN PLUS,SUPRA X 125 CW,80000.0
KPB 2,NEW VARIO 125 CBS-ISS,0.0
PENGGANTIAN GEAR SET ( DRIVE CHAIN KIT ),REVO FIT,57500.0
SERVIS PAKET CVT PLUS,PCX 160 ABS,39000.0
PENGGANTIAN KANVAS REM BELAKANG * ( CAKRAM ),BEAT SPORTY DLX SMART KEY,0.0
PAKET KURAS OLI SHOCK,BEAT SPORTY DLX SMART KEY,0.0
PAKET KURAS TANGKI,BEAT SPORTY DLX SMART KEY,0.0
PAKET KURAS MASTER REM,BEAT SPORTY DLX SMART KEY,0.0
PENGGANTIAN SARINGAN OLI,BEAT SPORTY DLX SMART KEY,0.0
PAKET KURAS RADIATOR,BEAT SPORTY DLX SMART KEY,0.0
PAKET INJECTOR CLEANER,BEAT SPORTY DLX SMART KEY,0.0
PAKET PEMBERSIHAN CVT,BEAT SPORTY DLX SMART KEY,0.0
PENGGANTIAN KANVAS REM BELAKANG * ABS,BEAT SPORTY DLX SMART KEY,0.0
PENGGANTIAN GEAR SET ( DRIVE CHAIN KIT ),BEAT SPORTY DLX SMART KEY,0.0
PENGGANTIAN KANVAS REM DEPAN * ABS,BEAT SPORTY DLX SMART KEY,0.0
SPECIAL MATIC 39K,NEW VARIO,39000.0
PAKET GOCENG,BEAT POP CW,5000.0
PENGGANTIAN RADIATOR COOLANT,PCX 160 CBS,0.0
JASA PASANG 40000,BEAT FI CW,40000.0
PENGGANTIAN MINYAK REM,BEAT FI CW,10000.0
SERVIS PAKET RINGAN PERAWATAN,BEAT FI CW,55000.0
JASA PASANG 10000,ALL NEW CBR 150R,10000.0
JASA PASANG 10000,VARIO 150 MMC,10000.0
JASA PASANG 10000,BeAT Sporty CBS ISS Deluxe,10000.0
PENGGANTIAN BAN BELAKANG,CBR 150R,16000.0
JASA PASANG 10000,BEAT SPORTY CBS,10000.0
PAKET GOCENG,VARIO 160 CBS,5000.0
JASA PASANG 15000,CB150R STREETFIRE SPECIAL,15000.0
SERVIS PAKET CVT PLUS,Beat Sporty,50000.0
SERVIS PAKET LENGKAP PERAWATAN,BEAT CBS FI MMC,130000.0
PENGGANTIAN OLI MESIN,BEAT CBS FI MMC,0.0
JASA PASANG 10000,BLADE,10000.0
SERVIS PAKET LENGKAP PERAWATAN,PCX,165000.0
PENGGANTIAN OLI MESIN,PCX,0.0
JASA PASANG 55000,GENIO CBS,55000.0
JASA PASANG 30000,SUPRA X 125 PGM FI,30000.0
VISIT FEE,BEAT SPORTY CW,0.0
PAKET SERVIS PLATINUM,BEAT SPORTY CBS ISS,145000.0
KPB 3,SCOOPY FASHION,0.0
PERBAIKAN BOHLAM LAMPU DEPAN / SOCKET ,SCOOPY FI,25000.0
PENGGANTIAN SARINGAN UDARA,PCX 160 CBS,15000.0
PAKET CEBAN,NEW CB150R STREETFIRE,10000.0
JASA PASANG 5000,ADV160 CBS,5000.0
SERVIS PAKET LENGKAP PERAWATAN PLUS,PCX160 RoadSync,153000.0
PENGGANTIAN BAN DEPAN,BeAT Sporty CBS ISS Deluxe,30000.0
SERVIS PAKET RINGAN PERAWATAN,BLADE,50000.0
PENGGANTIAN OLI GARDAN,BEAT SPORTY CBS,10000.0
PAKET RESET FI,BEAT CW FI MMC,35000.0
PAKET SIAP MUDIK 2024,VARIO 110 CBS,150000.0
SERVIS PAKET LENGKAP PERAWATAN PLUS,VARIO 160 CBS,117000.0
JASA PASANG 50000,VARIO 125 CBS,50000.0
SERVIS PAKET LENGKAP PERAWATAN PLUS,GENIO CBS ISS SE,115000.0
VISIT FEE,REVO 110 SPOKE WHEEL,0.0
SERVIS PAKET RINGAN PERAWATAN,PCX 160 ABS,130000.0
CUCI REM BELAKANG ,ALL NEW SCOOPY STYLISH,25000.0
JASA PASANG 10000,VARIO CAST WHEEL,10000.0
PERBAIKAN FUEL PUMP,BEAT SPORTY CBS,25000.0
PENGGANTIAN KANVAS REM DEPAN,GENIO CBS ISS SE,30000.0
PENGGANTIAN KANVAS REM BELAKANG,GENIO CBS ISS SE,29250.0
JASA PASANG 15000,BLADE,15000.0
PAKET CEBAN,REVO CW,10000.0
PERBAIKAN BOHLAM LAMPU DEPAN / SOCKET ,VARIO 125 CBS,9000.0
CEK AJA DULU,VARIO 150 MMC,1000.0
KPB 3,GENIO CBS,0.0
JASA PASANG 45000,ALL NEW SCOOPY SPORTY,45000.0
"PAKET PASCA MUDIK CUB, SPORT",PCX 160 CBS,45000.0
PENGGANTIAN BAN BELAKANG,NEW SCOOPY FI,30000.0
PEMERIKSAAN KELISTRIKAN,NEW PCX 150 ABS,50000.0
PENGGANTIAN SARINGAN UDARA,SUPRA X 125 CW MMC,15000.0
PERBAIKAN BAN BELAKANG,BEAT FI CW,15000.0
PERBAIKAN COM STEER,ALL NEW SCOOPY STYLISH,20000.0
JASA PASANG 15000,NEW BEAT SPOKE WHEEL,15000.0
SERVIS PAKET LENGKAP PERAWATAN,BEAT POP ESP CW,90000.0
PAKET SERVIS PLATINUM,BEAT SPORTY CBS,120000.0
PENGGANTIAN RADIATOR COOLANT,PCX,5000.0
SERVIS PAKET RINGAN PERAWATAN,ADV150 CBS,60000.0
PAKET SIAP MUDIK 2025,PCX 160 CBS,50000.0
KPB 1,NEW SCOOPY PRESTIGE,0.0
PAKET RESET FI,BEAT FI CW,50000.0
SERVIS PAKET CVT PLUS,NEW PCX 150 CBS,50000.0
SERVICE VISIT,BeAT Sporty CBS,75000.0
PENGGANTIAN OLI GARDAN,BEAT FI CW,10000.0
JASA PASANG 70000,REVO FIT,70000.0
PAKET GOCENG,ALL NEW SCOOPY SPORTY,5000.0
PENGGANTIAN BUSI,SUPRA X 125 HELM IN FI,15000.0
PERBAIKAN CVT,BEAT POP ESP CW,40000.0
PENGGANTIAN OLI MESIN,BEAT POP ESP CW PIXEL,0.0
JASA PASANG 35000,VERZA CAST WHEEL,35000.0
PAKET RESET FI,PCX 160 ABS,20000.0
PENGGANTIAN BELT DRIVE / ROLLER,BEAT FI CBS,45000.0
PERBAIKAN BAN DEPAN,ADV150 CBS,0.0
JASA PASANG 40000,NEW SUPRA GTR150 SPORTY,40000.0
PENGGANTIAN KANVAS REM DEPAN,SPACY CW HELM IN FI,10000.0
JASA PASANG 15000,SPACY CW HELM IN FI,15000.0
JASA PASANG 35000,BEAT SPORTY CBS ISS,35000.0
JASA PASANG 30000,VARIO 125 CBS ISS,30000.0
PAKET GOCENG,NEW PCX 150 ABS,5000.0
PROMO MERDEKA 1,NEW BEAT CAST WHEEL,0.0
PAKET CEBAN,BEAT FI SW,10000.0
PENGGANTIAN KANVAS REM DEPAN,NEW VARIO 125 CBS,15000.0
JASA PASANG 20000,NEW VARIO 125 CBS,20000.0
JASA PASANG 35000,BeAT Street,35000.0
PENGGANTIAN BUSI,NEW SCOOPY PRESTIGE,0.0
PENGGANTIAN SARINGAN UDARA,NEW SCOOPY PRESTIGE,0.0
PENGGANTIAN OLI MESIN,VARIO ESP CBS ADV MMC,5000.0
PEMERIKSAAN KELISTRIKAN,SCOOPY ESP,50000.0
JASA PASANG 30000,NEW VARIO TECHNO PGM FI,30000.0
PAKET GOCENG,BEAT STREET,5000.0
SERVIS PAKET LENGKAP PERAWATAN PLUS,NEW SCOOPY FI,85000.0
PENGGANTIAN BELT DRIVE / ROLLER,VARIO 125 CBS-ISS MMC,50000.0
PAKET KURAS OLI SHOCK,BEAT SPORTY CW,25000.0
JASA PASANG 10000,BEAT,10000.0
LCR CHECK,Genio CBS ISS,0.0
PERBAIKAN MASTER REM DEPAN,BEAT FI CBS,25000.0
JASA PASANG 10000,PCX 160 CBS,10000.0
PAKET GOCENG,VARIO TECHNO 125 FI CBS,5000.0
JASA PASANG 10000,NEW VARIO ESP CBS,10000.0
PERBAIKAN COVER HANDLE GETAR,ALL NEW SCOOPY SPORTY,10000.0
PAKET RESET FI,NEW SCOOPY FI,25000.0
PAKET KURAS MASTER REM,NEW VARIO ESP CBS,55000.0
PENGGANTIAN OLI GARDAN,VARIO 150 MMC,0.0
PERBAIKAN KANVAS REM BELAKANG,PCX,0.0
PENGGANTIAN OLI MESIN,VARIO 125 CBS-ISS MMC,5000.0
PENGGANTIAN RADIATOR COOLANT,NEW PCX 150 CBS,5000.0
PROMO MERDEKA 1,SCOOPY PRESTIGE,0.0
PENGGANTIAN BEARING DEPAN,BEAT POP ESP CW,25000.0
JASA PASANG 10000,VARIO 125 CBS ISS,10000.0
PENGGANTIAN BAN DEPAN,SCOOPY ESP,35000.0
PENGGANTIAN AKI,NEW VARIO 125 CBS,5000.0
GANTI OLI PLUS PENGGANTIAN,BEAT STREET,0.0
PAKET GOCENG,NEW VARIO,5000.0
PAKET INJECTOR CLEANER,VARIO 150,50000.0
PAKET SERVIS GOLD,PCX 160 CBS,200000.0
PAKET KURAS TANGKI,ALL NEW CB150R STREETFIRE,35000.0
SERVIS PAKET LENGKAP PERAWATAN,CB150R STREETFIRE SPECIAL,115000.0
PENGGANTIAN OLI MESIN,CB150R STREETFIRE SPECIAL,0.0
PENGGANTIAN SARINGAN UDARA,CB150R STREETFIRE SPECIAL,0.0
SETEL VELG DEPAN,ADV160 ABS,200000.0
JASA PASANG 95000,ADV160 ABS,95000.0
PENGGANTIAN SARINGAN UDARA,NEW VARIO TECHNO PGM FI,10000.0
KPB 2,PCX 160 ABS,0.0
PENGGANTIAN KANVAS REM BELAKANG,NEW VARIO 150,33000.0
SPECIAL MATIC 50K,BeAT Sporty CBS,50000.0
JASA PASANG 60000,NEW VARIO TECHNO PGM FI,60000.0
PERBAIKAN SARINGAN UDARA,Beat Sporty,10000.0
JASA PASANG 10000,REVO FIT,10000.0
JASA PASANG 75000,REVO FIT,75000.0
PEMERIKSAAN KELISTRIKAN,NEW VARIO TECHNO PGM FI,35000.0
PENGGANTIAN BAN DEPAN,REVO 110 SPOKE WHEEL,20000.0
PEMERIKSAAN LAIN - LAIN,VARIO ESP CBS MMC,0.0
JASA PASANG 5000,NEW BLADE R 125 FI,5000.0
PERBAIKAN SARINGAN UDARA,BEAT SPORTY CBS,0.0
PAKET CEBAN,NEW SCOOPY SPORTY,10000.0
PERBAIKAN BAN BELAKANG,BEAT STREET CBS,30000.0
JASA PASANG 95000,BEAT STREET CBS,95000.0
SERVIS PAKET LENGKAP PERAWATAN PLUS,BLADE,75000.0
KPB 3,GENIO CBS ISS,0.0
PAKET SERVIS PUBLIC AREA,BLADE,65000.0
PERBAIKAN SARINGAN UDARA,VARIO TECHNO 125 FI CBS,0.0
PENGGANTIAN BOHLAM LAMPU DEPAN / SOCKET ,SUPRA X 125 R DD,25000.0
PENGGANTIAN BAN BELAKANG,SUPRA X 125 R DD,35000.0
"PAKET PASCA MUDIK CUB, SPORT",SUPRA X 125 R DD,80000.0
PEMERIKSAAN KELISTRIKAN,BEAT SPORTY CBS ISS,50000.0
VISIT FEE,BEAT CW FI MMC,0.0
PAKET KURAS RADIATOR,BEAT SPORTY CBS ISS,35000.0
PAKET GOCENG,ADV150 CBS,5000.0
SERVIS PAKET RINGAN PERAWATAN,NEW SCOOPY PRESTIGE,120000.0
PERBAIKAN COM STEER,NEW VARIO 125 CBS,100000.0
KPB 2,ADV160 CBS,0.0
PERBAIKAN CVT,VARIO 150,40000.0
PAKET GOCENG,NEW SCOOPY FI,5000.0
PEMERIKSAAN LAIN - LAIN,VARIO FI,0.0
JASA PASANG 75000,VARIO TECHNO 125 FI CBS,75000.0
JASA PASANG 75000,BEAT SPORTY CW,75000.0
GOKIL (GANTI OLI KILAT),BeAT Sporty CBS,0.0
GANTI OLI PLUS PENGGANTIAN,PCX 160 CBS,10000.0
PAKET CEBAN,SUPRA X 125 CW,10000.0
LCR GANTI,BeAT Sporty CBS,0.0
PAKET GOCENG,NEW VARIO 125 CBS ISS,5000.0
PAKET KURAS OLI SHOCK,REVO 110 SPOKE WHEEL,100000.0
JASA PASANG 45000,PCX 150,45000.0
GOKIL (GANTI OLI KILAT),NEW SCOOPY STYLISH,0.0
LCR TREATMENT 1,Genio CBS ISS,0.0
PAKET GOCENG,NEW VARIO ESP CBS ADVANCE,5000.0
PERBAIKAN KUNCI SET,REVO FIT FI,50000.0
PENGGANTIAN OLI MESIN,ADV150 ABS,0.0
PENGGANTIAN SARINGAN UDARA,ADV150 ABS,5000.0
PENGGANTIAN BEARING DEPAN,PCX 160 CBS,30000.0
PENGGANTIAN BAN BELAKANG,ADV160 CBS,30000.0
PENGGANTIAN BAN DEPAN,ADV160 CBS,30000.0
JASA PASANG 110000,NEW VARIO 125 CBS,110000.0
JASA PASANG 20000,BLADE,20000.0
KPB 2,GENIO CBS ISS,0.0
PENGGANTIAN OLI GARDAN,BeAT Sporty CBS ISS,0.0
PENGGANTIAN BUSI,BeAT Sporty CBS ISS,5000.0
PENGGANTIAN SARINGAN UDARA,BeAT Sporty CBS ISS,5000.0
SERVIS PAKET LENGKAP PERAWATAN PLUS,PCX 150,185000.0
PENGGANTIAN OLI MESIN,PCX 150,50000.0
JASA PASANG 15000,BEAT FI SW,15000.0
PERBAIKAN CVT,VARIO 125 CBS MMC,40000.0
JASA PASANG,STYLO 160 ABS,25000.0
PENGGANTIAN KANVAS REM BELAKANG,SCOOPY ESP,27000.0
GANTI OLI PLUS PENGGANTIAN,SUPRA X 125 CW MMC,2000.0
PAKET GOCENG,PCX 160 CBS,5000.0
PENGGANTIAN SARINGAN OLI,SCOOPY PRESTIGE,0.0
PENGGANTIAN OLI SHOCKBREAKER,SCOOPY PRESTIGE,0.0
CAD (CEK AJA DULU),BEAT SPORTY CW,0.0
JASA PASANG 40000,PCX 160 ABS,40000.0
PENGGANTIAN SARINGAN UDARA,PCX 160 ABS,0.0
PERBAIKAN CVT,NEW PCX 150 ABS,60000.0
JASA PASANG 5000,SUPRA X 125 HELM IN FI,5000.0
PEMERIKSAAN KELISTRIKAN,BEAT FI SW,50000.0
PAKET KURAS MASTER REM,BEAT SPORTY CBS,15000.0
PENGGANTIAN MINYAK REM,BEAT SPORTY CBS ISS,10000.0
JASA PASANG 35000,PCX 160 ABS,35000.0
SERVIS PAKET LENGKAP PERAWATAN,BEAT POP ESP CW PIXEL,80000.0
JASA PASANG 50000,BEAT POP ESP CW PIXEL,50000.0
JASA PASANG 10000,ALL NEW SCOOPY PLAYFUL,10000.0
PENGGANTIAN KANVAS REM BELAKANG,NEW PCX 150 ABS,25000.0
PENGGANTIAN OLI MESIN,VARIO 110 CBS ISS,0.0
PENGGANTIAN BEARING DEPAN,NEW VARIO TECHNO PGM FI,25000.0
PERBAIKAN BOHLAM LAMPU DEPAN / SOCKET ,BEAT SPORTY CBS,15000.0
PEMERIKSAAN KELISTRIKAN,CB150 VERZA CW,50000.0
SERVIS PAKET LENGKAP PERAWATAN PLUS,VARIO 110 CBS ISS,95000.0
PAKET KURAS RADIATOR,NEW PCX 150 CBS,45000.0
SERVICE LENGKAP,VARIO 125 CBS ISS,122000.0
PENGGANTIAN KANVAS REM BELAKANG,BEAT SPORTY CBS,15000.0
JASA PASANG 15000,VARIO 125 CBS ISS,15000.0
SERVIS PAKET LENGKAP PERAWATAN PLUS,CB150R STREETFIRE,140000.0
PENGGANTIAN STANDAR TENGAH,VARIO 125 CBS,65000.0
JASA PASANG 35000,NEW VARIO CBS PGM FI,35000.0
SERVIS PAKET LENGKAP PERAWATAN,New Supra GTR150 Sporty,138000.0
PENGGANTIAN KANVAS REM DEPAN,VARIO 125 CBS-ISS MMC,20000.0
CAD (CEK AJA DULU),BEAT STREET,0.0
JASA PASANG 130000,ALL NEW CBR150R,130000.0
PEMERIKSAAN LAIN - LAIN,ALL NEW CBR150R,0.0
JASA PASANG 30000,REVO FIT FI,30000.0
PERBAIKAN BOHLAM LAMPU DEPAN / SOCKET ,VARIO 150 MMC,15000.0
PAKET CEBAN,NEW VARIO ESP CBS ISS,10000.0
SERVIS PAKET LENGKAP PERAWATAN,SCOOPY PRESTIGE,115000.0
PAKET GOCENG,NEW SCOOPY STYLISH,5000.0
PENGGANTIAN OLI GARDAN,BeAT Sporty DLX Smart Key,0.0
SERVIS PAKET LENGKAP PERAWATAN,ADV 160 CBS,175000.0
JASA PASANG 10000,NEW BLADE 125 FI R,10000.0
PENGGANTIAN GEAR BOX,BEAT FI SW,15000.0
PENGGANTIAN BAN BELAKANG,PCX 150,30000.0
SPECIAL MATIC 50K,BeAT Sporty CBS ISS Deluxe,50000.0
SERVICE LENGKAP PERAWATAN ,STYLO 160 ABS,118000.0
PAKET GOCENG,VARIO 150 SPORTY,5000.0
PAKET SERBU KETUPAT SPORT,CB150R STREETFIRE,130000.0
JASA PASANG 5000,BEAT POP CBS,4500.0
PENGGANTIAN RADIATOR COOLANT,CB150R STREETFIRE,0.0
PENGGANTIAN OLI MESIN,NEW VARIO,15000.0
PAKET CEBAN,VARIO 110 CBS,10000.0
PAKET SIAP MUDIK 2025,BeAT Sporty CBS ISS Deluxe,50000.0
CAD (CEK AJA DULU),NEW VARIO TECHNO PGM FI,0.0
PAKET KURAS RADIATOR,VARIO 125 CBS,35000.0
KPB 1,GENIO CBS,0.0
JASA PASANG 35000,VARIO TECHNO 125 FI ISS,35000.0
PENGGANTIAN MASTER REM DEPAN,VARIO 110 CBS ISS,65000.0
PENGGANTIAN KANVAS REM BELAKANG,VARIO 110 CBS ISS,30000.0
PAKET SERVIS SAHABAT WARGA,REVO CW,70000.0
PAKET GOCENG,NEW CB150R STREETFIRE,5000.0
PERBAIKAN STATOR COMP / SPULL,VARIO FI,25000.0
CLAIM C2 PENGGANTIAN,BeAT Sporty DLX Smart Key,0.0
JASA PASANG 25000,VARIO TECHNO 125 CBS ISS,25000.0
PERBAIKAN JARI - JARI / GANTI TROMOL,BEAT POP ESP CW,0.0
SERVIS PAKET LENGKAP PERAWATAN,REVO,80000.0
JASA PASANG 175000,BEAT SPORTY CBS,175000.0
JASA PASANG 20000,CB150 VERZA SW,20000.0
PENGGANTIAN BAN DEPAN,CB150 VERZA SW,30000.0
PENGGANTIAN KANVAS REM BELAKANG,NEW SCOOPY STYLISH,20000.0
PENGGANTIAN KANVAS REM DEPAN,NEW SCOOPY STYLISH,20000.0
PAKET INJECTOR CLEANER,NEW SCOOPY STYLISH,40000.0
PERBAIKAN SARINGAN UDARA,VARIO 160 CBS,5000.0
PENGGANTIAN KANVAS REM BELAKANG,BEAT FI SW,50000.0
PENGGANTIAN OLI MESIN,ALL NEW CBR150R,5000.0
PENGGANTIAN SARINGAN UDARA,ALL NEW CBR150R,10000.0
PENGGANTIAN BUSI,New Vario 150 Exclusive ACCS,5000.0
PAKET CEBAN,BeAT Sporty CBS,10000.0
JASA PASANG 15000,BEAT,15000.0
JASA PASANG 15000,NEW VARIO,15000.0
JASA PASANG 65000,BEAT SPORTY CBS ISS,65000.0
PENGGANTIAN BAN BELAKANG,BeAT Street,25000.0
SERVIS PAKET LENGKAP PERAWATAN,VARIO 110 CBS,111000.0
JASA PASANG 40000,VARIO 160 ABS,40000.0
JASA PASANG 85000,VARIO 160 ABS,85000.0
SERVICE LENGKAP,Beat Sporty,97000.0
PAKET CEBAN,ALL NEW CBR150R,10000.0
SERVIS PAKET CVT PLUS,VARIO 160 ABS,0.0
PENGGANTIAN KANVAS REM DEPAN,NEW PCX 150 CBS,25000.0
PENGGANTIAN KANVAS REM BELAKANG,NEW PCX 150 CBS,25000.0
PAKET INJECTOR CLEANER,BEAT SPORTY CBS,50000.0
PERBAIKAN COM STEER,Beat Sporty,25000.0
PENGGANTIAN OLI GARDAN / OIL FINAL GEAR,SUPRA X 125 R DD,0.0
JASA PASANG 10000,PCX160 ABS,10000.0
PEMERIKSAAN LAIN - LAIN,VARIO TECHNO 125 FI ISS,0.0
PENGGANTIAN BOHLAM LAMPU DEPAN / SOCKET ,BEAT SPORTY CW,21000.0
PENGGANTIAN KANVAS REM BELAKANG,VARIO TECHNO 125 FI CBS,20000.0
KPB 1,ADV160 CBS,0.0
SERVICE LENGKAP PERAWATAN,GENIO CBS,95000.0
PEMERIKSAAN KELISTRIKAN RINGAN,VARIO 150,35000.0
JASA PASANG 75000,NEW PCX 150 ABS,75000.0
PENGGANTIAN OLI GARDAN,NEW PCX 150 ABS,5000.0
PAKET GOCENG,SPACY CW HELM IN FI,5000.0
PENGGANTIAN OLI MESIN,BEAT POP CW,5000.0
JASA PASANG 15000,NEW BLADE R 125 FI,15000.0
JASA PASANG 10000,REVO X,10000.0
PENGGANTIAN OLI MESIN,NEW CB150R STREETFIRE,5000.0
PENGGANTIAN SARINGAN UDARA,NEW CB150R STREETFIRE,15000.0
PENGGANTIAN SARINGAN OLI,ALL NEW SCOOPY SPORTY,0.0
PENGGANTIAN BUSI,REVO FIT,10000.0
PAKET GOCENG,SPACY SPOKE WHEEL,5000.0
PAKET GOCENG,SONIC 150R MATTE BLACK,5000.0
JASA PASANG 75000,BEAT STREET CBS,75000.0
PAKET SPESIAL SERVIS MOTOR 2018,CBR 150R STD,190000.0
PERBAIKAN COM STEER,SCOOPY FI,100000.0
PENGGANTIAN CVT,GENIO CBS ISS,45000.0
PERBAIKAN COM STEER,GENIO CBS ISS,35000.0
JASA PASANG 110000,GENIO CBS ISS,110000.0
PENGGANTIAN SARINGAN OLI,VARIO CAST WHEEL,15000.0
PENGGANTIAN AKI,VARIO 150 MMC,6000.0
SERVICE GRATIS (CSR),BEAT SPORTY CBS ISS,0.0
PAKET GOCENG,NEW VARIO ESP CBS ISS,5000.0
SERVIS PAKET LENGKAP PERAWATAN,VARIO 160 ABS,120350.0
PERAWATAN CVT,VARIO 160 ABS,60000.0
JASA PASANG 45000,REVO FIT,45000.0
JASA PASANG 85000,NEW VARIO 150,85000.0
JASA PASANG 15000,ALL NEW CB150R STREETFIRE,15000.0
PAKET INJECTOR CLEANER,ALL NEW CB150R STREETFIRE,45000.0
PENGGANTIAN RADIATOR COOLANT,ALL NEW CB150R STREETFIRE,25000.0
JASA PASANG 15000,SUPRA X 125 SW,15000.0
JASA PASANG 15000,VARIO FI,15000.0
JASA PASANG 10000,BeAT Sporty DLX Smart Key,0.0
PEMERIKSAAN KELISTRIKAN,NEW VARIO 125 CBS ISS,32000.0
PENGGANTIAN AKI,VARIO TECHNO 125 CBS ISS,10000.0
PAKET CEBAN,SONIC 150R,10000.0
PENGGANTIAN CVT,BEAT FI CW,50000.0
PAKET KURAS OLI SHOCK,NEW CBR 150R,0.0
JASA PASANG 40000,NEW VARIO ESP CBS ADVANCE,40000.0
BONGKAR CVT,BEAT SPORTY CBS,35000.0
SPECIAL MATIC 39K,VARIO 125 CBS ISS SP,39000.0
PAKET GOCENG,NEW PCX 150 CBS,5000.0
PENGGANTIAN OLI MESIN,SUPRA X 125 PGM FI CW DD,5000.0
JASA PASANG 90000,NEW MEGA PRO CW,90000.0
JASA PASANG 25000,NEW MEGA PRO CW,25000.0
PENGGANTIAN SEAL SHOCK BREAKER DEPAN,NEW MEGA PRO CW,100000.0
JASA PASANG 150000,NEW MEGA PRO CW,150000.0
PAKET KURAS TANGKI,NEW MEGA PRO CW,50000.0
PERBAIKAN KANVAS REM BELAKANG,BeAT Street,20000.0
JASA PASANG 25000,SPACY CW HELM IN FI,25000.0
PERBAIKAN COM STEER,BeAT Street,15000.0
PENGGANTIAN BELT DRIVE / ROLLER,Beat Sporty,0.0
PENGGANTIAN BAN BELAKANG,Beat Sporty,0.0
PENGGANTIAN FUEL PUMP,Beat Sporty,0.0
KURAS MINYAK REM,Beat Sporty,0.0
PENGGANTIAN SARINGAN UDARA,Beat Sporty,0.0
PENGGANTIAN BAN DEPAN,Beat Sporty,0.0
PENGGANTIAN BUSI,Beat Sporty,0.0
PENGGANTIAN RANTAI KETENG ,Beat Sporty,0.0
PENGGANTIAN AKI,Beat Sporty,0.0
PENGGANTIAN KANVAS REM BELAKANG,Beat Sporty,0.0
PENGGANTIAN BAN DEPAN,CB150 VERZA CW,20000.0
PAKET CEBAN,VARIO 125 CBS MMC,10000.0
JASA PASANG 15000,NEW BEAT CAST WHEEL,15000.0
JASA PASANG 100000,VARIO 125 CBS ISS,100000.0
SERVIS PAKET LENGKAP PERAWATAN,BEAT POP ESP CBS,90000.0
GOKIL (GANTI OLI KILAT),BEAT SPORTY CW,0.0
KPB 2,NEW SCOOPY PRESTIGE,0.0
SERVIS PAKET RINGAN PERAWATAN,TIGER CAST WHEEL,85000.0
PERBAIKAN COM STEER,TIGER CAST WHEEL,100000.0
PENGGANTIAN BUSI,SCOOPY FI,10000.0
PAKET PEMBERSIHAN CVT,CB150R STREETFIRE,0.0
PENGGANTIAN RADIATOR COOLANT,NEW VARIO 150,35000.0
GANTI OLI PLUS PENGGANTIAN,VARIO 150,8000.0
PERBAIKAN JARI - JARI / GANTI TROMOL,BEAT POP CBS ISS,0.0
PENGGANTIAN OLI GARDAN,VARIO CAST WHEEL,0.0
SERVIS PAKET LENGKAP PERAWATAN,VARIO CAST WHEEL,71000.0
PERBAIKAN CVT,VARIO CAST WHEEL,20000.0
JASA PASANG 70000,BeAT Sporty CBS ISS Deluxe,70000.0
PERBAIKAN CVT,BEAT POP ESP CBS ISS PIXEL,40000.0
PAKET CEBAN,ADV150 ABS,10000.0
JASA PASANG 70000,NEW VARIO CBS PGM FI,70000.0
JASA PASANG 55000,NEW VARIO CBS PGM FI,55000.0
PENGGANTIAN SEAL SHOCK BREAKER DEPAN,BEAT SPORTY CBS,30000.0
PRESS FORK / SEGITIGA,BEAT SPORTY CBS,170000.0
JASA PASANG 50000,VARIO 150,50000.0
PENGGANTIAN SARINGAN OLI,BEAT CW FI MMC,0.0
JASA PASANG 20000,SUPRA X 125 DISK BRAKE,20000.0
PERBAIKAN MASTER REM DEPAN,BeAT Sporty CBS ISS Deluxe,45000.0
PERBAIKAN COM STEER,NEW BEAT CAST WHEEL,15000.0
PENGGANTIAN BUSI,VARIO TECHNO 125 CBS ISS,10000.0
JASA PASANG 55000,BEAT SPORTY CW,55000.0
PERBAIKAN CVT,BEAT STREET CBS,35000.0
CAD (CEK AJA DULU),BEAT SPORTY CBS,0.0
PENGGANTIAN OLI GARDAN,BEAT STREET,5000.0
PERBAIKAN KANVAS REM BELAKANG,NEW SCOOPY SPORTY,20000.0
PERBAIKAN COM STEER,NEW SCOOPY SPORTY,20000.0
KPB 3,STYLO 160 ABS,0.0
SERVIS PAKET LENGKAP PERAWATAN,TIGER 2000,165000.0
PAKET CEBAN,NEW SUPRA GTR150 EXCLUSIVE,10000.0
SERVICE GRATIS (CSR),BEAT STREET CBS,0.0
PENGGANTIAN OLI MESIN,NEW VARIO ESP CBS ADVANCE,0.0
PAKET PEMBERSIHAN CVT,NEW BEAT CAST WHEEL,40000.0
PENGGANTIAN SARINGAN UDARA,GENIO CBS ISS,0.0
PENGGANTIAN BUSI,GENIO CBS ISS,10000.0
JASA PASANG 15000,VARIO 150 MMC,15000.0
KPB 2,PCX,0.0
PENGGANTIAN OLI GARDAN,PCX,0.0
GOKIL (GANTI OLI KILAT),ALL NEW SCOOPY SPORTY,0.0
PAKET SIAP MUDIK 2024,VARIO 125 CBS,150000.0
PAKET SERVIS POS H1,CS1,110000.0
PAKET SIAP MUDIK 2025,BeAT Sporty DLX Smart Key,50000.0
PERBAIKAN CVT,BEAT POP CBS,40000.0
JASA PASANG 25000,BEAT SPORTY CBS ISS,25000.0
PENGGANTIAN KANVAS REM BELAKANG,SUPRA X 125 PGM FI CW,0.0
CAD (CEK AJA DULU),ALL NEW SCOOPY STYLISH,0.0
GANTI OLI PLUS PENGGANTIAN,SCOOPY ESP,0.0
SPECIAL MATIC 39K,NEW VARIO TECHNO PGM FI,39000.0
PAKET PEMBERSIHAN CVT,Beat Sporty,10000.0
PENGGANTIAN BUSI,NEW PCX 150 CBS,10000.0
PERBAIKAN KANVAS KOPLING,CB150 VERZA SW,100000.0
PENGGANTIAN BEARING BELAKANG,CB150 VERZA SW,25000.0
PENGGANTIAN COM STEER,CB150 VERZA SW,100000.0
PENGGANTIAN OLI GARDAN / OIL FINAL GEAR,VARIO 150,5000.0
PENGGANTIAN OLI GARDAN,BEAT SW FI MMC,0.0
CUCI INJEKTOR 65000,BEAT SW FI MMC,50000.0
PAKET PEMBERSIHAN CVT,BEAT SW FI MMC,10000.0
PERBAIKAN SARINGAN UDARA,BEAT SPORTY CW,5000.0
PENGGANTIAN SARINGAN UDARA,NEW VARIO,10000.0
SERVIS PAKET LENGKAP PERAWATAN,SONIC 150R MATTE BLACK,100000.0
KPB 4,NEW SCOOPY FASHION,0.0
PENGGANTIAN OLI MESIN,SUPRA FIT DISKBRAKE,0.0
SERVIS PAKET LENGKAP PERAWATAN,SUPRA FIT DISKBRAKE,70000.0
PERBAIKAN CVT,VARIO 125 CBS ISS SP,15000.0
PENGGANTIAN KANVAS REM DEPAN,NEW SUPRA X 125 FI CW,15000.0
PENGGANTIAN KANVAS REM DEPAN * ABS,NEW SUPRA X 125 FI CW,15000.0
PENGGANTIAN SARINGAN UDARA,ADV160 CBS,0.0
PENGGANTIAN OLI MESIN,VERZA SPOKE WHEEL,0.0
PENGGANTIAN BUSI,VERZA SPOKE WHEEL,0.0
SERVIS PAKET LENGKAP PERAWATAN,VERZA SPOKE WHEEL,0.0
PENGGANTIAN SARINGAN UDARA,VERZA SPOKE WHEEL,0.0
PENGGANTIAN COM STEER,NEW VARIO 150,60000.0
JASA PASANG 75000,PCX 160 CBS,75000.0
VISIT FEE,BEAT SPORTY CBS ISS,0.0
KPB 3,NEW SCOOPY PRESTIDGE,0.0
JASA PASANG 20000,VARIO FI,20000.0
PENGGANTIAN BUSI,NEW PCX 150 ABS,15000.0
PENGGANTIAN SARINGAN UDARA,SONIC 150R MATTE BLACK,15000.0
PENGGANTIAN OLI MESIN,SONIC 150R MATTE BLACK,5000.0
PROMO MERDEKA 1,BEAT FI SW,0.0
PENGGANTIAN SARINGAN UDARA,ADV150 CBS,10000.0
PENGGANTIAN AKI,NEW VARIO TECHNO PGM FI,15000.0
PENGGANTIAN AKI,BEAT,5000.0
PENGGANTIAN OLI GARDAN,SCOOPY ESP,5000.0
JASA FLASH,NEW SCOOPY PRESTIGE,13500.0
JASA PASANG 55000,BEAT SPORTY CBS,55000.0
PENGGANTIAN KANVAS REM DEPAN,BEAT SPORTY CBS,27000.0
PENGGANTIAN KANVAS REM DEPAN,BeAT Street,20000.0
PENGGANTIAN SARINGAN OLI,BEAT SPORTY CW,0.0
KURAS MINYAK REM,NEW SCOOPY STYLISH,20000.0
PENGGANTIAN BAN DEPAN,NEW SCOOPY STYLISH,30000.0
PENGGANTIAN BAN BELAKANG,NEW SCOOPY STYLISH,30000.0
PENGGANTIAN FUEL PUMP,NEW SCOOPY STYLISH,50000.0
PENGGANTIAN AKI,NEW SCOOPY STYLISH,10000.0
PENGGANTIAN BELT DRIVE / ROLLER,NEW SCOOPY STYLISH,30000.0
PENGGANTIAN RANTAI KETENG ,NEW SCOOPY STYLISH,70000.0
PENGGANTIAN OLI GARDAN,PCX 160 ABS,5000.0
SAFETY CHECK,BEAT SPORTY CBS,2000.0
PAKET KURAS OLI SHOCK,BEAT CW FI MMC,25000.0
PEMERIKSAAN LAIN - LAIN,BEAT SPORTY CBS ISS,0.0
SPECIAL MATIC 50K,BEAT SPORTY CBS,50000.0
PERBAIKAN BAN BELAKANG,REVO X,35000.0
BONGKAR CVT,PCX 160 CBS,35000.0
PENGGANTIAN BELT DRIVE / ROLLER,PCX 160 CBS,0.0
PAKET SERBU KETUPAT CUB,REVO CW,85000.0
JASA PASANG 35000,REVO FIT,35000.0
PENGGANTIAN KANVAS REM DEPAN,BEAT SPORTY DLX SMART KEY,15000.0
SERVIS PAKET RINGAN PERAWATAN,NEW SCOOPY FI,75000.0
PENGGANTIAN BUSI,NEW VARIO TECHNO PGM FI,20000.0
PEMERIKSAAN LAIN - LAIN,CB150X STD,0.0
PENGGANTIAN KANVAS REM DEPAN,NEW BEAT CAST WHEEL,15000.0
PENGGANTIAN SEAL SHOCK BREAKER DEPAN,NEW BEAT CAST WHEEL,45000.0
SERVIS PAKET LENGKAP PERAWATAN,BEAT POP CBS ISS,90000.0
SERVIS PAKET LENGKAP PERAWATAN,STYLO 160 CBS,130000.0
JASA PASANG 150000,NEW SCOOPY FI,150000.0
SERVIS PAKET LENGAKP PERAWATAN,BeAT Sporty CBS,70000.0
JASA PASANG 110000,NEW SCOOPY FASHION,110000.0
PENGGANTIAN CVT,NEW SCOOPY FASHION,35000.0
PEMERIKSAAN KELISTRIKAN,NEW SCOOPY STYLISH,92000.0
PAKET RESET FI,SUPRA X 125 DISK BRAKE,30000.0
JASA PASANG 25000,BeAT Sporty CBS,25000.0
PERBAIKAN CVT,ALL NEW SCOOPY STYLISH,35000.0
SERVIS PAKET LENGKAP PERAWATAN,SUPRA X 125 CW HELM IN,75000.0
SAFETY CHECK,BEAT SPORTY CW,2000.0
SERVICE PAKET LENGKAP,NEW SCOOPY PRESTIGE,100000.0
CAD (CEK AJA DULU),BEAT CW FI MMC,0.0
JASA PASANG 15000,ALL NEW SCOOPY PLAYFUL,15000.0
PAKET GOCENG,NEW SUPRA GTR150 SPORTY,5000.0
JASA PASANG 10000,STYLO 160 CBS,10000.0
PERBAIKAN SARINGAN UDARA,NEW VARIO TECHNO PGM FI,0.0
PAKET PASCA MUDIK MATIC,BEAT SPORTY CW,50000.0
JASA PASANG 5000,BEAT POP ESP CBS,2000.0
JASA PASANG 85000,VARIO 160 CBS,85000.0
JASA PASANG 40000,VARIO 160 CBS,40000.0
SERVIS PAKET CVT PLUS,VARIO ESP CBS MMC,39000.0
PAKET SIAP MUDIK 2025,VARIO 150,50000.0
PENGGANTIAN SARINGAN UDARA,BEAT FI CW,15000.0
PERBAIKAN KANVAS REM BELAKANG,BEAT POP CW,20000.0
SERVIS PAKET LENGKAP PERAWATAN PLUS,Beat Sporty,125000.0
JASA PASANG 45000,PCX 160 ABS,45000.0
PROMO CAD1,BEAT FI CW,1000.0
PROMO CAD1,BEAT SPORTY CBS,1000.0
JASA PASANG 5000,ADV160 ABS,5000.0
SPECIAL MATIC 50K,SCOOPY ESP,50000.0
PERBAIKAN SARINGAN UDARA,VARIO TECHNO 125 FI ISS,0.0
SERVIS PAKET CVT PLUS,BEAT CBS FI MMC,50000.0
PENGGANTIAN BUSI,VARIO TECHNO,5000.0
SAFETY CHECK,VARIO 110 CBS ISS,2000.0
LCR TREATMENT 1,VARIO 160 ABS,0.0
PROMO CAD1,BEAT SPORTY CBS ISS,1000.0
GOKIL (GANTI OLI KILAT),BEAT SPORTY CBS ISS,0.0
SERVIS PAKET RINGAN PERAWATAN,VARIO 150 NEW ACC,0.0
JASA PASANG 5000,CBR 150R,5000.0
SAFETY CHECK,NEW BLADE S 125 FI,2000.0
SERVIS PAKET CVT PLUS,New Vario 150,50000.0
JASA PASANG 80000,ALL NEW SCOOPY STYLISH,80000.0
SERVICE BERKALA TYPE MATIC 110-125CC,BeAT Sporty CBS,95000.0
PROMO MERDEKA 1,BeAT Sporty CBS ISS Deluxe,0.0
PAKET CEBAN,VARIO 110 CBS ISS,10000.0
JASA PASANG 5000,CB150 VERZA CW,5000.0
PAKET GOCENG,ALL NEW CBR 150R,5000.0
SAFETY CHECK,BEAT CW FI MMC,2000.0
CEK NITROGEN BAN DEPAN 5000,CBR 150R,5000.0
PAKET RESET FI,SCOOPY FI,25000.0
PENGGANTIAN CVT,PCX 160 CBS,48750.0
JASA PASANG 300000,VARIO 125 CBS ISS,300000.0
JASA PASANG 5000,NEW PCX 150 ABS,5000.0
JASA PASANG 60000,VARIO 150,60000.0
JASA PASANG 15000,New Vario 150,15000.0
SERVIS RINGAN,VARIO 125 CBS,100000.0
JASA PASANG 30000,VERZA CAST WHEEL,30000.0
SPECIAL MATIC 50K,ALL NEW SCOOPY STYLISH,50000.0
JASA PASANG 30000,BEAT SPORTY CW,30000.0
SERVIS PAKET RINGAN PERAWATAN,VARIO TECHNO 125 CBS ISS,90000.0
PAKET KURAS RADIATOR,NEW BEAT CAST WHEEL,35000.0
JASA PASANG 20000,BEAT FI SW,20000.0
PERBAIKAN KANVAS REM DEPAN * ABS,VARIO 125 CBS MMC,35000.0
SAFETY CHECK,SUPRA X 125 SW MMC,0.0
PROMO CAD1,BEAT STREET,1000.0
PROMO CAD1,VARIO 150,1000.0
PENGGANTIAN SARINGAN OLI,NEW SCOOPY PRESTIGE,5000.0
PENGGANTIAN KANVAS REM DEPAN,SUPRA FIT DISKBRAKE,25000.0
PENGGANTIAN MASTER REM DEPAN,SUPRA FIT DISKBRAKE,50000.0
JASA PASANG 25000,BeAT Sporty CBS ISS Deluxe,35000.0
CAD (CEK AJA DULU),VARIO 125 CBS ISS,0.0
PENGGANTIAN SARINGAN OLI,BEAT POP CW,0.0
JASA PASANG 40000,Beat Sporty,40000.0
PROMO CAD1,BEAT SPORTY CW,1000.0
JASA PASANG 55000,VARIO FI,55000.0
PAKET GOCENG,CRF150L,5000.0
SAFETY CHECK,BEAT POP ESP CW COMIC,2000.0
PERBAIKAN BAN DEPAN,NEW VARIO TECHNO PGM FI,35000.0
JASA PASANG 40000,NEW VARIO TECHNO PGM FI,40000.0
CAD (CEK AJA DULU),VARIO TECHNO 125 CBS ISS,0.0
SERVIS PAKET LENGKAP PERAWATAN PLUS,REVO X,85000.0
JASA PASANG 35000,SCOOPY FI,35000.0
JASA PASANG 35000,VARIO 150 MMC,35000.0
SERVIS PAKET RINGAN PERAWATAN,SUPRA X 125 HELM IN FI,65000.0
JASA PASANG 15000,BEAT FI CBS,15000.0
SERVIS PAKET LENGKAP PERAWATAN,NEW MEGA PRO CW,115000.0
JASA PASANG 30000,BEAT STREET,30000.0
PAKET PAS,SCOOPY ESP,50000.0
PAKET KURAS MASTER REM,VARIO 150 MMC,25000.0
JASA PASANG 10000,SCOOPY PRESTIGE,10000.0
PROMO CAD1,VARIO TECHNO,1000.0
GOKIL (GANTI OLI KILAT),NEW VARIO TECHNO PGM FI,0.0
SERVIS PAKET LENGKAP PERAWATAN PLUS,BEAT FI SW,96000.0
SERVIS PAKET CVT PLUS,BEAT FI SW,55000.0
JASA PASANG 65000,BEAT SPORTY CW,65000.0
PAKET GOCENG,SCOOPY ESP,5000.0
JASA PASANG 5000,NEW VARIO 125 CBS-ISS,5000.0
PENGGANTIAN AKI,NEW CB150R STREETFIRE,5000.0
PENGGANTIAN RADIATOR COOLANT,BEAT SPORTY CBS,45000.0
SERVIS PAKET LENGKAP PERAWATAN PLUS,All New Scoopy Stylish Plus,80000.0
JASA PASANG 65000,VARIO 110 CBS ISS,65000.0
PAKET KURAS TANGKI,BEAT FI CW,50000.0
LCR CHECK,VARIO 160 ABS,0.0
PENGGANTIAN AKI,SUPRA X 125 CW MMC,5000.0
JASA PASANG 100000,ADV 160 ABS,100000.0
KPB 3,ADV 160 ABS,0.0
PROMO MERDEKA 2,BeAT Sporty DLX Smart Key,15000.0
PENGGANTIAN OLI MESIN,SUPRA X 125 CW,0.0
JASA PASANG 200000,VARIO 125 CBS,200000.0
CAD (CEK AJA DULU),VARIO 125 CBS,0.0
JASA PASANG 150000,ADV150 ABS,150000.0
JASA PASANG 20000,BeAT Sporty CBS,20000.0
JASA PASANG 5000,VARIO 160 CBS,5000.0
PROMO CAD1,SUPRA X 125 R DD,1000.0
PENGGANTIAN OLI GARDAN / OIL FINAL GEAR,ADV150 CBS,3000.0
SERVIS PAKET RINGAN PERAWATAN,BEAT FI CBS,75000.0
SERVICE REGULLAR,BeAT Street,80000.0
JASA PASANG 60000,VARIO 125 CBS MMC,60000.0
PAKET CEK REM GRATIS,BEAT CW FI MMC,0.0
PENGGANTIAN AKI,NEW PCX 150 CBS,10000.0
PENGECEKAN TOPSET,VARIO 110 CBS ISS,0.0
SERVIS PAKET LENGKAP PERAWATAN PLUS,SCOOPY,95000.0
PAKET KURAS TANGKI,VARIO TECHNO 125 FI ISS,50000.0
SAFETY CHECK,VARIO FI,2000.0
SERVIS LENGKAP,PCX,150000.0
GOKIL (GANTI OLI KILAT),BeAT Street,0.0
PENGGANTIAN BELT DRIVE / ROLLER,PCX,47000.0
PAKET KURAS RADIATOR,PCX,57000.0
JASA PASANG 55000,NEW PCX 150 ABS,55000.0
SAFETY CHECK,SCOOPY FI,2000.0
JASA PASANG 90000,VARIO 150,90000.0
PENGGANTIAN OLI GARDAN,BEAT,0.0
PENGGANTIAN RANTAI KETENG ,BEAT,30000.0
PENGGANTIAN KANVAS REM BELAKANG,BEAT,17000.0
PENGGANTIAN BAN DEPAN,BEAT,25000.0
PENGGANTIAN SARINGAN UDARA,BEAT,12000.0
PENGGANTIAN FUEL PUMP,BEAT,35000.0
PENGGANTIAN BELT DRIVE / ROLLER,BEAT,40000.0
PENGGANTIAN BAN BELAKANG,BEAT,25000.0
PENGGANTIAN KANVAS REM DEPAN,BEAT,17000.0
KURAS MINYAK REM,BEAT,25000.0
PAKET KURAS TANGKI,SUPRA X 125 HELM IN FI,30000.0
CEK AJA DULU,BEAT SPORTY CBS ISS,1000.0
JASA PASANG 300000,REVO,300000.0
JASA PASANG 25000,VARIO 110 CBS,25000.0
JASA PASANG 55000,BEAT FI CW,55000.0
PROMO CAD1,SCOOPY ESP,1000.0
PENGGANTIAN OLI GARDAN / OIL FINAL GEAR,BEAT SPORTY CBS,0.0
PAKET CEBAN,NEW SCOOPY PRESTIGE,10000.0
PEMERIKSAAN KELISTRIKAN,SUPRA FIT,50000.0
SERVIS PAKET RINGAN PERAWATAN,SUPRA FIT,65000.0
PENGGANTIAN CVT,NEW SCOOPY STYLISH,50000.0
JASA PASANG 95000,NEW SCOOPY STYLISH,95000.0
PAKET INJECTOR CLEANER,BEAT STREET,50000.0
PERBAIKAN STANG,NEW VARIO TECHNO PGM FI,25000.0
JASA PASANG 15000,VARIO 160 CBS,15000.0
PEMERIKSAAN LAIN - LAIN,REVO X,1000.0
PROMO CAD1,CB150R STREETFIRE,1000.0
PAKET CEK REM GRATIS,BLADE,0.0
PERBAIKAN KUNCI SET,BEAT CBS FI MMC,35000.0
PAKET GOCENG,PCX 160 ABS,5000.0
SAFETY CHECK,VARIO TECHNO 125 FI CBS,2000.0
PENGGANTIAN SARINGAN OLI,BEAT POP ESP CW COMIC,0.0
JASA PASANG 35000,SCOOPY ESP,35000.0
PERBAIKAN STANDAR TENGAH,VARIO 125 CBS,50000.0
PAKET SERVIS PLATINUM,STYLO 160 CBS,125000.0
JASA PASANG 30000,VARIO 160 CBS,30000.0
KPB 1,CUV e:,0.0
JASA PASANG 65000,BEAT SPORTY CBS,65000.0
JASA PASANG 25000,NEW VARIO 150,25000.0
SAFETY CHECK,REVO DISK BRAKE,2000.0
PENGGANTIAN BEARING DEPAN,NEW PCX 150 ABS,30000.0
PAKET GOCENG,ADV160 CBS,5000.0
KPB 3,VARIO 125 CBS,0.0
PERBAIKAN COM STEER,NEW PCX 150 CBS,65000.0
CUCI INJEKTOR 65000,VARIO 150,50000.0
PAKET GOCENG,VARIO CAST WHEEL,5000.0
PAKET PEMBERSIHAN CVT,REVO,50000.0
PERBAIKAN COM STEER,BeAT Sporty CBS ISS Deluxe,15000.0
JASA PASANG 5000,New Supra GTR150 Exclusive,5000.0
JASA PASANG 45000,ALL NEW SCOOPY STYLISH,45000.0
SPECIAL MATIC 50K,VARIO 150 MMC,50000.0
PERBAIKAN COVER HANDLE GETAR,BEAT STREET CBS,25000.0
PAKET GOCENG,BEAT FI CW,5000.0
PEMERIKSAAN LAIN - LAIN,NEW SCOOPY STYLISH,0.0
PAKET RESET FI,REVO X,0.0
JASA PASANG 20000,BeAT Street,20000.0
PAKET CEK REM GRATIS,NEW VARIO,0.0
PAKET CEBAN,BeAT Street,12000.0
SERVIS PAKET LENGKAP PERAWATAN,NEW SONIC 150R STANDARD,135000.0
PENGGANTIAN BEARING DEPAN,REVO FIT,15000.0
JASA PASANG 40000,NEW VARIO 125 CBS,40000.0
JASA PASANG 70000,PCX 160 CBS,70000.0
PENGGANTIAN KANVAS REM BELAKANG,BEAT CBS FI MMC,15000.0
PERBAIKAN COM STEER,VARIO FI,100000.0
SERVIS PAKET RINGAN PERAWATAN,VARIO FI,75000.0
KPB 2,BEAT FI CBS,0.0
PENGGANTIAN OLI MESIN,STYLO 160 ABS,0.0
SERVIS PAKET LENGKAP PERAWATAN,STYLO 160 ABS,0.0
JASA PASANG 35000,BEAT SPORTY CBS,35000.0
PENGGANTIAN BAN BELAKANG,BeAT Sporty CBS ISS,34500.0
PENGGANTIAN OLI MESIN,BEAT STREET,5000.0
JASA PASANG 15000,NEW VARIO 125 CBS,15000.0
JASA PASANG 50000,REVO,50000.0
JASA PASANG 25000,SCOOPY,25000.0
KPB 4,VARIO 125 CBS,0.0
PAKET SERBU KETUPAT MATIC,BEAT STREET CBS,90000.0
PAKET SIAP MUDIK 2025,ADV160 ABS,50000.0
PENGGANTIAN RANTAI KETENG ,ALL NEW SCOOPY SPORTY,45000.0
PENGGANTIAN FUEL PUMP,ALL NEW SCOOPY SPORTY,45000.0
PENGGANTIAN BAN BELAKANG,ALL NEW SCOOPY SPORTY,25000.0
PROMO CAD1,PCX 160 CBS,1000.0
PEMERIKSAAN LAIN - LAIN,BeAT Street,0.0
PENGGANTIAN BUSI,VARIO 150 SPORTY,10000.0
JASA PASANG 90000,VARIO 150 SPORTY,90000.0
JASA PASANG 35000,BEAT FI SW,35000.0
PAKET PAS,REVO SW FI,50000.0
SERVIS PAKET CVT PLUS,PCX,50000.0
PROMO CAD1,SCOOPY,1000.0
JASA PASANG 25000,VARIO FI,25000.0
SERVIS PAKET RINGAN PERAWATAN,NEW VARIO 125 CBS ISS,0.0
CEK NITROGEN BAN DEPAN 5000,BEAT SPORTY CBS ISS,5000.0
KPB 3,ADV160 CBS,0.0
PEMERIKSAAN LAIN - LAIN,PCX 160 ABS,0.0
GOKIL (GANTI OLI KILAT),BEAT CW FI MMC,0.0
PAKET KURAS RADIATOR,New Vario 150,85000.0
PENGGANTIAN SARINGAN OLI,NEW VARIO 125 CBS ISS,0.0
SERVIS PAKET RINGAN PERAWATAN,BEAT STREET,90000.0
JASA PASANG 10000,BeAT Street,10000.0
JASA PASANG 20000,NEW PCX 150 ABS,20000.0
JASA PASANG 85000,BEAT SPORTY CBS ISS,85000.0
KPB 3,BeAT Street,0.0
JASA PASANG 5000,ADV150 ABS,5000.0
JASA PASANG 70000,ALL NEW SCOOPY SPORTY,70000.0
PAKET INJECTOR CLEANER,BEAT SPORTY CBS ISS,35000.0
PAKET PEMBERSIHAN CVT,Genio CBS,60000.0
KPB 4,BeAT Sporty CBS,0.0
JASA PASANG 5000,REVO X,5000.0
PAKET GOCENG,SCOOPY ENERGETIC,5000.0
SERVIS PAKET RINGAN PERAWATAN,VERZA CAST WHEEL,65000.0
PENGGANTIAN BOHLAM LAMPU DEPAN / SOCKET ,BEAT FI SW,20000.0
PENGGANTIAN SARINGAN UDARA,ADV160 ABS,0.0
JASA CEK KILAT,ADV160 ABS,1.0
PENGGANTIAN OLI MESIN,ADV160 ABS,0.0
PENGGANTIAN BUSI,VARIO 150 MMC,0.0
BONGKAR CVT,VARIO 160 CBS,40000.0
JASA PASANG 35000,BEAT,35000.0
PROMO CAD1,SONIC 150R MATTE BLACK,1000.0
SERVIS PAKET LENGKAP PERAWATAN PLUS,CBR 150R STD,143000.0
JASA PASANG 50000,BeAT Sporty CBS ISS Deluxe,50000.0
JASA PASANG 110000,NEW VARIO TECHNO PGM FI,110000.0
PENGGANTIAN BEARING DEPAN,VARIO 125 CBS,20000.0
PENGGANTIAN KANVAS KOPLING,VARIO 125 CBS,50000.0
KPB 4,SCOOPY STYLISH ,0.0
CEK AJA DULU,PCX 160 CBS,1000.0
PERBAIKAN COM STEER,NEW BLADE R 125 FI,15000.0
JASA PASANG 15000,SUPRA X 125 R DD,15000.0
JASA PASANG 80000,BEAT SPORTY CBS,80000.0
PAKET SERVIS GROUP CUSTOMER,NEW SCOOPY FASHION,75000.0
CEK REM GRATIS,BeAT Sporty CBS,0.0
PENGGANTIAN SARINGAN UDARA,VARIO TECHNO,20000.0
PROMO CAD1,ALL NEW SCOOPY SPORTY,1000.0
VISIT FEE,ALL NEW SCOOPY STYLISH,0.0
JASA PASANG 10000,PCX 150,10000.0
PENGGANTIAN BAN BELAKANG,NEW PCX 150 CBS,14000.0
PAKET RESET FI,NEW SUPRA X 125 FI CW,25000.0
PENGGANTIAN OLI MESIN,REVO 110 SPOKE WHEEL,10000.0
PENGGANTIAN SARINGAN UDARA,REVO 110 SPOKE WHEEL,15000.0
KPB 4,BeAT Sporty CBS ISS Deluxe,0.0
PENGGANTIAN BAN DEPAN,ALL NEW SCOOPY STYLISH,25000.0
PENGGANTIAN BANN BELAKANG,ALL NEW SCOOPY STYLISH,25000.0
JASA PASANG 25000,NEW PCX 150 CBS,25000.0
VISIT FEE,VARIO 150,0.0
PERBAIKAN RINGAN,BEAT SPORTY CW,35000.0
JASA PASANG 100000,VARIO 125 CBS-ISS MMC,100000.0
PENGGANTIAN SARINGAN OLI,BEAT STREET CBS,0.0
SERVIS PAKET RINGAN PERAWATAN,VARIO CAST WHEEL,50000.0
PENGGANTIAN BAN BELAKANG,PCX 160 CBS,14000.0
JASA PASANG 100000,PCX 160 ABS,100000.0
PAKET GOCENG,NEW SONIC 150R STANDARD,5000.0
PENGGANTIAN MASTER REM BELAKANG,VARIO FI,55000.0
JASA PASANG 75000,VARIO 150,75000.0
PENGGANTIAN SARINGAN OLI,SUPRA X 125 HELM IN FI,0.0
JASA PASANG 80000,VARIO 150,80000.0
PENGGANTIAN BUSI,CB150R STREETFIRE,10000.0
PENGGANTIAN SARINGAN UDARA,CB150R STREETFIRE,10000.0
SPECIAL MATIC 39K,BEAT FI CW,39000.0
JASA PASANG 20000,VARIO 125 CBS ISS,20000.0
JASA PASANG 10000,NEW BEAT CAST WHEEL,10000.0
PAKET GOCENG,BeAT Sporty CBS,5000.0
PROMO CAD1,VARIO 125 CBS,1000.0
JASA PASANG 10000,NEW VARIO 125 CBS,10000.0
PENGGANTIAN BAN BELAKANG,NEW PCX 150 ABS,30000.0
PENGGANTIAN SEAL SHOCK BREAKER DEPAN,VARIO 150,55000.0
PENGGANTIAN INJECTOR,BEAT SPORTY CW,21000.0
PERBAIKAN KANVAS REM DEPAN,ALL NEW SCOOPY STYLISH,15000.0
SERVIS PAKET RINGAN PERAWATAN,CB150R STREETFIRE,90000.0
PEMERIKSAAN LAIN - LAIN,ADV160 ABS,0.0
PENGGANTIAN BAN DEPAN,ALL NEW CBR150R,15000.0
KPB 2,NEW SCOOPY SPORTY,0.0
JASA PASANG 10000,SCOOPY FI,10000.0
PERBAIKAN COM STEER,NEW VARIO ESP CBS ADVANCE,100000.0
SERVIS PAKET RINGAN PERAWATAN,NEW VARIO ESP CBS ADVANCE,75000.0
JASA PASANG 45000,BEAT FI CBS,45000.0
SERVIS PAKET CVT PLUS,SCOOPY FI,50000.0
PAKET GOCENG,STYLO 160 ABS,5000.0
PAKET RESET FI,NEW SCOOPY STYLISH,30000.0
CAD (CEK AJA DULU),NEW VARIO 150,0.0
JASA PASANG 30000,REVO FIT,30000.0
JASA PASANG 25000,VARIO 150 MMC,25000.0
JASA PASANG 30000,BEAT POP ESP CBS ISS,30000.0
KPB 1,NEW SCOOPY PRESTIDGE,0.0
PEMERIKSAAN KELISTRIKAN,SONIC 150R HRR,200000.0
PROMO MERDEKA 2,BeAT Sporty CBS ISS Deluxe,15000.0
KPB 1,NEW VARIO 125 CBS,0.0
JASA PASANG 30000,BEAT SPORTY CBS ISS,30000.0
JASA PASANG 5000,NEW SCOOPY STYLISH,5000.0
PENGGANTIAN OLI SHOCKBREAKER,BEAT SPORTY CBS ISS,61750.0
PAKET CEBAN,BEAT POP ESP CW,12000.0
SERVIS PAKET RINGAN PERAWATAN,NEW SONIC 150R STANDARD,65000.0
PENGGANTIAN SARINGAN OLI,NEW VARIO 150,0.0
JASA PASANG 25000,BEAT POP CW,25000.0
JASA PASANG 5000,SUPRA X 125 CW MMC,5000.0
JASA PASANG 30000,GENIO CBS,30000.0
PENGGANTIAN KUNCI SET,VARIO 150 MMC,50000.0
SERVIS PAKET LENGKAP PERAWATAN,BeAT Sporty DLX Smart Key,0.0
PERBAIKAN BAN DEPAN,ALL NEW SCOOPY SPORTY,45000.0
PENGGANTIAN BEARING DEPAN,VARIO 125 CBS-ISS MMC,20000.0
JASA PASANG 10000,ADV150 CBS,10000.0
JASA PASANG 30000,VARIO FI,30000.0
SPECIAL MATIC 50K,BEAT,50000.0
PROMO CAD1,NEW VARIO,1000.0
JASA PASANG 10000,BEAT FI CBS,10000.0
JASA PASANG 5000,VARIO 110 CBS,5000.0
KPB 3,PCX160 ABS,0.0
PENGGANTIAN OLI MESIN,SUPRA X,5000.0
JASA PASANG 50000,PCX160 CBS,50000.0
SERVIS PAKET CVT PLUS,NEW VARIO ESP CBS ADVANCE,50000.0
JASA PASANG 15000,ADV150 CBS,15000.0
PAKET KURAS RADIATOR,PCX 160 CBS,0.0
PAKET SERVIS PLATINUM,BEAT POP ESP CBS PIXEL,125000.0
JASA PASANG 20000,SONIC 150R HRR,20000.0
PENGGANTIAN SARINGAN UDARA,SCOOPY ESP,0.0
JASA PASANG 20000,NEW BEAT CAST WHEEL,20000.0
PAKET GOCENG,NEW SCOOPY PRESTIGE,5000.0
PENGGANTIAN BUSI,ALL NEW SCOOPY SPORTY,10000.0
SERVIS PAKET RINGAN PERAWATAN,VARIO 125 CBS-ISS MMC,0.0
PENGGANTIAN SEAL SHOCK BREAKER DEPAN,NEW VARIO 125 CBS-ISS,66000.0
JASA PASANG 20000,NEW VARIO 125 CBS-ISS,20000.0
PERBAIKAN KANVAS REM BELAKANG,REVO 110 SPOKE WHEEL,15000.0
CAD (CEK AJA DULU),SCOOPY,0.0
CLAIM C2 PENGGANTIAN,SCOOPY ENERGETIC,0.0
PAKET SERVIS SAHABAT WARGA,SUPRA X 125 R DD,55000.0
PROMO CAD1,NEW PCX 150 CBS,1000.0
PENGGANTIAN KANVAS REM DEPAN,REVO CW FI,15000.0
PAKET CEK REM GRATIS,NEW VARIO TECHNO PGM FI,0.0
PERBAIKAN COM STEER,CB150R STREETFIRE,15000.0
PAKET SPESIAL SERVIS MOTOR 2018,VARIO 125 CBS ISS SP,85000.0
JASA PASANG 300000,BeAT Sporty CBS,300000.0
PERBAIKAN KANVAS REM BELAKANG,ALL NEW SCOOPY STYLISH,20000.0
PERBAIKAN KANVAS REM BELAKANG * ( CAKRAM ),BEAT SPORTY CW,35000.0
JASA PASANG 60000,BEAT STREET CBS,60000.0
PERBAIKAN CVT,VARIO FI,35000.0
PENGGANTIAN MINYAK REM,SCOOPY,15000.0
JASA PASANG 15000,VARIO ESP CBS ISS ADV MMC,15000.0
JASA PASANG 85000,BEAT SPORTY CW,85000.0
PEMERIKSAAN KELISTRIKAN,VARIO FI,50000.0
CAD (CEK AJA DULU),REVO FIT,0.0
PAKET SERVIS GROUP CUSTOMER,NEW SCOOPY SPORTY,75000.0
PENGGANTIAN OLI MESIN,NEW SUPRA X 125 CW FI MMC,5000.0
PERBAIKAN KANVAS REM DEPAN,VARIO 125 CBS MMC,35000.0
JASA PASANG 30000,VARIO 125 CBS,30000.0
SERVIS PAKET LENGKAP PERAWATAN,REVO SW FI,85000.0
PAKET GOCENG,BeAT Sporty CBS ISS,5000.0
JASA PASANG 10000,NEW VARIO ESP CBS ISS ADVA,10000.0
JASA PASANG 40000,CBR 150R,40000.0
BONGKAR MESIN,REVO FIT,250000.0
PERBAIKAN BOHLAM LAMPU DEPAN / SOCKET ,BEAT FI SW,10000.0
PENGGANTIAN BAN BELAKANG,VARIO 125 CBS MMC,15000.0
PENGGANTIAN RANTAI KETENG ,VARIO 125 CBS MMC,100000.0
PENGGANTIAN AKI,VARIO 125 CBS MMC,0.0
PENGGANTIAN BAN DEPAN,VARIO 125 CBS MMC,15000.0
PENGGANTIAN OLI GARDAN,VARIO 125 CBS MMC,0.0
PENGGANTIAN FUEL PUMP,VARIO 125 CBS MMC,35000.0
PENGGANTIAN BELT DRIVE / ROLLER,VARIO 125 CBS MMC,30000.0
KURAS MINYAK REM,VARIO 125 CBS MMC,15000.0
JASA PASANG 130000,BEAT SPORTY CBS,130000.0
SERVIS PAKET LENGKAP PERAWATAN,New Vario 150,105000.0
PENGGANTIAN COM STEER,SUPRA X 125 CW MMC,100000.0
PERBAIKAN BOHLAM SOCKET HEADLIGHT,BEAT STREET CBS,25000.0
PENGGANTIAN OLI MESIN,REVO,5000.0
JASA PASANG 20000,ALL NEW CBR150R,20000.0
PROMO CAD1,NEW CBR 150R,1000.0
PERBAIKAN BOHLAM LAMPU DEPAN / SOCKET ,BeAT Sporty CBS,20000.0
SERVIS PAKET CVT PLUS,NEW SCOOPY SPORTY,50000.0
JASA PASANG 80000,VARIO 125 CBS,80000.0
PENGGANTIAN SARINGAN UDARA,NEW PCX 150 ABS,12000.0
JASA PASANG 35000,NEW VARIO 125 CBS ISS,35000.0
PENGGANTIAN KANVAS REM BELAKANG,REVO FIT FI,30000.0
PROMO CAD1,VARIO TECHNO NON CBS,1000.0
PROMO CAD1,NEW VARIO 125 CBS ISS,1000.0
SERVIS PAKET LENGKAP PERAWATAN PLUS,SCOOPY FI,90000.0
JASA PASANG 5000,ALL NEW SCOOPY PLAYFUL,5000.0
JASA PASANG 30000,NEW PCX 150 CBS,30000.0
PENGGANTIAN BELT DRIVE / ROLLER,GENIO CBS,35000.0
JASA PASANG 35000,BeAT Sporty CBS,35000.0
JASA PASANG 10000,SUPRA X 125 R DD,10000.0
SERVIS PAKET RINGAN PERAWATAN,VARIO TECHNO 125 FI ISS,0.0
PAKET GOCENG,BeAT Sporty CBS ISS Deluxe,5000.0
SERVIS PAKET LENGKAP PERAWATAN PLUS,REVO FIT,85000.0
PENGGANTIAN AKI,PCX 160 ABS,5000.0
PENGGANTIAN KANVAS REM BELAKANG,SPACY CW HELM IN FI,30000.0
CEK AJA DULU,PCX160 CBS,0.0
PAKET CEK REM GRATIS,VERZA CAST WHEEL,0.0
PENGGANTIAN AKI,NEW VARIO 150,5000.0
SERVIS PAKET LENGKAP PERAWATAN,PCX HYBRID,160000.0
JASA PASANG 75000,CB150R STREETFIRE SPECIAL,75000.0
PERBAIKAN COMSTEER,CB150R STREETFIRE SPECIAL,50000.0
SERVIS PAKET CVT PLUS,VARIO FI,50000.0
JASA PASANG 5000,PCX,5000.0
PENGGANTIAN AKI,PCX,10000.0
JASA PASANG 75000,BEAT SPORTY CBS ISS,75000.0
PAKET KURAS RADIATOR,VARIO 110 CBS,35000.0
PAKET PEMBERSIHAN CVT,BeAT Sporty CBS ISS,40000.0
PAKET CEBAN,NEW CBR 150R,10000.0
PERBAIKAN COM STEER,BeAT Sporty CBS,20000.0
PERBAIKAN SARINGAN UDARA,VARIO 125 CBS ISS,10000.0
CLAIM C2 PENGGANTIAN,SCOOPY PRESTIGE,0.0
PENGGANTIAN OLI SHOCKBREAKER,VARIO 125 CBS,10000.0
JASA PASANG 15000,NEW VARIO ESP CBS,15000.0
PAKET CEBAN,REVO SW FI,10000.0
JASA PASANG 30000,BeAT Street,30000.0
CAD (CEK AJA DULU),NEW SUPRA GTR150 SPORTY,0.0
PENGGANTIAN MINYAK REM,BEAT FI CBS,25000.0
PAKET SERBU KETUPAT MATIC,BEAT SPORTY CBS,75000.0
PAKET CEBAN,ALL NEW CB150R STREETFIRE,10000.0
KPB 2,NEW VARIO 125 CBS,0.0
CAD (CEK AJA DULU),NEW SUPRA X 125 FI CW,0.0
SETEL VELG DEPAN,SUPRA X 125 CW,100000.0
PENGGANTIAN BELT DRIVE / ROLLER,BEAT SPORTY CBS ISS,25000.0
PAKET SERVIS GOLD,BEAT SPORTY CBS ISS,130000.0
PENGGANTIAN SARINGAN UDARA,NEW VARIO 150,5000.0
PENGGANTIAN KABEL SPEEDO,BEAT FI SW,20000.0
PERBAIKAN BELT DRIVE / ROLLER,VERZA CAST WHEEL,0.0
PAKET PEMBERSIHAN CVT,NEW PCX 150 ABS,30000.0
JASA PASANG 95000,BEAT SPORTY CW,95000.0
JASA PASANG 25000,CBR 150R,25000.0
JASA PASANG 40000,BEAT SPORTY CBS,40000.0
JASA PASANG 85000,ALL NEW SCOOPY SPORTY,85000.0
JASA PASANG 15000,NEW SCOOPY FI,15000.0
PENGGANTIAN SARINGAN UDARA,NEW SUPRA X 125 CW FI MMC,5000.0
PENGGANTIAN KANVAS REM DEPAN * ABS,NEW SUPRA X 125 CW FI MMC,15000.0
SERVIS PAKET LENGKAP PERAWATAN,VARIO 110 CBS ISS,90000.0
KPB 1,NEW SCOOPY SPORTY,0.0
JASA PASANG 100000,PCX 150,100000.0
PERBAIKAN KANVAS REM BELAKANG,NEW PCX 150 ABS,0.0
PERBAIKAN STANG,BEAT SPORTY CBS ISS,30000.0
SERVIS PAKET LENGKAP PERAWATAN,SUPRA X 125 CW,100000.0
JASA PASANG 70000,SCOOPY FI,70000.0
JASA PASANG 25000,NEW VARIO,5000.0
SERVIS PAKET LENGKAP PERAWATAN PLUS,SUPRA GTR 150,125000.0
JASA PASANG 55000,BeAT Street,55000.0
PENGGANTIAN COM STEER,VARIO 125 CBS,60000.0
PAKET KURAS RADIATOR,ALL NEW SCOOPY STYLISH,35000.0
PENGGANTIAN OLI GARDAN / OIL FINAL GEAR,NEW SCOOPY PRESTIGE,5000.0
PAKET CEK REM GRATIS,BEAT FI CW,0.0
PAKET CEK REM GRATIS,VARIO TECHNO 125 FI ISS,0.0
JASA PASANG 25000,SONIC 150R HRR,25000.0
JASA PASANG 60000,BEAT CW FI MMC,60000.0
JASA PASANG 35000,REVO FIT FI,35000.0
SERVIS PAKET RINGAN PERAWATAN,BEAT POP CBS ISS,100000.0
JASA PASANG 40000,SUPRA X 125 CW MMC,40000.0
PENGGANTIAN OLI GARDAN,VARIO ESP CBS MMC,0.0
PENGGANTIAN OLI MESIN,VARIO ESP CBS MMC,0.0
SERVIS PAKET LENGKAP PERAWATAN,VARIO ESP CBS MMC,120000.0
PASANG BOHLAM REM,BEAT SPORTY CW,5000.0
JASA PASANG 40000,BEAT SPORTY CW,40000.0
PERBAIKAN KANVAS REM DEPAN,VARIO 160 ABS,0.0
GANTI OLI PLUS PENGGANTIAN,VARIO 160 ABS,0.0
SERVIS PAKET LENGKAP PERAWATAN,All New Scoopy Stylish Plus,95000.0
PENGGANTIAN BAN BELAKANG,All New Scoopy Stylish Plus,20000.0
JASA PASANG 60000,SUPRA X 125 HELM IN FI,60000.0
JASA PASANG 50000,NEW VARIO 125 CBS,50000.0
JASA CEK KILAT,BeAT Sporty DLX Smart Key,1.0
PENGGANTIAN BOHLAM LAMPU DEPAN / SOCKET ,NEW BEAT CAST WHEEL,15000.0
JASA PASANG 20000,PCX 160 ABS,20000.0
JASA PASANG 30000,NEW SCOOPY FASHION JKT,30000.0
JASA PASANG 45000,REVO FIT FI,45000.0
PAKET CEBAN,REVO FIT FI,10000.0
JASA PASANG 30000,REVO SPOKE,30000.0
JASA PASANG 35000,VARIO 110 CBS,35000.0
JASA PASANG 45000,VARIO 150 MMC,45000.0
JASA PASANG 220000,ALL NEW SCOOPY SPORTY,220000.0
JASA PASANG 10000,BEAT CBS FI MMC,10000.0
PENGGANTIAN OLI GARDAN,New Vario 150,0.0
PENGGANTIAN OLI MESIN,New Vario 150,0.0
PENGGANTIAN KANVAS KOPLING,BEAT SPORTY CW,35000.0
SERVIS PAKET CVT PLUS,GENIO CBS,39000.0
PAKET CEK REM GRATIS,REVO CW FI,0.0
JASA CEK KILAT,PCX160 CBS,1.0
JASA PASANG 40000,NEW VARIO 150,40000.0
PAKET PEMBERSIHAN CVT,BEAT POP ESP CW PIXEL,50000.0
JASA PASANG 10000,SUPRA X 125 CW MMC,10000.0
JASA PASANG 10000,NEW BLADE R 125 FI,10000.0
PENGGANTIAN KANVAS REM DEPAN,NEW BLADE 125 FI R STD,10000.0
SERVIS PAKET LENGKAP PERAWATAN,NEW BLADE 125 FI R STD,63750.0
PENGGANTIAN KANVAS REM DEPAN * ABS,NEW BLADE 125 FI R STD,10000.0
PENGGANTIAN KANVAS REM BELAKANG,NEW BLADE 125 FI R STD,15000.0
PENGGANTIAN OLI MESIN,NEW BLADE 125 FI R STD,0.0
JASA PASANG 30000,CB150X STD,30000.0
SERVIS PAKET LENGKAP PERAWATAN,SONIC 150R,105000.0
JASA PASANG 40000,BEAT FI CBS,40000.0
PERBAIKAN BOHLAM LAMPU DEPAN / SOCKET ,NEW VARIO 125 CBS,15000.0
JASA PASANG 5000,REVO FIT FI,2000.0
JASA PASANG 50000,NEW PCX 150 ABS,50000.0
JASA PASANG 60000,PCX 150,60000.0
PAKET CEK REM GRATIS,SCOOPY PRESTIGE,0.0
JASA PASANG 25000,BLADE,25000.0
PEMERIKSAAN KELISTRIKAN,VARIO ESP CBS ADV MMC,79000.0
PAKET SERVIS PLATINUM,VARIO 125 CBS ISS,90000.0
CLAIM C2 PENGGANTIAN,SCOOPY FASHION,0.0
KPB 4,NEW VARIO 125 CBS-ISS,0.0
PENGGANTIAN RADIATOR COOLANT,BEAT SPORTY CBS ISS,0.0
JASA PASANG 5000,BEAT POP CW,2000.0
PAKET CEK REM GRATIS,VARIO TECHNO 125 FI CBS,0.0
SPECIAL MATIC 39K,BeAT Sporty CBS ISS Deluxe,39000.0
JASA PASANG 30000,NEW VARIO ESP CBS,30000.0
PEMERIKSAAN KELISTRIKAN,NEW SCOOPY FASHION,0.0
JASA PASANG 20000,NEW SCOOPY FASHION,20000.0
JASA PASANG 25000,CRF150L,25000.0
JASA PASANG 5000,NEW VARIO,5000.0
PENGGANTIAN AKI,PCX 160 CBS,5000.0
JASA PASANG 255000,VARIO 125 CBS ISS,255000.0
SERVICE LENGKAP,NEW VARIO 125 CBS-ISS,122000.0
JASA PASANG 20000,SCOOPY ESP,20000.0
JASA PASANG 10000,REVO 110 SPOKE WHEEL,10000.0
JASA PASANG 45000,REVO SPOKE,45000.0
PENGGANTIAN SARINGAN UDARA,REVO X,5000.0
PENGGANTIAN OLI MESIN,Verza,10000.0
PERBAIKAN STANG,BEAT SPORTY CW,0.0
JASA PASANG 10000,VARIO 150 SPORTY,10000.0
BONGKAR MESIN,BEAT POP ESP CBS PIXEL,200000.0
PAKET KURAS RADIATOR,VARIO 150 MMC,25000.0
SERVIS PAKET RINGAN PERAWATAN,VARIO 150 MMC,60000.0
PENGGANTIAN AKI,VARIO 125 CBS ISS SP,15000.0
JASA PASANG 75000,NEW VARIO 125 CBS ISS,75000.0
SERVICE REGULLAR,BeAT Sporty CBS ISS Deluxe,80000.0
JASA PASANG 5000,BEAT,5000.0
JASA PASANG 25000,BEAT,25000.0
PERBAIKAN SARINGAN UDARA,VARIO 125 CBS-ISS MMC,5000.0
JASA PASANG 40000,BEAT FI SW,40000.0
JASA CEK KILAT,SCOOPY FASHION,1.0
SERVIS PAKET LENGKAP PERAWATAN PLUS,GENIO CBS ISS,110000.0
PAKET GOCENG,BEAT CW FI MMC,5000.0
JASA PASANG 85000,ALL NEW SCOOPY STYLISH,85000.0
SERVIS LENGKAP PERAWATAN,BeAT Sporty CBS ISS Deluxe,90000.0
PAKET CEK REM GRATIS,VARIO TECHNO NON CBS,0.0
PENGGANTIAN AKI,SCOOPY,10000.0
PENGGANTIAN OLI MESIN,SCOOPY,1000.0
JASA PASANG 120000,PCX 160 CBS,120000.0
PAKET INJECTOR CLEANER,VARIO TECHNO 125 CBS ISS,40000.0
PENGGANTIAN OLI GARDAN,VARIO TECHNO 125 CBS ISS,0.0
JASA PASANG 10000,ALL NEW CBR150R,10000.0
PENGGANTIAN SARINGAN UDARA,ALL NEW SCOOPY STYLISH,5000.0
PENGGANTIAN OLI GARDAN,ALL NEW SCOOPY STYLISH,3000.0
JASA PASANG 35000,VARIO 125 CBS MMC,35000.0
PENGGANTIAN KABEL SPEEDO,SPACY CW HELM IN FI,15000.0
PAKET SPESIAL SERVIS MOTOR 2018,VARIO 125 CBS ISS,80000.0
GANTI OLI PLUS PENGGANTIAN,NEW SCOOPY SPORTY,0.0
PENGGANTIAN BAN BELAKANG,VARIO TECHNO 125 FI CBS,0.0
PENGGANTIAN KANVAS REM DEPAN,NEW VARIO,0.0
GANTI OLI PLUS PENGGANTIAN,VARIO 125 CBS MMC,0.0
PAKET SERVIS SAHABAT WARGA,BeAT Sporty CBS,114000.0
PENGGANTIAN SARINGAN UDARA,REVO CW,5000.0
PENGGANTIAN BUSI,REVO CW,10000.0
PERBAIKAN COM STEER,BeAT Sporty CBS ISS,15000.0
JASA PASANG 65000,BEAT STREET CBS,65000.0
JASA PASANG 40000,NEW PCX 150 ABS,40000.0
GOKIL (GANTI OLI KILAT),NEW VARIO 125 CBS-ISS,0.0
PAKET SERVIS GOLD,ALL NEW SCOOPY SPORTY,80000.0
PERBAIKAN CVT,VARIO 160 CBS,45000.0
LCR GANTI,BeAT Sporty CBS ISS Deluxe,0.0
JASA PASANG 40000,VARIO 125 CBS,40000.0
JASA PASANG 10000,NEW SUPRA X 125 CW FI MMC,10000.0
CEK AJA DULU,REVO 110 CAST WHEEL,1000.0
PERBAIKAN COVER HANDLE GETAR,VARIO 150 SPORTY,40000.0
SERVIS PAKET RINGAN PERAWATAN,CB150 VERZA CW,0.0
PENGGANTIAN SARINGAN OLI,NEW VARIO 125 CBS,0.0
PENGGANTIAN KANVAS REM DEPAN,REVO FIT,36000.0
PENGGANTIAN KANVAS REM DEPAN * ABS,REVO FIT,36000.0
KPB 3,SUPRA X 125 SW MMC,0.0
JASA PASANG 40000,VARIO 125 CBS ISS,40000.0
KPB 1,PCX,0.0
JASA PASANG 25000,NEW VARIO TECHNO PGM FI,25000.0
JASA PASANG 75000,BEAT SW FI MMC,75000.0
JASA PASANG 45000,SONIC 150R,45000.0
PENGGANTIAN OLI MESIN,NEW PCX 150,12000.0
PAKET GOCENG,CB150R,5000.0
GANTI OLI PLUS PENGGANTIAN,NEW VARIO 150,0.0
SERVIS PAKET LENGKAP PERAWATAN PLUS,PCX 160 e:HEV,233000.0
JASA PASANG 10000,BLADE R,10000.0
PENGGANTIAN KANVAS REM BELAKANG,CBR 150R ABS,25000.0
PAKET KURAS TANGKI,CBR 150R ABS,75000.0
SERVIS PAKET LENGKAP PERAWATAN,CBR 150R ABS,140000.0
JASA PASANG 5000,BEAT FI SW,5000.0
PENGGANTIAN FUEL PUMP,BEAT SPORTY CW,20000.0
PENGGANTIAN RANTAI KETENG ,BEAT SPORTY CW,45000.0
PAKET GOCENG,ALL NEW CB150R STREETFIRE,1000.0
PENGGANTIAN SEAL SHOCK BREAKER DEPAN,BeAT Sporty CBS ISS Deluxe,40000.0
SERVIS PAKET RINGAN PERAWATAN,SUPRA X 125 CW,60000.0
PENGGANTIAN RANTAI KETENG ,VARIO 150,45000.0
PENGGANTIAN FUEL PUMP,VARIO 150,45000.0
PENGGANTIAN BAN BELAKANG,VARIO 150,25000.0
JASA PASANG 25000,SUPRA X 125 SW,25000.0
JASA PASANG 30000,BEAT POP ESP CBS-ISS,30000.0
PAKET CEBAN,BEAT CBS FI MMC,10000.0
JASA PASANG 20000,VARIO TECHNO 125 FI CBS,20000.0
SERVIS PAKET LENGKAP PERAWATAN,NEW CBR 150R ABS,140000.0
PENGGANTIAN OLI MESIN,NEW CBR 150R ABS,5000.0
PAKET CEBAN,VARIO 125 CBS ISS SP,10000.0
JASA PASANG 10000,SCOOPY STYLISH,10000.0
PENGGANTIAN SHOCKBREAKER BELAKANG,BEAT STREET CBS,20000.0
PERBAIKAN STANDAR TENGAH,BEAT SPORTY CBS,20000.0
JASA PASANG 95000,NEW VARIO TECHNO PGM FI,95000.0
JASA PASANG 15000,NEW VARIO TECHNO PGM FI,15000.0
PENGGANTIAN SHOCKBREAKER BELAKANG,NEW VARIO ESP CBS,45000.0
SERVIS PAKET LENGKAP PERAWATAN,NEW BLADE S 125 FI,75000.0
PENGGANTIAN KANVAS REM BELAKANG,BEAT FI CW,26000.0
SERVIS PAKET LENGKAP PERAWATAN PLUS,STYLO 160 CBS,153000.0
PENGGANTIAN BEARING DEPAN,NEW PCX 150 CBS,20000.0
PERBAIKAN SARINGAN UDARA,BeAT Sporty CBS,10000.0
PENGGANTIAN BAN DEPAN,BeAT Street,33000.0
PAKET PAS,BeAT Street,50000.0
PERBAIKAN CVT,VARIO TECHNO 125 FI CBS,15000.0
SERVIS PAKET LENGKAP PERAWATAN PLUS,VARIO 125 CBS-ISS MMC,95000.0
PERBAIKAN COM STEER,VARIO 160 CBS,30000.0
PENGGANTIAN AKI,VARIO FI,35000.0
JASA PASANG 10000,BEAT CW FI MMC,10000.0
PENGGANTIAN RANTAI KETENG ,REVO FIT,0.0
PEMERIKSAAN KELISTRIKAN,BEAT SW FI MMC,60000.0
JASA PASANG 45000,BEAT CW FI MMC,45000.0
GANTI OLI MESIN ,NEW SCOOPY PRESTIGE,0.0
JASA PASANG 5000,CB150R STREETFIRE,5000.0
JASA PASANG 50000,BEAT POP CW,50000.0
GANTI OLI PLUS PENGGANTIAN,ALL NEW SCOOPY SPORTY,5000.0
JASA PASANG 25000,BEAT FI SW,25000.0
PENGGANTIAN SARINGAN UDARA,NEW SCOOPY SPORTY,6000.0
PENGGANTIAN BUSI,NEW SCOOPY SPORTY,6000.0
JASA PASANG 25000,NEW SCOOPY FI,25000.0
PENGGANTIAN KANVAS REM BELAKANG * ( CAKRAM ),SUPRA X 125 CW MMC,15000.0
PENGGANTIAN KANVAS REM BELAKANG,SUPRA X 125 CW MMC,15000.0
GANTI OLI PLUS PENGGANTIAN,NEW VARIO TECHNO PGM FI,0.0
PENGGANTIAN BAN DEPAN,VARIO 125 CBS,25000.0
JASA PASANG 35000,VARIO FI,35000.0
JASA PASANG 80000,NEW VARIO 125 CBS,80000.0
JASA PASANG 10000,NEW CBR 150R STD,10000.0
PAKET GOCENG,SCOOPY,5000.0
JASA PASANG 15000,SUPRA FIT,15000.0
PENGGANTIAN KANVAS REM DEPAN * ABS,PCX 160 ABS,35000.0
PENGGANTIAN RADIATOR COOLANT,BEAT STREET,0.0
KPB 3,BEAT SPORTY CBS ISS,0.0
SERVIS PAKET CVT PLUS,BEAT SW FI MMC,50000.0
PEMERIKSAAN KELISTRIKAN,NEW VARIO 125 CBS,25000.0
JASA PASANG 20000,REVO FIT,20000.0
PAKET SERVICE PERAWATAN LENGKAP,VARIO 160 ABS,140000.0
PAKET RESET FI,PCX 150,85000.0
SERVIS PAKET CVT PLUS,BeAT Sporty CBS ISS,50000.0
JASA PASANG 10000,VERZA CAST WHEEL,10000.0
PEMERIKSAAN KELISTRIKAN,SUPRA X 125 DISK BRAKE,200000.0
PAKET KURAS RADIATOR,BeAT Sporty CBS ISS Deluxe,31500.0
PERBAIKAN KANVAS REM DEPAN,NEW VARIO 125 CBS-ISS,15000.0
SERVIS PAKET LENGKAP PERAWATAN,SUPRA X 125 PGM FI,75000.0
JASA PASANG 80000,PCX 160 CBS,80000.0
PAKET GOCENG,ADV160 ABS,5000.0
PENGGANTIAN SARINGAN UDARA,ALL NEW CBR 150R,10000.0
PENGGANTIAN OLI MESIN,ALL NEW CBR 150R,10000.0
SERVIS PAKET LENGKAP PERAWATAN,ALL NEW CBR 150R,165000.0
PAKET KURAS TANGKI,SUPRA X 125 CW MMC,35000.0
PENGGANTIAN MASTER REM DEPAN,BeAT Sporty CBS,60000.0
PENGGANTIAN CVT,BeAT Sporty CBS,60000.0
JASA PASANG 75000,VARIO 125 CBS ISS,75000.0
SPECIAL MATIC 50K,VARIO 160 CBS,50000.0
KPB 2,SCOOPY STYLISH ,0.0
SPECIAL MATIC 39K,ALL NEW SCOOPY STYLISH,39000.0
JASA PASANG 165000,ADV160 CBS,165000.0
JASA PASANG 5000,SCOOPY STYLISH,5000.0
PAKET SERVIS GROUP CUSTOMER,REVO FIT FI,70000.0
PEMERIKSAAN KELISTRIKAN,VARIO 125 CBS,85000.0
PAKET INJECTOR CLEANER,ALL NEW SCOOPY SPORTY,38000.0
JASA PASANG 35000,ALL NEW SCOOPY SPORTY,35000.0
PENGGANTIAN COM STEER,ALL NEW SCOOPY SPORTY,35000.0
JASA PASANG 50000,BEAT STREET CBS,50000.0
PENGGANTIAN COM STEER,ALL NEW SCOOPY STYLISH,100000.0
PENGGANTIAN OLI SHOCKBREAKER,ALL NEW SCOOPY STYLISH,55000.0
JASA PASANG 40000,CRF150L,40000.0
CLAIM C2 PENGGANTIAN,BeAT Sporty CBS ISS Deluxe,0.0
SERVIS PAKET LENGKAP PERAWATAN PLUS,CRF150L,120000.0
LCR TREATMENT 1,GENIO CBS ISS SE,0.0
SERVIS PAKET CVT PLUS,BEAT STREET,65000.0
JASA PASANG 30000,BEAT STREET CBS,30000.0
PENGGANTIAN BELT DRIVE / ROLLER,NEW VARIO 125 CBS,35000.0
PENGGANTIAN SARINGAN UDARA,NEW VARIO 125 CBS,0.0
PERBAIKAN MASTER REM DEPAN,SUPRA X 125 PGM FI CW DD,25000.0
SERVIS PAKET LENGKAP PERAWATAN PLUS,NEW CB150R STREETFIRE,113000.0
JASA PASANG 55000,BEAT POP CBS ISS,55000.0
JASA PASANG 20000,NEW SCOOPY STYLISH,20000.0
PAKET PEMBERSIHAN CVT,ADV150 ABS,40000.0
PENGGANTIAN SARINGAN OLI,NEW BEAT SPOKE WHEEL,0.0
SERVIS PAKET CVT PLUS,VARIO 110 CBS,39000.0
PAKET SERVIS MATIC ASYIK,NEW VARIO TECHNO PGM FI,46000.0
PERBAIKAN KANVAS REM DEPAN,PCX 160 ABS,15000.0
KPB 4,REVO X,0.0
GOKIL (GANTI OLI KILAT),BEAT FI CW,0.0
PEMERIKSAAN KELISTRIKAN,MEGA PRO,85000.0
SERVIS PAKET RINGAN PERAWATAN,SCOOPY ESP,75000.0
PEMERIKSAAN 50000,VARIO 160 ABS,35000.0
JASA PASANG 20000,SUPRA X 125 R DD,20000.0
PENGGANTIAN RADIATOR COOLANT,SONIC 150R,0.0
PENGGANTIAN BEARING BELAKANG,SUPRA FIT D,35000.0
PENGGANTIAN GEAR SET ( DRIVE CHAIN KIT ),SUPRA FIT D,40000.0
SPECIAL MATIC 50K,SCOOPY FI,50000.0
PAKET SERVIS PLATINUM,NEW VARIO TECHNO PGM FI,125000.0
SPECIAL MATIC 50K,VARIO 110 CBS,50000.0
JASA PASANG 300000,BEAT FI CW,300000.0
JASA PASANG 290000,BEAT FI CW,290000.0
JASA PASANG 30000,SUPRA X 125 CW MMC,30000.0
PAKET GOCENG,MEGA PRO,5000.0
SERVIS PAKET LENGKAP PERAWATAN PLUS,REVO 110 CAST WHEEL,85000.0
JASA PASANG 300000,PCX 160 ABS,300000.0
JASA PASANG 95000,NEW SCOOPY PRESTIGE,95000.0
JASA PASANG 60000,NEW VARIO,60000.0
PERBAIKAN CVT,NEW BEAT CAST WHEEL,15000.0
JASA PASANG 40000,BeAT Sporty CBS ISS Deluxe,40000.0
JASA PASANG 205000,NEW SCOOPY STYLISH,205000.0
PENGGANTIAN AKI,ALL NEW CB150R STREETFIRE,5000.0
PROMO MERDEKA 1,BeAT Street,0.0
PROMO MERDEKA 1,SCOOPY STYLISH,0.0
JASA PASANG 5000,SUPRA GTR 150,5000.0
PAKET INJECTOR CLEANER,SUPRA X 125 CW MMC,25000.0
JASA PASANG 70000,VARIO 125 CBS ISS,70000.0
PENGGANTIAN RANTAI KETENG ,BeAT Sporty CBS ISS Deluxe,45000.0
KURAS MINYAK REM,BeAT Sporty CBS ISS Deluxe,25000.0
PENGGANTIAN BELT DRIVE / ROLLER,BeAT Sporty CBS ISS Deluxe,35000.0
PENGGANTIAN FUEL PUMP,BeAT Sporty CBS ISS Deluxe,45000.0
PENGGANTIAN AKI,BeAT Sporty CBS ISS Deluxe,10000.0
JASA PASANG 55000,BEAT,55000.0
PEMERIKSAAN LAIN - LAIN,BEAT CW FI MMC,0.0
PEMERIKSAAN KELISTRIKAN,SUPRA X 125 R DD,200000.0
PAKET GOCENG,PCX HYBRID,5000.0
PAKET SPESIAL SERVIS MOTOR 2018,BEAT SPORTY CW,90000.0
PENGGANTIAN BUSI,SUPRA X 125 CW,5000.0
JASA PASANG 300000,BEAT SPORTY CBS ISS,300000.0
JASA PASANG 25000,BeAT Sporty DLX Smart Key,22800.0
PEMERIKSAAN LAIN - LAIN,BEAT POP ESP CW COMIC,0.0
JASA PASANG 5000,VERZA CAST WHEEL,5000.0
SERVIS PAKET LENGKAP PERAWATAN PLUS,BEAT POP ESP CBS ISS PIXEL,130000.0
KPB 3,ADV160 ABS,0.0
PENGGANTIAN SARINGAN OLI,BLADE,5000.0
SERVIS PAKET LENGKAP PERAWATAN PLUS,VARIO TECHNO 125 FI CBS,105000.0
PAKET GOCENG,VARIO TECHNO NON CBS,5000.0
JASA PASANG 65000,NEW VARIO TECHNO PGM FI,65000.0
JASA PASANG 45000,BEAT SPORTY CBS ISS,45000.0
JASA PASANG 145000,NEW SUPRA GTR150 EXCLUSIVE,145000.0
JASA PASANG 25000,VARIO 160 CBS,22800.0
PENGGANTIAN KANVAS REM BELAKANG ,PCX 160 CBS,30000.0
PAKET PEMBERSIHAN CVT,VARIO 150 MMC,60000.0
PERBAIKAN COM STEER,BEAT SPORTY CBS ISS,100000.0
PERBAIKAN SARINGAN UDARA,PCX 160 CBS,5000.0
JASA PASANG 230000,PCX 160 ABS,230000.0
PERBAIKAN STANG,SUPRA X 125 R DD,30000.0
SPECIAL MATIC 50K,NEW VARIO ESP CBS ADVANCE,50000.0
JASA PASANG 25000,BeAT Street,22800.0
PENGGANTIAN OLI MESIN,NEW BEAT SPOKE WHEEL,5000.0
JASA PASANG 30000,MEGA PRO CW,30000.0
PENGGANTIAN KANVAS REM DEPAN,SUPRA X 125 HELM IN FI,25000.0
GOKIL (GANTI OLI KILAT),NEW SCOOPY FI,0.0
GANTI KAMPAS DEPAN ,PCX 160 CBS,30000.0
B/P CVT,PCX 160 CBS,60000.0
GANTI KAMPAS BELAKANG ,PCX 160 CBS,35000.0
JASA PASANG 155000,VARIO 125 CBS ISS,155000.0
JASA PASANG 90000,PCX,90000.0
PENGGANTIAN OLI MESIN,MEGA PRO CW,0.0
JASA PASANG 55000,Beat Sporty,55000.0
JASA PASANG OLI,BeAT Sporty CBS ISS Deluxe,0.0
PENGGANTIAN BAN BELAKANG,SCOOPY FI,25000.0
SERVIS PAKET RINGAN PERAWATAN,BEAT POP CBS,50000.0
PENGGANTIAN KANVAS REM DEPAN,BEAT CW FI MMC,15000.0
JASA PASANG 50000,NEW VARIO ESP CBS,50000.0
JASA PASANG 30000,GENIO CBS ISS,30000.0
PENGGANTIAN KANVAS REM BELAKANG,NEW VARIO 125 CBS-ISS,20000.0
JASA PASANG 50000,NEW CBR 150R,50000.0
PRESS FORK / SEGITIGA,NEW CBR 150R,200000.0
SETEL VELG DEPAN,NEW PCX 150 CBS,65000.0
JASA PASANG 5000,NEW MEGA PRO STD,5000.0
PAKET SERVIS PLATINUM,REVO FIT,70000.0
PAKET KURAS RADIATOR,VARIO TECHNO,35000.0
JASA PASANG 40000,SUPRA X 125 R DD,40000.0
PENGGANTIAN KABEL SPEEDO,SUPRA X 125 CW MMC,22000.0
PEMERIKSAAN LAIN - LAIN,NEW VARIO 150,0.0
PERBAIKAN COM STEER,VARIO TECHNO,20000.0
PENGGANTIAN CVT,VARIO TECHNO,50000.0
PENGGANTIAN AKI,VARIO 150,20000.0
KPB 1,BEAT STREET CBS,0.0
JASA PASANG 25000,ALL NEW SCOOPY STYLISH,25000.0
SERVIS PAKET RINGAN PERAWATAN,VERZA SPOKE WHEEL,50000.0
JASA PASANG 95000,VARIO 125 CBS,95000.0
PENGGANTIAN RADIATOR COOLANT,VARIO 125 CBS ISS SP,35000.0
PAKET KURAS RADIATOR,NEW VARIO 125 CBS,35000.0
JASA PASANG 35000,Beat Sporty,35000.0
PENGGANTIAN CVT,NEW VARIO 125 CBS,40000.0
PEMERIKSAAN LAIN - LAIN,ALL NEW CBR 150R,0.0
PAKET CEBAN,SUPRA X 125-R,10000.0
PENGGANTIAN SARINGAN OLI,VARIO FI,0.0
SERVIS PAKET LENGKAP PERAWATAN,SUPRA X 125 SW MMC,80000.0
PENGGANTIAN BAN DEPAN,BeAT Sporty CBS ISS,20000.0
PENGGANTIAN RADIATOR COOLANT,VARIO TECHNO 125 FI CBS,25000.0
JASA PASANG 220000,VARIO TECHNO 125 FI CBS,220000.0
PAKET SERVIS GOLD,BEAT SPORTY CW,80000.0
JASA PASANG 30000,SONIC 150R,30000.0
PERBAIKAN CVT,PCX160 RoadSync,45000.0
CEK AJA DULU,VARIO FI,1000.0
JASA PASANG 30000,BeAT Sporty DLX Smart Key,30000.0
PERBAIKAN FUEL PUMP,NEW VARIO 150,75000.0
JASA PASANG 25000,SUPRA GTR 150,25000.0
JASA PASANG 15000,REVO,15000.0
PERBAIKAN KANVAS REM DEPAN,VARIO 125 CBS ISS,20000.0
JASA PASANG 5000,SUPRA X 125 PGM FI CW DD,5000.0
PENGGANTIAN SARINGAN UDARA,VERZA CAST WHEEL,10000.0
JASA PASANG 5000,VARIO 150 SPORTY,5000.0
PERAWATAN CVT,NEW VARIO 125 CBS,57000.0
INFUS INJEKSI+THORTTLE BODY,NEW VARIO 125 CBS,42000.0
JASA PASANG 25000,GENIO CBS ISS,22800.0
SERVIS PAKET LENGKAP PERAWATAN MATIC PLUS,PCX 160 ABS,175000.0
PENGGANTIAN BAN BELAKANG,BEAT FI SW,30000.0
PENGGANTIAN BAN DEPAN,BEAT FI SW,30000.0
PAKET RESET FI,PCX160 CBS,55000.0
SPECIAL MATIC 50K,VARIO 125 CBS,50000.0
PENGGANTIAN MASTER REM DEPAN,NEW CBR 150R,35000.0
JASA PASANG 15000,REVO FIT,15000.0
PERBAIKAN,BEAT,30000.0
PENGGANTIAN KANVAS REM DEPAN,NEW SCOOPY PRESTIGE,20000.0
PEMERIKSAAN LAIN - LAIN,ALL NEW SCOOPY STYLISH,0.0
PEMERIKSAAN LAIN - LAIN,BEAT SPORTY CBS,0.0
PENGGANTIAN BUSI,BEAT POP CW,10000.0
PENGGANTIAN OLI GARDAN,BEAT POP CW,10000.0
PENGGANTIAN SARINGAN UDARA,BEAT POP CW,15000.0
JASA PASANG 50000,NEW BEAT CAST WHEEL,50000.0
CAD (CEK AJA DULU),ALL NEW SCOOPY SPORTY,0.0
JASA PASANG 30000,PCX 160 CBS,30000.0
SERVIS PAKET LENGKAP PERAWATAN MATIC PLUS,VARIO 160 CBS,140000.0
PAKET CEBAN,NEW SUPRA X 125 FI SW,10000.0
JASA PASANG 5000,REVO CW FI,1000.0
JASA PASANG 15000,BEAT POP ESP CW COMIC,15000.0
PAKET SIAP MUDIK 2025,STYLO 160 ABS,50000.0
JASA PASANG 10000,BEAT SPORTY DLX SMART KEY,10000.0
JASA PASANG 25000,SCOOPY PRESTIGE,22800.0
JASA PASANG 3000,BeAT Sporty CBS ISS Deluxe,3000.0
PENGGANTIAN OLI MESIN,VARIO ESP CBS ISS MMC,0.0
GOKIL (GANTI OLI KILAT),VARIO 150 MMC,0.0
JASA PASANG 25000,BEAT POP ESP CW COMIC,25000.0
PEMERIKSAAN LAIN - LAIN,VARIO 125 CBS MMC,0.0
SERVICE PERAWATAN BERKALA,BEAT SPORTY CW,110000.0
PERBAIKAN CVT,ALL NEW SCOOPY PLAYFUL,35000.0
KPB 1,NEW SCOOPY STYLISH,0.0
GANTI OLI PLUS PENGGANTIAN,NEW PCX 150 ABS,0.0
JASA PASANG 70000,BEAT STREET,70000.0
PENGGANTIAN BUSI,REVO CW FI,10000.0
PENGGANTIAN KANVAS REM BELAKANG,CB150 VERZA CW,30000.0
PENGGANTIAN STANDAR TENGAH,BEAT FI CBS,30000.0
PENGGANTIAN OLI GARDAN,GENIO CBS ISS SE,0.0
PENGGANTIAN OLI MESIN,GENIO CBS ISS SE,0.0
LCR CHECK,GENIO CBS ISS SE,0.0
PENGGANTIAN SARINGAN UDARA,GENIO CBS ISS SE,0.0
PENGGANTIAN BUSI,GENIO CBS ISS SE,0.0
PERBAIKAN BOHLAM SOCKET HEADLIGHT,REVO FIT FI,15000.0
PEMERIKSAAN LAIN - LAIN,VARIO TECHNO NON CBS,0.0
PAKET PERAWATAN SERVICE RINGAN ,PCX 160 ABS,100000.0
JASA PASANG 75000,NEW PCX 150 CBS,75000.0
PERBAIKAN KANVAS REM DEPAN,BEAT SPORTY CW,20000.0
SERVIS PAKET RINGAN PERAWATAN,SUPRA X 125 CW MMC,65000.0
PAKET CEBAN,REVO,10000.0
PENGGANTIAN SARINGAN OLI,ADV150 CBS,0.0
Jasa Pasang 3000,VARIO 160 ABS,3000.0
PAKET SERBU KETUPAT SPORT,CRF150L,125000.0
PEMERIKSAAN LAIN - LAIN,BEAT,0.0
GANTI OLI PLUS PENGGANTIAN,BEAT POP CBS ISS,5000.0
JASA PASANG 80000,BEAT STREET CBS,80000.0
JASA PASANG 100000,BeAT Street,100000.0
PAKET CEBAN,NEW VARIO ESP CBS,10000.0
JASA PASANG 60000,PCX 160 ABS,60000.0
PENGGANTIAN CVT,VARIO 125 CBS ISS,40000.0
KPB 1,VARIO 125 CBS ISS SP,0.0
PERBAIKAN KANVAS REM DEPAN,SUPRA X 125 SW MMC,15000.0
PERBAIKAN COVER HANDLE GETAR,VARIO 150 MMC,20000.0
SPECIAL MATIC 50K,PCX 160 CBS,50000.0
JASA PASANG 15000,BEAT CBS FI MMC,15000.0
PENGGANTIAN BELT DRIVE / ROLLER,SUPRA X 125 DISK BRAKE,0.0
SPECIAL MATIC 39K,NEW VARIO 125 CBS-ISS,39000.0
PENGGANTIAN MASTER REM DEPAN,BLADE,27000.0
PEMERIKSAAN LAIN - LAIN,NEW BEAT CAST WHEEL,0.0
PAKET CEBAN,KARISMA D1,12000.0
JASA PASANG 3000,ADV150 CBS,3000.0
KPB 1,Genio CBS ISS,0.0
JASA PASANG 25000,SPACY CW HELM IN,25000.0
PENGGANTIAN OLI GARDAN,NEW VARIO 125 CBS-ISS,10000.0
PENGGANTIAN SARINGAN UDARA,NEW VARIO 125 CBS-ISS,10000.0
PENGGANTIAN BUSI,NEW VARIO 125 CBS-ISS,20000.0
PERBAIKAN COM STEER,REVO 110 SPOKE WHEEL,25000.0
PEMERIKSAAN LAIN - LAIN,BEAT FI CW,0.0
PEMERIKSAAN LAIN - LAIN,NEW VARIO TECHNO PGM FI,0.0
JASA PASANG 5000,VARIO TECHNO,5000.0
PENGGANTIAN BAN DEPAN,REVO FIT FI,20000.0
PENGGANTIAN SARINGAN OLI,BEAT SPORTY CBS ISS,0.0
SERVIS PAKET LENGKAP PERAWATAN,NEW SCOOPY STYLISH JKT,95000.0
JASA PASANG 40000,NEW SCOOPY STYLISH JKT,40000.0
PAKET KURAS OLI SHOCK,NEW VARIO 150,15000.0
PENGGANTIAN BUSI,VARIO 125 CBS ISS SP,20000.0
JASA PASANG 30000,SONIC 150R HRR,30000.0
JASA PASANG 45000,NEW SCOOPY FI,45000.0
PENGGANTIAN SHOCKBREAKER BELAKANG,VARIO TECHNO NON CBS,40000.0
JASA PASANG 95000,BEAT SPORTY CBS,95000.0
PENGGANTIAN BUSI,NEW SCOOPY FASHION,0.0
PENGGANTIAN SARINGAN UDARA,NEW SCOOPY FASHION,0.0
PEMERIKSAAN KLAKSON,BEAT SPORTY CW,30000.0
PENGGANTIAN BAN DEPAN,BEAT FI CW,30000.0
KPB 3,NEW SCOOPY PRESTIGE,0.0
PERBAIKAN CVT,ALL NEW CBR150R,0.0
PERBAIKAN FUEL PUMP,BEAT,25000.0
GANTI OLI PLUS PENGGANTIAN,Genio CBS ISS,0.0
CUCI MOTOR,BeAT Sporty CBS ISS Deluxe,15000.0
SERVICE LENGKAP PERAWATAN,GENIO CBS ISS SE,95000.0
PENGGANTIAN BOHLAM SOCKET HEADLIGHT,BEAT FI CW,15000.0
PERBAIKAN COVER HANDLE GETAR,BEAT SPORTY CBS,10000.0
PAKET CEBAN,MEGAPRO CW FI,10000.0
PENGGANTIAN BEARING DEPAN,VARIO FI,20000.0
PEMERIKSAAN KELISTRIKAN,BeAT Sporty CBS ISS Deluxe,75000.0
PENGGANTIAN BEARING DEPAN,VARIO CAST WHEEL,25000.0
PENGGANTIAN BAN DEPAN,VARIO CAST WHEEL,30000.0
CAD (CEK AJA DULU),SCOOPY FI,0.0
JASA PASANG 5000,NEW CBR 250RR ABS,5000.0
PENGGANTIAN KANVAS REM DEPAN,SUPRA X 125 SW MMC,20000.0
PAKET KURAS MASTER REM,SUPRA X 125 SW MMC,25000.0
SERVIS PAKET RINGAN PERAWATAN,BeAT Sporty CBS ISS,65000.0
SERVIS PAKET LENGKAP PERAWATAN PLUS,ADV150 ABS,115000.0
PENGGANTIAN OLI MESIN,REVO CAST WHEEL,10000.0
JASA PASANG 50000,Beat Sporty,50000.0
PENGGANTIAN KANVAS REM DEPAN,SCOOPY FI,15000.0
JASA PASANG 10000,VARIO 160 CBS,10000.0
PERBAIKAN SARINGAN UDARA,CBR 150R ABS,5000.0
PENGGANTIAN RADIATOR COOLANT,NEW VARIO ESP CBS ADVANCE,5000.0
PEMERIKSAAN LAIN - LAIN,NEW PCX 150,0.0
PAKET KURAS RADIATOR,ALL NEW SCOOPY SPORTY,35000.0
JASA PASANG 85000,SUPRA X 125 CW MMC,85000.0
SERVICE PANGKET LENGKAP PERAWATAN,PCX 160 CBS,145000.0
JASA PASANG 25000,NEW BEAT CAST WHEEL,25000.0
PEMERIKSAAN LAIN - LAIN,NEW VARIO 125 CBS,0.0
PERBAIKAN BAN BELAKANG,SCOOPY,15000.0
VISIT FEE,BEAT SPORTY CBS,0.0
PERBAIKAN KABEL SPEEDO,NEW VARIO TECHNO PGM FI,30000.0
PERBAIKAN FUEL PUMP,SCOOPY ESP,0.0
JASA PASANG 25000,SCOOPY ENERGETIC,22800.0
JASA PASANG 20000,REVO CW,20000.0
PENGGANTIAN KANVAS REM BELAKANG,BEAT POP CBS ISS,22500.0
PAKET PEMBERSIHAN CVT,BEAT POP CBS ISS,45000.0
JASA FLASH INJEKTOR,BEAT POP CBS ISS,13500.0
PAKET KURAS TANGKI,BEAT POP CW,25000.0
PAKET RESET FI,SCOOPY,26000.0
PERBAIKAN BAN BELAKANG,BEAT SPORTY CBS ISS,20000.0
PENGGANTIAN KANVAS REM BELAKANG,ALL NEW SCOOPY STYLISH,30000.0
PENGGANTIAN SARINGAN OLI,VARIO 125 CBS ISS,0.0
PENGGANTIAN SARINGAN UDARA,BeAT Sporty DLX Smart Key,0.0
SERVIS PAKET LENGKAP PERAWATAN,NEW BLADE R 125 FI,65000.0
JASA PASANG 50000,NEW BLADE R 125 FI,50000.0
JASA PASANG 70000,VARIO TECHNO 125 FI ISS,70000.0
PENGGANTIAN SARINGAN OLI,VARIO 125 CBS,0.0
SERVIS PAKET LENGKAP PERAWATAN,Genio CBS ISS,67500.0
JASA PASANG 50000,BeAT Sporty CBS,50000.0
JASA PASANG 15000,CBR 150R STD,15000.0
PEMERIKSAAN LAIN - LAIN,REVO 110 SPOKE WHEEL,0.0
PEMERIKSAAN KELISTRIKAN,SUPRA X 125 CW MMC,50000.0
CUCI MOTOR,NEW VARIO 125 CBS,15000.0
CAD (CEK AJA DULU),NEW SCOOPY PRESTIGE JKT,0.0
PAKET GOCENG,SUPRA X 125 CW MMC,5000.0
PAKET KURAS MASTER REM,VARIO TECHNO 125 CBS ISS,20000.0
PENGGANTIAN SARINGAN OLI,ALL NEW SCOOPY STYLISH,0.0
PENGGANTIAN MASTER REM DEPAN,BEAT SPORTY CW,25000.0
JASA 0,BEAT SPORTY CW,0.0
PENGGANTIAN OLI MESIN,NEW CBR 250RR STD,25000.0
PEMERIKSAAN KELISTRIKAN,VARIO 150 MMC,45000.0
JASA PASANG 10000,VARIO TECHNO 125 FI CBS,10000.0
JASA PASANG 135000,VARIO 125 CBS,135000.0
PEMERIKSAAN LAIN - LAIN,VARIO CAST WHEEL,0.0
PERBAIKAN STANG,NEW PCX 150 CBS,25000.0
JASA PASANG 10000,NEW VARIO 125 CBS ISS,10000.0
PAKET INJECTOR CLEANER,ALL NEW SCOOPY STYLISH,50000.0
KPB 2,ALL NEW SCOOPY STYLISH,0.0
PERBAIKAN STANDAR TENGAH,VARIO TECHNO 125 FI CBS,50000.0
VISIT FEE,ADV150 CBS,0.0
JASA PASANG 25000,SCOOPY FI,25000.0
PENGGANTIAN BEARING BELAKANG,VARIO 150,30000.0
PENGGANTIAN OLI MESIN,All New Scoopy Stylish Plus,0.0
SERVIS PAKET LENGKAP PERAWATAN,NEW SUPRA GTR150 SPORTY,75000.0
PENGGANTIAN COM STEER,BEAT STREET,86000.0
SERVICE GRATIS (CSR),NEW SCOOPY PRESTIGE,0.0
PENGECEKKAN,BEAT FI CW,0.0
JASA PASANG 5000,VERZA SPOKE WHEEL,5000.0
PAKET GOCENG,PCX160 CBS,5000.0
JASA PASANG 3000,GENIO CBS ISS,3000.0
PENGGANTIAN BAN DEPAN,BEAT SPORTY CW,25000.0
PERBAIKAN KABEL REM BELAKANG,VARIO 125 CBS-ISS MMC,15000.0
CVT  PROMO,BeAT Sporty CBS ISS Deluxe,33000.0
VISIT FEE,BEAT POP CW,0.0
JASA PASANG 35000,VARIO 160 ABS,35000.0
SERVIS PAKET RINGAN PERAWATAN,CBR 150R STD,141000.0
JASA PASANG 15000,MEGA PRO CW,15000.0
PENGGANTIAN MINYAK REM,VARIO 125 CBS ISS,35000.0
PAKET SERVIS PLATINUM,BeAT Sporty DLX Smart Key,75000.0
SERVIS PAKET LENGKAP PERAWATAN,NEW SCOOPY PRESTIGE JKT,95000.0
JASA PASANG 85000,VARIO 150 SPORTY NEW ACC,85000.0
PENGGANTIAN KANVAS KOPLING,ALL NEW SCOOPY SPORTY,35000.0
JASA PASANG 30000,BEAT POP CBS,30000.0
JASA PASANG 25000,SCOOPY STYLISH,22800.0
PENGGANTIAN BEARING DEPAN,ALL NEW SCOOPY SPORTY,20000.0
PAKET INJECTOR CLEANER,NEW PCX 150 CBS,50000.0
PENGGANTIAN AKI,REVO FIT,10000.0
JASA PASANG 40000,VARIO 125 CBS MMC,0.0
PENGGANTIAN OLI GARDAN,BEAT FI CBS,5000.0
JASA PASANG 60000,SCOOPY ESP,0.0
PENGGANTIAN AKI,BEAT SPORTY CBS,10000.0
KPB 4,SCOOPY ENERGETIC,0.0
JASA PASANG 70000,NEW PCX 150 ABS,0.0
PENGGANTIAN SHOCKBREAKER BELAKANG,BEAT SPORTY CBS ISS,65000.0
JASA PASANG 55000,NEW VARIO,55000.0
PENGGANTIAN OLI MESIN,BLADE R,0.0
JASA PASANG 5000,BLADE R,5000.0
PENGGANTIAN CVT,SPACY CW HELM IN,50000.0
PROMO MERDEKA 1,BEAT STREET CBS,0.0
PERBAIKAN KANVAS REM DEPAN,CRF150L,25000.0
SPECIAL MATIC 39K,ADV160 ABS,39000.0
PERBAIKAN STANG,ADV150 ABS,50000.0
JASA PASANG 70000,MEGA PRO STD,70000.0
PERBAIKAN CVT,MEGA PRO STD,0.0
JASA PASANG 15000,SONIC 150R HRR,15000.0
JASA PASANG 45000,NEW VARIO 150,0.0
JASA PASANG 75000,VARIO 125 CBS MMC,0.0
PERBAIKAN BAN BELAKANG,SUPRA X,30000.0
PEMERIKSAAN KELISTRIKAN,BeAT Street,30000.0
PENGGANTIAN MASTER REM DEPAN,VARIO ESP CBS ADV MMC,25000.0
JASA PASANG 55000,SONIC 150R,0.0
SERVIS PAKET RINGAN PERAWATAN,NEW VARIO 125 CBS-ISS,80000.0
Jasa Pasang 3000,VARIO 160 CBS,3000.0
PENGGANTIAN BAN BELAKANG,SUPRA GTR 150,14000.0
SERVICE GRATIS (CSR),BEAT SPORTY CBS,0.0
PAKET RESET FI,NEW VARIO TECHNO PGM FI,35000.0
CAD (CEK AJA DULU),SCOOPY ESP,0.0
PAKET SERVIS SAHABAT WARGA,CB150 VERZA CW,65000.0
PENGGANTIAN KANVAS REM BELAKANG,CB150R STREETFIRE,30000.0
PEMERIKSAAN LAIN - LAIN,VARIO 160 ABS,0.0
JASA PASANG 50000,VARIO 125 CBS MMC,0.0
PEMERIKSAAN KELISTRIKAN,VARIO 110 CBS,85000.0
JASA PASANG 25000,NEW SCOOPY FASHION,25000.0
PAKET INJECTOR CLEANER,NEW SCOOPY FASHION,50000.0
SERVIS PAKET CVT PLUS,NEW VARIO 125 CBS ISS,50000.0
JASA PASANG 3000,ADV160 ABS,3000.0
JASA PASANG 5000,ALL NEW CB150R STREETFIRE,5000.0
JASA PASANG 60000,SCOOPY,0.0
SERVIS PAKET LENGKAP PERAWATAN,ALL NEW SCOOPY PLAYFUL,85000.0
SERVICE GRATIS (CSR),BEAT SPORTY CW,0.0
PENGGANTIAN BODY COVER SET,BEAT SPORTY CBS ISS,100000.0
PERBAIKAN FUEL PUMP,BEAT SPORTY CBS ISS,30000.0
PERBAIKAN KANVAS REM DEPAN * ABS,BEAT SPORTY CBS ISS,30000.0
JASA PASANG OLI,PCX 160 CBS,0.0
JASA PASANG 25000,VARIO 160 ABS,22800.0
PENGGANTIAN KANVAS REM BELAKANG,CB150R STREETFIRE SPECIAL,25000.0
JASA PASANG 80000,NEW SCOOPY STYLISH,80000.0
JASA PASANG 90000,BEAT FI CW,90000.0
PEMERIKSAAN KELISTRIKAN,ADV150 ABS,35000.0
PEMERIKSAAN KELISTRIKAN,CBR 150R STD,60000.0
PERBAIKAN COVER HANDLE GETAR,NEW VARIO ESP CBS ISS,10000.0
PERBAIKAN KABEL KOPLING,BEAT SPORTY CBS ISS,25000.0
PERBAIKAN KANVAS KOPLING,BEAT SPORTY CBS ISS,50000.0
PAKET PEMBERSIHAN CVT,VARIO 125 CBS-ISS MMC,30000.0
JASA PASANG 95000,CB150 VERZA CW,95000.0
JASA PASANG 40000,NEW VARIO 125 CBS ISS,0.0
PENGGANTIAN AKI,ALL NEW SCOOPY STYLISH,0.0
PENGGANTIAN RADIATOR COOLANT,PCX 150,5000.0
JASA PASANG 3000,REVO 110 SPOKE WHEEL,3000.0
SERVIS PAKET LENGKAP PERAWATAN,MEGA PRO,100000.0
PENGGANTIAN KANVAS REM BELAKANG,MEGA PRO,30000.0
PERBAIKAN BOHLAM LAMPU DEPAN / SOCKET ,MEGA PRO,25000.0
PAKET RESET FI,BEAT FI CBS,10000.0
PERBAIKAN MASTER REM DEPAN,BEAT FI CW,15000.0
SERVICE PAKET LENGKAP PERAWATAN,BeAT Street,95000.0
PENGGANTIAN BAN BELAKANG,NEW SUPRA X 125 CW FI MMC,25000.0
PAKET RESET FI,BEAT FI SW,25000.0
PAKET SERVIS MATIC ASYIK,VARIO 150,46000.0
PERBAIKAN CVT,BEAT FI CW,45000.0
JASA PASANG 75000,VARIO 125 CBS,0.0
PENGGANTIAN MINYAK REM,BEAT POP ESP CW COMIC,25000.0
JASA PASANG 50000,ALL NEW SCOOPY STYLISH,50000.0
PENGGANTIAN MASTER REM DEPAN,Beat Sporty,35000.0
SERVIS LENGKAP,BeAT Sporty CBS ISS Deluxe,122000.0
SETEL VELG DEPAN,PCX 160 ABS,100000.0
PAKET CEBAN,PCX160 CBS,10000.0
SERVIS PAKET LENGKAP,Beat Sporty,90000.0
STEL KOMSTER,Beat Sporty,35000.0
SERVIS PAKET LENGKAP PERAWATAN,NEW BLADE 125 FI R,85000.0
PENGGANTIAN BEARING BELAKANG,NEW SUPRA GTR150 EXCLUSIVE,25000.0
PENGGANTIAN BEARING DEPAN,SPACY CW HELM IN FI,25000.0
JASA PASANG 150000,NEW PCX 150 CBS,150000.0
JASA PASANG 165000,NEW SCOOPY PRESTIGE,165000.0
PAKET KURAS OLI SHOCK,VARIO 125 CBS ISS,50000.0
PENGGANTIAN BAN DEPAN,VARIO 125 CBS ISS,18000.0
PENGGANTIAN SARINGAN OLI,NEW PCX 150 CBS,0.0
PENGGANTIAN SARINGAN OLI,CBR 150R STD,0.0
JASA PASANG 25000,VARIO TECHNO NON CBS,25000.0
JASA PASANG 75000,VARIO 110 CBS,75000.0
STRUM AKI,BEAT SPORTY CW,55000.0
PENGGANTIAN GEAR SET ( DRIVE CHAIN KIT ),SUPRA X 125 HELM IN FI,35000.0
SERVICE LENGKAP PERAWATAN,VARIO 160 CBS,200000.0
JASA PASANG 95000,VARIO 110 CBS ISS,95000.0
JASA PASANG 20000,Genio CBS,20000.0
PENGGANTIAN BOHLAM LAMPU DEPAN / SOCKET ,BEAT SPORTY CBS ISS,21000.0
JASA PASANG 95000,SUPRA X 125 PGM FI CW DD,95000.0
PAKET KURAS TANGKI,BeAT Sporty CBS,25000.0
PAKET CEBAN,BEAT POP CBS,10000.0
PERBAIKAN CVT,BEAT STREET,40000.0
JASA PASANG 70000,BEAT CW FI MMC,70000.0
PAKET PAS,BEAT CW FI MMC,50000.0
PEMERIKSAAN KELISTRIKAN,SUPRA X 125 CW,200000.0
SERVIS PAKET LENGKAP PERAWATAN PLUS,VERZA CAST WHEEL,115000.0
JASA PASANG 25000,NEW VARIO 125 CBS,25000.0
GOKIL (GANTI OLI KILAT),NEW VARIO 150,0.0
BONGKAR CVT,VARIO 125 CBS ISS,35000.0
BONGKAR CVT,VARIO 125 CBS-ISS MMC,35000.0
CUCI MOTOR,VARIO 150,15000.0
JASA PASANG 60000,BeAT Sporty CBS,60000.0
JASA PASANG 10000,CBR 150R STD,10000.0
JASA CEK KILAT,SCOOPY PRESTIGE,1.0
PAKET INJECTOR CLEANER,SUPRA FIT D,35000.0
JASA PASANG 3000,BeAT Sporty CBS ISS,3000.0
JASA CEK KILAT,NEW VARIO 150,1.0
JASA PASANG 50000,NEW SCOOPY FI,50000.0
JASA PASANG 50000,BEAT STREET,50000.0
SERVIS PAKET LENGKAP PERAWATAN PLUS,VARIO TECHNO NON CBS,100000.0
JASA PASANG 3000,BEAT STREET CBS,3000.0
JASA PASANG 35000,SONIC 150R,35000.0
PERBAIKAN,BEAT SPORTY CW,35000.0
SERVIS PAKET LENGKAP PERAWATAN,TIGER,100000.0
PENGGANTIAN OLI MESIN,TIGER,5000.0
KPB 2,REVO FIT,0.0
JASA PASANG 50000,REVO FIT,50000.0
JASA PASANG 25000,BEAT CBS FI MMC,25000.0
JASA PASANG 5000,TIGER,0.0
JASA PASANG 5000,PCX160 CBS,5000.0
JASA PASANG 50000,ADV150 CBS,50000.0
PROMO MERDEKA 2,BEAT FI CBS,15000.0
PERBAIKAN KANVAS REM BELAKANG,NEW VARIO 150,20000.0
PAKET RESET FI,NEW VARIO TECHNO CBS,30000.0
JASA PASANG 70000,NEW VARIO 125 CBS,70000.0
PAKET CEK REM GRATIS,BEAT SPORTY CBS,0.0
PAKET CEBAN,NEW SCOOPY FI,10000.0
JASA PASANG 20000,VARIO TECHNO,20000.0
GOKIL (GANTI OLI KILAT),ADV160 CBS,0.0
JASA,VARIO 125 CBS,25000.0
PAKET SERVIS GOLD,NEW PCX 150 CBS,0.0
JASA PASANG 2000,VERZA SPOKE WHEEL,2000.0
PENGGANTIAN OLI SHOCKBREAKER,SCOOPY FI,75000.0
PENGGANTIAN CVT,SCOOPY FI,55000.0
PENGGANTIAN MINYAK REM,SCOOPY FI,27000.0
JASA PASANG 50000,NEW VARIO,50000.0
JASA PASANG 80000,SUPRA X 125 HELM IN FI,80000.0
PAKET PEMBERSIHAN CVT,BLADE,0.0
PENGGANTIAN FUEL PUMP,NEW BEAT CAST WHEEL,35000.0
PENGGANTIAN BAN DEPAN,NEW BEAT CAST WHEEL,15000.0
PENGGANTIAN BAN BELAKANG,NEW BEAT CAST WHEEL,15000.0
PENGGANTIAN AKI,NEW BEAT CAST WHEEL,0.0
KURAS MINYAK REM,NEW BEAT CAST WHEEL,15000.0
PENGGANTIAN RANTAI KETENG ,NEW BEAT CAST WHEEL,100000.0
PERBAIKAN FUEL PUMP,VARIO TECHNO 125 FI ISS,20000.0
PENGGANTIAN BUSI,NEW SUPRA X 125 FI CW,10000.0
PENGGANTIAN SARINGAN UDARA,NEW SUPRA X 125 FI CW,15000.0
SERVIS PAKET LENGKAP PERAWATAN MATIC PLUS,BEAT SPORTY CBS,125000.0
PERBAIKAN KANVAS REM DEPAN * ABS,BEAT STREET CBS,25000.0
PENGGANTIAN SOCKET DEPAN KANAN,NEW VARIO 125 CBS,10000.0
PENGGANTIAN OLI GARDAN,ALL NEW SCOOPY PLAYFUL,0.0
PENGGANTIAN BOHLAM SOCKET HEADLIGHT,BEAT SPORTY CW,5000.0
PENGGANTIAN KANVAS REM DEPAN,VARIO FI,20000.0
SPECIAL MATIC 39K,ADV160 CBS,39000.0
JASA PASANG 20000,SUPRA X 125 CW MMC,20000.0
SPECIAL MATIC 50K,ALL NEW SCOOPY SPORTY,50000.0
PAKET PEMBERSIHAN CVT,NEW VARIO 125 CBS-ISS,45000.0
CUCI MOTOR,NEW SCOOPY STYLISH,15000.0
PENGGANTIAN BAN BELAKANG,SONIC 150R MATTE BLACK,25000.0
JASA PASANG 25000,NEW PCX 150 ABS,25000.0
JASA PASANG 3000,BEAT FI CW,3000.0
PAKET GOCENG,BEAT FI CBS,5000.0
JASA PASANG 70000,VARIO 125 CBS-ISS MMC,70000.0
SETEL VELG DEPAN,VARIO 125 CBS,50000.0
PENGGANTIAN BUSI,GENIO CBS,0.0
PENGGANTIAN SARINGAN UDARA,GENIO CBS,0.0
PENGGANTIAN OLI GARDAN,GENIO CBS,0.0
PERBAIKAN STANDAR TENGAH,BEAT SPORTY CBS ISS,20000.0
KPB 4,BEAT,0.0
PERBAIKAN BOHLAM LAMPU DEPAN / SOCKET ,SUPRA X,15000.0
JASA PASANG 5000,SUPRA,5000.0
JASA PASANG 60000,Beat Sporty,60000.0
JASA PASANG 155000,Beat Sporty,155000.0
PERBAIKAN STANG,VARIO 150,25000.0
PEMERIKSAAN KELISTRIKAN,TIGER 2000,200000.0
PERBAIKAN BELT DRIVE / ROLLER,GENIO CBS,20000.0
PERBAIKAN STATOR COMP / SPULL,VARIO 150,0.0
JASA PASANG 3000,VARIO 150 MMC,3000.0
JASA PASANG 35000,ALL NEW SCOOPY STYLISH,35000.0
BONGKAR CVT,VARIO 150,35000.0
PERBAIKAN MASTER REM BELAKANG,BLADE,0.0
BONGKAR MESIN,CB150R STREETFIRE,315000.0
JASA PASANG 70000,CB150R STREETFIRE,70000.0
PERBAIKAN STATOR COMP / SPULL,BEAT,30000.0
JASA PASANG 185000,NEW VARIO 150,185000.0
SERVIS PAKET RINGAN PERAWATAN,VARIO 150 SPORTY,80000.0
JASA PASANG 85000,VARIO 125 CBS,85000.0
JASA PASANG 10000,SUPRA FIT,10000.0
SERVIS PAKET RINGAN PERAWATAN,BEAT POP ESP CW COMIC,75000.0
PENGGANTIAN CVT,BEAT POP ESP CW COMIC,0.0
PERBAIKAN STANDAR TENGAH,BEAT STREET CBS,20000.0
DS,VARIO 125 CBS,10000.0
JASA PASANG 95000,VARIO 110 CBS,95000.0
GOKIL (GANTI OLI KILAT),PCX 160 ABS,0.0
GOKIL (GANTI OLI KILAT),VARIO 150,0.0
PEMERIKSAAN KELISTRIKAN,NEW SCOOPY PRESTIGE,45000.0
SERVIS PAKET LENGKAP PERAWATAN PLUS,New Vario 150,135000.0
PENGGANTIAN KANVAS REM DEPAN,PCX,25000.0
PAKET INJECTOR CLEANER,PCX,20000.0
PENGGANTIAN BUSI,VARIO 160 CBS,0.0
JASA PASANG 20000,BEAT CW FI MMC,20000.0
JASA PASANG 25000,ALL NEW CBR150R,25000.0
JASA PASANG 5000,SUPRA X,5000.0
PENGGANTIAN KANVAS REM DEPAN,BeAT Sporty CBS ISS,25000.0
JASA PASANG 95000,NEW SUPRA X 125 FI CW,95000.0
PAKET SERVIS SILVER,CB150R STREETFIRE SPECIAL,0.0
PENGGANTIAN BAN BELAKANG,NEW VARIO TECHNO PGM FI,35000.0
PAKET KURAS TANGKI,NEW VARIO 150,50000.0
JASA PASANG 90000,PCX 160 ABS,90000.0
PAKET KURAS MASTER REM,PCX 150,20000.0
KPB 4,BeAT Sporty DLX Smart Key,0.0
PENGGANTIAN KANVAS KOPLING,SCOOPY FI,50000.0
PAKET INJECTOR CLEANER,BEAT FI CBS,0.0
PERBAIKAN MASTER REM BELAKANG,NEW VARIO TECHNO PGM FI,25000.0
PAKET RESET FI,BLADE,45000.0
PENGGANTIAN INJECTOR,BeAT Sporty CBS,27000.0
PENGGANTIAN BELT DRIVE / ROLLER,GENIO CBS ISS,50000.0
SERVIS PAKET LENGKAP PERAWATAN MATIC PLUS,VARIO 125 CBS,105000.0
PENGGANTIAN KANVAS REM DEPAN,ALL NEW SCOOPY STYLISH,20000.0
PENGGANTIAN MASTER REM DEPAN,ALL NEW SCOOPY STYLISH,35000.0
JASA PASANG 10000,ADV150 ABS,10000.0
PENGGANTIAN MINYAK REM,VARIO 125 CBS,20000.0
PENGGANTIAN BOHLAM LAMPU DEPAN / SOCKET ,VARIO 125 CBS,25000.0
PENGGANTIAN DAMPER / KARET TROMOL,VARIO 125 CBS,25000.0
JASA PASANG 90000,VARIO 125 CBS,90000.0
SERVICE PAKET LENGKAP PERAWATAN,PCX 160 ABS,150000.0
JASA PASANG 15000,VARIO 110 CBS,15000.0
PEMERIKSAAN KELISTRIKAN,BEAT SPORTY CBS,50000.0
PERBAIKAN STANDAR TENGAH,BEAT STREET,20000.0
PENGGANTIAN BEARING DEPAN,NEW VARIO 150,20000.0
PENGGANTIAN KANVAS REM BELAKANG,VARIO 150 NEW ACC,20000.0
JASA PASANG 85000,NEW PCX 150 CBS,85000.0
PAKET KURAS OLI SHOCK,VARIO FI,25000.0
JASA PASANG 5000,BeAT Sporty CBS ISS,5000.0
PAKET CAD GOCENG,NEW SCOOPY PRESTIGE,5000.0
SERVICE BERKALA TYPE MATIC 110-125CC,BeAT Street,95000.0
JASA PASANG 100000,PCX 160 CBS,100000.0
PROMO MERDEKA 2,BeAT Sporty CBS ISS,15000.0
PERBAIKAN BOHLAM LAMPU DEPAN / SOCKET ,NEW VARIO TECHNO PGM FI,15000.0
SERVIS PAKET RINGAN PERAWATAN,REVO X,65000.0
JASA PASANG 10000,GENIO CBS ISS,10000.0
JASA PASANG 70000,NEW SCOOPY FASHION,70000.0
SERVIS PAKET LENGKAP PERAWATAN,New Vario 150 Exclusive ACCS,124500.0
PENGGANTIAN RADIATOR COOLANT,New Vario 150 Exclusive ACCS,25000.0
PENGGANTIAN CVT,New Vario 150 Exclusive ACCS,60000.0
PERGANTIAN OLI MESIN,VARIO 125 CBS,5000.0
JASA PASANG 20000,NEW VARIO TECHNO PGM FI,20000.0
JASA PASANG 65000,BeAT Sporty CBS ISS Deluxe,65000.0
PENGGANTIAN SARINGAN UDARA,REVO FIT,10000.0
PERBAIKAN STANDAR TENGAH,NEW SCOOPY STYLISH,45000.0
PAKET KURAS TANGKI,BEAT FI SW,70000.0
SPECIAL MATIC 50K,VARIO 125 CBS ISS,50000.0
PAKET CAD GOCENG,ALL NEW SCOOPY STYLISH,5000.0
PERBAIKAN JARI - JARI / GANTI TROMOL,BEAT POP ESP CBS COMIC,0.0
SERVIS PAKET RINGAN PERAWATAN,SCOOPY,0.0
JASA PASANG 50000,PCX 150,50000.0
JASA PASANG 35000,ADV160 CBS,35000.0
PENGGANTIAN AKI,NEW SUPRA GTR150 EXCLUSIVE,5000.0
PAKET KURAS TANGKI,BeAT Street,35000.0
PERBAIKAN SARINGAN UDARA,BEAT FI CW,10000.0
PERBAIKAN STANG,BEAT FI CW,35000.0
SERVIS PAKET LENGKAP PERAWATAN,MEGAPRO CW FI,100000.0
PERBAIKAN COM STEER,MEGAPRO CW FI,50000.0
PAKET INJECTOR CLEANER,NEW SUPRA X 125 FI CW,35000.0
SERVIS PAKET LENGKAP PERAWATAN,CB150X SE,150000.0
PENGGANTIAN BOHLAM LAMPU DEPAN / SOCKET ,BEAT STREET,15000.0
PAKET GOCENG,REVO FIT FI,5000.0
PENGGANTIAN SHOCKBREAKER DEPAN,REVO SPOKE,70000.0
PENGGANTIAN STANDAR TENGAH,REVO SPOKE,50000.0
PENGGANTIAN STANG,REVO SPOKE,50000.0
PERBAIKAN KUNCI SET,REVO SPOKE,50000.0
SERVIS PAKET LENGKAP PERAWATAN,ADV 160 ABS,112667.0
PENGGANTIAN OLI GARDAN,ADV 160 ABS,5000.0
PENGGANTIAN KANVAS REM DEPAN,ADV 160 ABS,40000.0
SERVIS PAKET CVT PLUS,VARIO 125 CBS ISS SP,50000.0
PAKET GOCENG,ALL NEW CBR150R,5000.0
PENGGANTIAN COM STEER,NEW VARIO TECHNO PGM FI,104000.0
PERBAIKAN BELT DRIVE / ROLLER,NEW VARIO TECHNO PGM FI,41000.0
JASA PASANG 100000,VARIO TECHNO 125 FI ISS,100000.0
PENGGANTIAN RADIATOR COOLANT,VARIO TECHNO 125 FI ISS,5000.0
PENGGANTIAN KANVAS KOPLING,ALL NEW CB150R STREETFIRE,84000.0
GANTI OLI PLUS PENGGANTIAN,SONIC 150R MATTE BLACK,2000.0
PAKET SERVIS SILVER,NEW CB150R STREETFIRE,0.0
JASA PASANG 215000,VARIO 125 CBS,215000.0
PENGGANTIAN AKI,BeAT Sporty CBS ISS,0.0
KPB 4,VARIO 125 CBS ISS SP,0.0
PENGGANTIAN BEARING DEPAN,SUPRA X 125 CW MMC,30000.0
JASA PASANG 75000,NEW VARIO TECHNO PGM FI,75000.0
PAKET CEBAN,SCOOPY ENERGETIC,10000.0
PAKET CEBAN,NEW BLADE R 125 FI,10000.0
JASA PASANG 50000,BEAT CW FI MMC,50000.0
PERBAIKAN BELT DRIVE / ROLLER,VARIO 125 CBS,50000.0
PAKET KURAS OLI SHOCK,VARIO 125 CBS MMC,45000.0
PENGGANTIAN SARINGAN UDARA,REVO 110 CAST WHEEL,20000.0
PASANG BOHLAM REM,GENIO CBS,5000.0
JASA PASANG 15000,GENIO CBS,15000.0
SERVICE GRATIS (CSR),GENIO CBS,0.0
PENGGANTIAN KANVAS REM BELAKANG,BEAT POP CW,25000.0
PAKET PEMBERSIHAN CVT,BEAT POP CW,40000.0
JASA PASANG 25000,PCX 160 ABS,25000.0
GANTI OLI PLUS PENGGANTIAN,BEAT FI CW,0.0
PENGGANTIAN MINYAK REM,NEW VARIO 150,28000.0
PENGGANTIAN KANVAS REM BELAKANG * ABS,VARIO 125 CBS ISS SP,25000.0
JASA PASANG 45000,VARIO 125 CBS ISS SP,45000.0
JASA PASANG 50000,PCX,50000.0
VISIT FEE,NEW VARIO 125 CBS ISS,0.0
PERBAIKAN KANVAS REM DEPAN,VARIO 150,15000.0
SERVIS PAKET CVT PLUS,GENIO CBS ISS SE,50000.0
JASA PASANG 250000,PCX 160 ABS,250000.0
JASA PASANG 40000,BEAT STREET CBS,40000.0
PAKET GOCENG,NEW BLADE 125 FI R,5000.0
PENGGANTIAN SARINGAN OLI,NEW PCX 150 ABS,75000.0
JASA PASANG 150000,VARIO 160 ABS,150000.0
PAKET KURAS MASTER REM,BEAT STREET CBS,28500.0
PERBAIKAN KANVAS REM DEPAN,NEW SCOOPY SPORTY,20000.0
PENGGANTIAN OLI MESIN,SCOOPY PRESTIGE,7000.0
JASA PASANG 15000,SUPRA X 125 CW MMC,15000.0
PAKET GOCENG,GENIO CBS ISS,5000.0
GANTI OLI PLUS PENGGANTIAN,GENIO CBS,0.0
PAKET KURAS MASTER REM,VARIO 110 CBS,25000.0
PEMERIKSAAN LAIN - LAIN,BEAT STREET CBS,0.0
JASA PASANG 95000,PCX 160 ABS,95000.0
KPB 4,BEAT STREET,0.0
PAKET RESET FI,ALL NEW SCOOPY STYLISH,10000.0
JASA PASANG 60000,NEW VARIO CBS PGM FI,60000.0
PEMERIKSAAN LAIN - LAIN,NEW PCX 150 ABS,0.0
PAKET GOCENG,VARIO 110 CBS ISS,5000.0
PAKET RESET FI,NEW SCOOPY SPORTY,35000.0
JASA PASANG 15000,SCOOPY STYLISH,15000.0
PAKET CEBAN,BEAT STREET,10000.0
PENGGANTIAN BAN BELAKANG,ALL NEW SCOOPY STYLISH,0.0
PAKET KURAS MASTER REM,SCOOPY ESP,20000.0
JASA PASANG 285000,BeAT Sporty CBS,285000.0
JASA PASANG 250000,BeAT Sporty CBS,250000.0
PERBAIKAN KANVAS REM DEPAN,VARIO 110 CBS ISS,20000.0
GANTI OLI PLUS PENGGANTIAN,NEW MEGA PRO CW,0.0
PENGGANTIAN BAN BELAKANG,ALL NEW CBR 150R,25000.0
JASA PASANG 15000,NEW VARIO 125 CBS ISS,15000.0
SERVIS PAKET RINGAN PERAWATAN,NEW SUPRA X 125 FI CW,45000.0
JASA PASANG 50000,NEW VARIO TECHNO PGM FI,50000.0
JASA PASANG 40000,ALL NEW SCOOPY STYLISH,40000.0
PENGGANTIAN CVT,BEAT SW FI MMC,50000.0
JASA PASANG 170000,PCX 160 CBS,170000.0
SERVIS PAKET LENGKAP PERAWATAN,PCX160 ABS,150000.0
PENGGANTIAN OLI MESIN,NEW SONIC 150R SPECIAL,0.0
KPB 3,NEW VARIO 125 CBS,0.0
JASA PASANG 55000,NEW VARIO ESP CBS ISS ADVA,55000.0
PENGGANTIAN KABEL SPEEDO,NEW VARIO ESP CBS ISS ADVA,20000.0
JASA PASANG 250000,BeAT Street,250000.0
JASA PASANG 285000,BeAT Street,285000.0
VISIT FEE,ALL NEW CBR 150R,0.0
SPECIAL MATIC 50K,BEAT FI CW,50000.0
PEMERIKSAAN LAIN - LAIN,NEW BLADE 125 FI R,0.0
SERVIS PAKET CVT PLUS,ADV150 ABS,50000.0
PENGGANTIAN SEAL MAGNET,ALL NEW SCOOPY STYLISH,95000.0
BONGKAR MESIN,SUPRA GTR 150,250000.0
PROMO MERDEKA 1,BEAT STREET,0.0
PENGGANTIAN CVT,NEW SCOOPY PRESTIGE,60000.0
PENGGANTIAN BAN BELAKANG,NEW SCOOPY PRESTIGE,25000.0
SERVIS PAKET RINGAN PERAWATAN,VARIO 160 CBS,90000.0
PENGGANTIAN RADIATOR COOLANT,VARIO 160 CBS,25000.0
JASA PASANG 15000,SCOOPY,15000.0
PENGGANTIAN BOHLAM LAMPU DEPAN / SOCKET ,NEW VARIO 125 CBS,20000.0
JASA PASANG 15000,CB150R STREETFIRE,15000.0
JASA PASANG 40000,NEW SCOOPY FASHION,40000.0
JASA PASANG 120000,NEW VARIO 150,120000.0
PENGGANTIAN GEAR SET ( DRIVE CHAIN KIT ),SUPRA X,45000.0
MODIFIKASI SPARKBOARD DEPAN,VARIO 125 CBS ISS,25000.0
PENGGANTIAN BUSI,SPACY CW HELM IN FI,15000.0
JASA PASANG 5000,KARISMA 125 D,5000.0
GANTI OLI PLUS PENGGANTIAN,CB150R STREETFIRE,0.0
PERBAIKAN FUEL PUMP,VARIO 150,0.0
SPECIAL MATIC 39K,SCOOPY FI,39000.0
JASA PASANG 20000,CRF150L,20000.0
JASA PASANG 90000,BEAT POP CW,90000.0
PEMERIKSAAN LAIN - LAIN,Beat Sporty,0.0
GANTI OLI PLUS PENGGANTIAN,SPACY CW HELM IN FI,5000.0
PERBAIKAN SARINGAN UDARA,NEW SUPRA X 125 FI CW,20000.0
PAKET SERVIS SILVER,BEAT SPORTY CBS ISS,160000.0
JASA PASANG 185000,BEAT SPORTY CBS ISS,185000.0
PERBAIKAN STANDAR TENGAH,NEW VARIO 150,0.0
PERBAIKAN CVT,NEW SCOOPY STYLISH JKT,40000.0
JASA PASANG 35000,NEW SCOOPY STYLISH JKT,35000.0
JASA PASANG 185000,NEW SCOOPY SPORTY,185000.0
JASA PASANG 50000,VARIO 110 CBS,50000.0
PERBAIKAN KANVAS REM BELAKANG,VARIO 160 CBS,20000.0
PERBAIKAN REFLEKTOR,BEAT FI CW,30000.0
JASA PASANG 50000,CB150R,50000.0
PENGGANTIAN BAN BELAKANG,SUPRA X 125 CW MMC,20000.0
PAKET INJECTOR CLEANER,NEW PCX 150 ABS,35000.0
PENGGANTIAN BEARING DEPAN,VARIO 160 ABS,20000.0
SERVIS PAKET LENGKAP PERAWATAN PLUS,NEW SCOOPY STYLISH JKT,70000.0
PENGGANTIAN KANVAS REM BELAKANG * ( CAKRAM ),ADV160 CBS,40000.0
JASA PASANG 30000,REVO X,30000.0
PENGGANTIAN CVT,VARIO 125 CBS ISS SP,50000.0
LCR GANTI,GENIO CBS ISS,0.0
JASA PASANG 5000,NEW SCOOPY FI,5000.0
JASA PASANG 5000,CBR 150R ABS,5000.0
PENGGANTIAN SARINGAN OLI,NEW VARIO,0.0
PERBAIKAN SARINGAN UDARA,NEW PCX 150 CBS,35000.0
PEMERIKSAAN LAIN - LAIN,ALL NEW SONIC 150 R,0.0
PAKET GOCENG,VARIO FI,5000.0
PENGGANTIAN MINYAK REM,SUPRA X 125 R DD,10000.0
SERVICE LENGKAP,BEAT SPORTY CBS,97000.0
PERBAIKAN FUEL PUMP,NEW VARIO TECHNO PGM FI,25000.0
PERBAIKAN CVT,SCOOPY FI,40000.0
SERVICE PERAWATAN BERKALA,BEAT POP ESP CBS PIXEL,110000.0
PENGGANTIAN CVT,BEAT POP ESP CBS PIXEL,60000.0
PENGGANTIAN KANVAS REM BELAKANG,BEAT POP ESP CBS PIXEL,30000.0
PENGGANTIAN OLI GARDAN,BEAT POP ESP CBS PIXEL,0.0
PENGGANTIAN MASTER REM DEPAN,BEAT POP ESP CBS PIXEL,45000.0
PENGGANTIAN OLI MESIN,BEAT POP ESP CBS PIXEL,0.0
PENGGANTIAN KANVAS REM DEPAN,BEAT POP ESP CBS PIXEL,25000.0
JASA PASANG 45000,GENIO CBS ISS,45000.0
SAFETY CHECK,BEAT POP CW,2000.0
PENGGANTIAN MASTER REM DEPAN,BEAT SPORTY CBS,35000.0
JASA PASANG 90000,Genio CBS ISS,90000.0
JASA 0,Beat Sporty,0.0
PENGGANTIAN SARINGAN UDARA,BeAT Street,7200.0
JASA PASANG 5000,Verza,2000.0
SERVIS PAKET RINGAN PERAWATAN,VARIO 160 ABS,117000.0
PERBAIKAN CVT,VARIO 125 CBS,40000.0
PAKET GOCENG,BeAT Street,5000.0
PAKET RESET FI,BeAT Sporty CBS ISS,30000.0
PROMO MERDEKA 2,SCOOPY PRESTIGE,15000.0
PENGGANTIAN RANTAI KETENG ,VARIO 125 CBS,80000.0
PENGGANTIAN BAN BELAKANG,VARIO 125 CBS,35000.0
PENGGANTIAN FUEL PUMP,VARIO 125 CBS,50000.0
SAFETY CHECK,VARIO 125 CBS,2000.0
SERVIS PAKET LENGKAP PERAWATAN,SUPRA,85000.0
JASA PASANG 30000,BeAT Sporty CBS ISS,30000.0
JASA PASANG 90000,NEW VARIO 125 CBS ISS,90000.0
PERBAIKAN KANVAS KOPLING,VARIO TECHNO 125 FI ISS,35000.0
PAKET GOCENG,VARIO TECHNO 125 FI ISS,5000.0
SETEL VELG BELAKANG,REVO,50000.0
PERBAIKAN STANG,REVO,50000.0
PAKET CEBAN,CB150R,10000.0
PENGGANTIAN MINYAK REM,VARIO 110 CBS ISS,5000.0
JASA PASANG 70000,NEW SUPRA X 125 CW FI MMC,70000.0
PENGGANTIAN SARINGAN OLI,BEAT SPORTY CBS,0.0
JASA PASANG 10000,MEGA PRO CW,10000.0
JASA PASANG 15000,REVO CW,15000.0
PENGGANTIAN INJECTOR,PCX 160 CBS,65000.0
PERBAIKAN BAN DEPAN,SUPRA X 125 R DD,25000.0
KPB 1,ALL NEW SCOOPY SPORTY,0.0
PENGGANTIAN BUSI,NEW BLADE 125 FI R STD,5000.0
PERBAIKAN MASTER REM DEPAN,PCX 160 CBS,0.0
SERVIS PAKET RINGAN PERAWATAN,PCX 150,115000.0
PEMERIKSAAN KELISTRIKAN,PCX 150,50000.0
PERBAIKAN JARI - JARI / GANTI TROMOL,BEAT SPORTY CBS ISS,100000.0
JASA PASANG 5000,NEW VARIO CBS PGM FI,5000.0
JASA PASANG 100000,VARIO 150,100000.0
PENGGANTIAN OLI GARDAN,VARIO 160 ABS,10000.0
JASA PASANG 105000,VARIO 160 ABS,105000.0
PENGGANTIAN OLI MESIN,CBR 150R ABS,0.0
PENGGANTIAN SARINGAN UDARA,CBR 150R ABS,0.0
JASA PASANG 10000,NEW PCX 150,10000.0
JASA PASANG 60000,NEW SCOOPY STYLISH,60000.0
JASA PASANG 30000,NEW VARIO 125 CBS-ISS,30000.0
JASA PASANG 5000,ALL NEW CBR150R,5000.0
SAFETY CHECK,NEW SUPRA X 125 CW FI MMC,2000.0
PERBAIKAN STANDAR TENGAH,BEAT POP CBS,25000.0
PERBAIKAN KUNCI SET,BEAT FI CBS,35000.0
JASA PASANG 10000,NEW VARIO ESP CBS ADVANCE,10000.0
JASA PASANG 50000,SUPRA FIT D,50000.0
JASA PASANG 50000,PCX 160 CBS,50000.0
SETEL VELG DEPAN,PCX 160 CBS,75000.0
PERBAIKAN BOHLAM LAMPU DEPAN / SOCKET ,BEAT STREET CBS,20000.0
PAKET CEBAN,PCX 150,10000.0
PENGGANTIAN SARINGAN UDARA,SUPRA X 125 HELM IN FI,5000.0
PENGGANTIAN BUSI,NEW VARIO ESP CBS ISS,15000.0
JASA PASANG 30000,VARIO 150 NEW ACC,30000.0
JASA,VARIO 150,45000.0
JASA PASANG 20000,NEW SUPRA X 125 CW FI MMC,20000.0
PAKET SERVIS SILVER,VARIO 125 CBS ISS,65000.0
PERBAIKAN KANVAS REM DEPAN,BeAT Street,15000.0
JASA PASANG 40000,ADV150 ABS,40000.0
PAKET RESET FI,CB150R STREETFIRE,10000.0
PERGANTIAN OLI MESIN,NEW SCOOPY FASHION,5000.0
JASA PASANG 150000,NEW VARIO TECHNO PGM FI,120000.0
PENGGANTIAN AKI,VARIO 125 CBS-ISS MMC,15000.0
JASA PASANG 15000,REVO 110 SPOKE WHEEL,15000.0
PERBAIKAN COM STEER,NEW PCX 150 ABS,35000.0
PAKET KURAS RADIATOR,NEW PCX 150 ABS,35000.0
JASA PASANG 65000,ADV150 ABS,65000.0
CUCI INJEKTOR 65000,BEAT FI CW,50000.0
PAKET PEMBERSIHAN CVT,BEAT FI CW,10000.0
JASA PASANG 55000,VARIO TECHNO 125 FI ISS,55000.0
JASA PASANG 80000,BeAT Street,50000.0
JASA PASANG 60000,ADV160 CBS,60000.0
SERVIS PAKET LENGKAP PERAWATAN PLUS,BEAT POP CBS,85000.0
PENGGANTIAN BUSI,NEW CB150R STREETFIRE,15000.0
JASA PASANG 15000,MEGA PRO,15000.0
JASA PASANG 40000,ADV150 CBS,40000.0
PEMERIKSAAN LAIN - LAIN,CB150R STREETFIRE,0.0
PERBAIKAN MASTER REM DEPAN,BEAT,25000.0
JASA PASANG 10000,PCX,10000.0
PERBAIKAN CVT,VARIO TECHNO 125 FI ISS,15000.0
PERBAIKAN SARINGAN UDARA,VARIO 150 MMC,35000.0
PEMERIKSAAN LAIN - LAIN,ADV160 CBS,0.0
PENGGANTIAN BOHLAM LAMPU DEPAN / SOCKET ,VARIO TECHNO NON CBS,15000.0
SAFETY CHECK,BEAT FI CBS,2000.0
PAKET KURAS OLI SHOCK,BEAT SW FI MMC,25000.0
PENGGANTIAN GEAR SET ( DRIVE CHAIN KIT ),CB150R,84000.0
PASANG PLAT NOMER,NEW SCOOPY SPORTY,15000.0
JASA PASANG 85000,BEAT SPORTY CBS,85000.0
JASA PASANG 60000,NEW PCX 150 ABS,60000.0
PENGGANTIAN KANVAS REM DEPAN,BEAT STREET CBS,20000.0
SERVIS PAKET CVT PLUS,NEW SCOOPY FASHION,50000.0
PAKET PEMBERSIHAN CVT,NEW SCOOPY SPORTY,45000.0
PERBAIKAN CVT,SCOOPY ESP,40000.0
PROMO MERDEKA 1,SCOOPY ESP,0.0
JASA PASANG 70000,VARIO 150,70000.0
PENGGANTIAN BUSI,NEW BLADE R 125 FI,5000.0
JASA PASANG 90000,CS1,90000.0
KPB 3,REVO FIT,0.0
JASA PASANG 20000,ALL NEW SCOOPY SPORTY,20000.0
PEMERIKSAAN LAIN - LAIN,BEAT FI SW,0.0
PEMERIKSAAN KELISTRIKAN,BEAT,0.0
PERBAIKAN BAN DEPAN,BeAT Sporty CBS ISS Deluxe,15000.0
SERVIS PAKET LENGKAP PERAWATAN,ALL NEW SONIC 150 R,120000.0
PENGGANTIAN BEARING DEPAN,ALL NEW SONIC 150 R,25000.0
PAKET SERBU KETUPAT CUB,REVO FIT,50000.0
JASA PASANG 30000,ALL NEW SCOOPY STYLISH,30000.0
JASA FLASH INJEKTOR,ALL NEW SCOOPY STYLISH,15000.0
PENGGANTIAN MASTER REM DEPAN,VARIO 125 CBS-ISS MMC,45000.0
SAFETY CHECK,NEW SCOOPY PRESTIGE,2000.0
SERVICE PERAWATAN BERKALA,VARIO TECHNO NON CBS,110000.0
PAKET PEMBERSIHAN CVT,VARIO TECHNO NON CBS,60000.0
PENGGANTIAN MASTER REM DEPAN,VARIO TECHNO NON CBS,45000.0
PENGGANTIAN BOHLAM BELAKANG,VARIO TECHNO NON CBS,15000.0
PENGGANTIAN RADIATOR COOLANT,VARIO 160 ABS,35000.0
JASA PASANG 50000,VARIO 160 ABS,50000.0
JASA PASANG 135000,VARIO 160 ABS,135000.0
PERBAIKAN FUEL PUMP,VARIO 160 ABS,35000.0
PERBAIKAN CVT,VARIO 160 ABS,50000.0
JASA PASANG 60000,Genio CBS,60000.0
KPB 2,BEAT SPORTY CBS ISS,0.0
PENGGANTIAN KABEL SPEEDO,BEAT FI CW,20000.0
CEK AJA DULU,VARIO TECHNO NON CBS,0.0
PERBAIKAN COM STEER,NEW VARIO 150,35000.0
PENGGANTIAN FUEL PUMP,REVO FIT,45000.0
GANTI OLI PLUS PENGGANTIAN,NEW SUPRA X 125 FI CW,2000.0
SAFETY CHECK,ALL NEW SCOOPY STYLISH,2000.0
SERVICE GRATIS (CSR),NEW VARIO 150,0.0
SPECIAL MATIC 39K,ADV150 ABS,39000.0
JASA PASANG 40000,SCOOPY ESP,40000.0
JASA PASANG 150000,ALL NEW CBR150R,150000.0
PAKET INJECTOR CLEANER,NEW VARIO TECHNO PGM FI,35000.0
CEK REM GRATIS,VARIO 150,0.0
JASA PASANG 255000,VARIO 125 CBS ISS SP,255000.0
PENGGANTIAN AKI,SONIC 150R MATTE BLACK,10000.0
PENGGANTIAN CVT,NEW SONIC 150R STANDARD,0.0
PENGGANTIAN OLI GARDAN,BEAT FI SW,3000.0
BONGKAR MESIN,REVO SW FI,250000.0
PENGGANTIAN BOHLAM LAMPU DEPAN / SOCKET ,GENIO CBS ISS,20000.0
PENGGANTIAN COM STEER,NEW VARIO 125 CBS-ISS,100000.0
SERVIS PAKET LENGKAP PERAWATAN,VARIO 150 NEW ACC,85000.0
JASA PASANG 20000,VARIO TECHNO NON CBS,20000.0
PEMERIKSAAN LAIN - LAIN,VARIO 150 MMC,0.0
JASA PASANG 55000,NEW VARIO 125 CBS,55000.0
PENGGANTIAN BOHLAM SOCKET HEADLIGHT,SCOOPY FI,10000.0
SETEL VELG BELAKANG,PCX 160 CBS,75000.0
PENGGANTIAN SEAL SHOCK BREAKER DEPAN,CBR 250R ABS,0.0
SAFETY CHECK,REVO FIT,2000.0
PAKET PEMBERSIHAN CVT,NEW SCOOPY FI,15000.0
PENGGANTIAN COM STEER,BEAT CW FI MMC,100000.0
PERBAIKAN KABEL REM BELAKANG,ALL NEW SCOOPY SPORTY,45000.0
JASA PASANG 50000,SCOOPY ESP,50000.0
JASA PASANG 5000,VARIO 125 CBS ISS SP,5000.0
JASA PASANG 40000,REVO FIT,40000.0
PENGGANTIAN MASTER REM DEPAN,REVO FIT,35000.0
PERBAIKAN STANDAR TENGAH,NEW SCOOPY PRESTIGE,40000.0
JASA PASANG 60000,BEAT FI CBS,60000.0
SERVIS PAKET LENGKAP PERAWATAN MATIC PLUS,BEAT FI CBS,125000.0
PENGGANTIAN STANG,NEW SUPRA X 125 CW FI MMC,25000.0
JASA PASANG 90000,BEAT STREET CBS,90000.0
PENGGANTIAN OLI GARDAN,NEW VARIO,15000.0
SPECIAL MATIC 50K,ADV150 CBS,50000.0
JASA PASANG 30000,NEW VARIO 125 CBS,30000.0
JASA PASANG 95000,BeAT Street,95000.0
PERBAIKAN BOHLAM SOCKET HEADLIGHT,VARIO 125 CBS MMC,5000.0
PERBAIKAN CVT,Beat Sporty,50000.0
PAKET KURAS OLI SHOCK,PCX HYBRID,85000.0
JASA PASANG 300000,NEW VARIO 125 CBS,300000.0
JASA PASANG 25000,SCOOPY ESP,25000.0
JASA PASANG 265000,NEW SUPRA X 125 FI SW,265000.0
JASA PASANG 45000,NEW PCX 150 CBS,45000.0
JASA PASANG 15000,SUPRA GTR 150,15000.0
CUCI MOTOR,NEW SCOOPY PRESTIGE,15000.0
SPECIAL MATIC 50K,NEW SCOOPY PRESTIGE,25000.0
JASA PASANG 130000,MEGA PRO CW,130000.0
CEK AJA DULU,BEAT SPORTY CBS ISS DELUXE,0.0
JASA PASANG 15000,VARIO 125 CBS ISS SP,15000.0
PENGGANTIAN OLI MESIN,KARISMA 125 D,3000.0
JASA PASANG 130000,NEW SCOOPY SPORTY,130000.0
PENGGANTIAN BUSI,REVO,10000.0
PENGGANTIAN SARINGAN UDARA,REVO,15000.0
PENGGANTIAN AKI,SUPRA X 125 R DD,10000.0
PAKET MATIC 110-125,BEAT CBS FI MMC,160000.0
PENGGANTIAN COM STEER,REVO CAST WHEEL,75000.0
SERVIS PAKET LENGKAP PERAWATAN,REVO CAST WHEEL,85000.0
PEMERIKSAAN LAIN - LAIN,BeAT Sporty CBS ISS,0.0
PEMERIKSAAN LAIN - LAIN,CRF150L,0.0
PAKET CEBAN,VARIO SPOKE WHEEL,0.0
JASA PASANG 10000,VARIO SPOKE WHEEL,10000.0
PERBAIKAN STANDAR TENGAH,ALL NEW SCOOPY SPORTY,25000.0
KPB 2,ADV160 ABS,0.0
JASA PASANG 90000,ADV150 CBS,90000.0
KPB 1,BEAT SPORTY CBS ISS,0.0
PERBAIKAN KUNCI SET,VARIO 125 CBS MMC,0.0
JASA PASANG 25000,Genio CBS ISS,25000.0
PERBAIKAN STANDAR TENGAH,NEW BEAT CAST WHEEL,25000.0
JASA PASANG 100000,Beat Sporty,100000.0
PENGGANTIAN MINYAK REM,BEAT SPORTY CW,0.0
GANTI OLI PLUS PENGGANTIAN,VARIO 150 MMC,0.0
JASA PASANG 10000,NEW VARIO,10000.0
PERBAIKAN CVT,GENIO CBS,60000.0
PERBAIKAN SARINGAN UDARA,BeAT Sporty CBS ISS Deluxe,5000.0
PAKET SERVIS GOLD,BeAT Sporty CBS,80000.0
PERBAIKAN BOHLAM LAMPU DEPAN / SOCKET ,SCOOPY ESP,5000.0
PENGGANTIAN OLI MESIN,SONIC 150R HRR,5000.0
PAKET KURAS MASTER REM,SONIC 150R HRR,25000.0
PERBAIKAN KABEL REM BELAKANG,NEW SUPRA X 125 CW FI MMC,30000.0
PERBAIKAN COM STEER,PCX 150,35000.0
PENGGANTIAN BAN DEPAN,SUPRA X 125 R DD,25000.0
PENGGANTIAN JARI - JARI / GANTI TROMOL,NEW BEAT CAST WHEEL,0.0
SAFETY CHECK,VARIO 150,2000.0
PERBAIKAN MASTER REM BELAKANG,VARIO 125 CBS ISS,25000.0
PEMERIKSAAN KELISTRIKAN,CRF150L,200000.0
JASA PASANG 100000,BeAT Sporty CBS ISS Deluxe,100000.0
PENGGANTIAN KANVAS REM DEPAN,REVO X,20000.0
SERVIS PAKET LENGKAP PERAWATAN PLUS,REVO DISK BRAKE,80000.0
JASA PASANG 5000,NEW SUPRA X 125 CW FI MMC,5000.0
PERBAIKAN COM STEER,VARIO 125 CBS-ISS MMC,15000.0
SERVIS PAKET LENGKAP PERWATAN,NEW SCOOPY SPORTY,95000.0
JASA PASANG 250000,BEAT SPORTY CBS ISS,250000.0
JASA PASANG 75000,NEW VARIO 125 CBS,75000.0
PAKET GOCENG,BEAT FI SW,5000.0
PERBAIKAN BOHLAM LAMPU DEPAN / SOCKET ,ALL NEW CB150R STREETFIRE,15000.0
SERVIS PAKET LENGKAP PERAWATAN PLUS,CB150 VERZA CW,95000.0
PERBAIKAN STANDAR TENGAH,ALL NEW SCOOPY STYLISH,20000.0
PERGANTIAN OLI MESIN,NEW SCOOPY STYLISH,5000.0
JASA FLASH INJEKTOR,VARIO 125 CBS-ISS MMC,15000.0
PAKET PEMBERSIHAN THROTLE BODY,BEAT SPORTY CBS ISS,25000.0
JASA PASANG 20000,NEW VARIO CBS PGM FI,20000.0
PERBAIKAN MASTER REM DEPAN,BEAT STREET CBS,15000.0
SETEL VELG BELAKANG,VARIO 125 CBS ISS,50000.0
PENGGANTIAN BEARING DEPAN,VARIO 125 CBS ISS,30000.0
PERBAIKAN MASTER REM DEPAN,VARIO 125 CBS ISS,25000.0
JASA PASANG 75000,NEW SCOOPY SPORTY,75000.0
PENGGANTIAN KANVAS REM BELAKANG,NEW SCOOPY SPORTY,15000.0
JASA PASANG 100000,NEW SCOOPY SPORTY,100000.0
PERBAIKAN CVT,NEW SCOOPY SPORTY,50000.0
JASA PASANG 15000,GENIO CBS ISS,15000.0
PAKET RESET FI,Genio CBS,25000.0
PAKET KURAS RADIATOR,SUPRA X 125 DISK BRAKE,25000.0
PENGGANTIAN KANVAS REM BELAKANG,REVO FIT,25000.0
SERVIS PAKET LENGKAP PERAWATAN PLUS,SUPRA X 125 SW MMC,100000.0
KPB 4,GENIO CBS ISS,0.0
PERBAIKAN BAN BELAKANG,NEW VARIO 125 CBS ISS,20000.0
PENGGANTIAN KANVAS REM DEPAN,SCOOPY ESP,20000.0
JASA PASANG 65000,ALL NEW SCOOPY SPORTY,65000.0
PERGANTIAN OLI MESIN,NEW SCOOPY PRESTIGE,5000.0
GANTI OLI PLUS PENGGANTIAN,REVO X,0.0
PERBAIKAN STANG,SUPRA X 125 CW MMC,20000.0
PERBAIKAN KUNCI SET,SUPRA X 125 CW MMC,50000.0
PERBAIKAN KANVAS REM DEPAN,BLADE,8000.0
KPB 2,SCOOPY STYLISH,0.0
JASA PASANG 5000,SONIC 150R MATTE BLACK,5000.0
GANTI OLI PLUS PENGGANTIAN,NEW VARIO 125 CBS,5000.0
PERBAIKAN COM STEER,SUPRA FIT,15000.0
PAKET CEBAN,VARIO 150 NEW ACC,10000.0
JASA CEK KILAT,ALL NEW SCOOPY SPORTY,1.0
PENGGANTIAN KANVAS REM DEPAN,NEW VARIO 125 CBS-ISS,15000.0
JASA PASANG 70000,BeAT Street,67000.0
PENGGANTIAN KANVAS REM DEPAN,ALL NEW CB150R STREETFIRE,25000.0
PAKET SERVIS GOLD,VARIO 125 CBS,160000.0
JASA PASANG 10000,NEW SCOOPY FASHION,10000.0
PAKET CEBAN,CBR 150R ABS,10000.0
PENGGANTIAN KABEL SPEEDO,VARIO TECHNO NON CBS,20000.0
PENGGANTIAN GEAR SET ( DRIVE CHAIN KIT ),BEAT POP CW,0.0
CEK KELISTRIKAN FULL 50,BEAT SPORTY CW,50000.0
PAKET CEBAN,NEW VARIO ESP CBS ISS ADVA,10000.0
PAKET INJECTOR CLEANER,CB150R STREETFIRE,50000.0
PERBAIKAN CVT,PCX 160 ABS,50000.0
PENGGANTIAN KANVAS REM BELAKANG,VARIO 160 ABS,20000.0
PENGGANTIAN CVT,VARIO 160 ABS,40000.0
JASA PASANG 70000,BEAT STREET CBS,70000.0
JASA PASANG 100000,ADV150 CBS,100000.0
PENGGANTIAN OLI MESIN,ADV 160 CBS,0.0
PENGGANTIAN FUEL PUMP,ADV150 ABS,25000.0
PENGGANTIAN BELT DRIVE / ROLLER,ADV150 ABS,0.0
PERBAIKAN BOHLAM LAMPU DEPAN / SOCKET ,BEAT POP CW,25000.0
JASA PASANG 15000,BEAT POP CW,13000.0
PERBAIKAN BOHLAM LAMPU DEPAN / SOCKET ,NEW VARIO 150,15000.0
ANTAR JEMPUT/VISIT,BeAT Street,20000.0
PAKET KURAS MASTER REM,VARIO 125 CBS ISS,0.0
SERVIS LENGKAP PERAWATAN,BeAT Sporty CBS,90000.0
PENGGANTIAN MINYAK REM,Beat Sporty,10000.0
Service Lengkap Vario 160,VARIO 160 CBS,140000.0
PAKET CEBAN,SONIC 150R HRR,10000.0
PERBAIKAN CVT,PCX 160 CBS,0.0
SPECIAL MATIC 50K,PCX 150,50000.0
JASA PASANG 250000,BEAT SPORTY CBS,250000.0
PAKET GOCENG,VARIO 150 NEW ACC,5000.0
PERBAIKAN BAN DEPAN,NEW VARIO 125 CBS,20000.0
PENGGANTIAN BUSI,NEW VARIO,15000.0
PERBAIKAN BOHLAM SOCKET HEADLIGHT,ALL NEW SCOOPY SPORTY,5000.0
KURAS OLI REM DEAPN,BeAT Sporty CBS ISS Deluxe,32000.0
PENGGANTIAN MASTER REM DEPAN,VARIO 150 MMC,50000.0
PERBAIKAN KANVAS REM DEPAN,SPACY CW HELM IN FI,15000.0
PENGGANTIAN BELT DRIVE / ROLLER,VARIO 150,68000.0
JASA PASANG 30000,Beat Sporty,28000.0
PENGGANTIAN BUSI,PCX 160 ABS,10000.0
JASA PASANG 10000,CB150 VERZA CW,10000.0
PENGGANTIAN SARINGAN UDARA,ALL NEW CB150R STREETFIRE,10000.0
PEMERIKSAAN LAIN - LAIN,PCX 150,0.0
PAKET SERVIS SILVER,BEAT SPORTY CBS,90000.0
VISIT FEE,PCX 160 ABS,0.0
JASA PASANG 25000,REVO FIT,25000.0
PENGGANTIAN RANTAI KETENG ,CBR 150R STD,55000.0
PENGGANTIAN RADIATOR COOLANT,CBR 150R STD,5000.0
SETEL VELG DEPAN,SUPRA X 125 CW MMC,75000.0
KPB 2,SUPRA X 125 CW MMC,0.0
JASA PASANG 20000,NEW VARIO ESP CBS ADVANCE,20000.0
PEMBERSIHAN CVT,SCOOPY STYLISH,25000.0
KPB 3,SCOOPY STYLISH,0.0
JASA PASANG 115000,BEAT FI SW,115000.0
JASA PASANG 75000,BeAT Sporty CBS ISS Deluxe,75000.0
PENGGANTIAN BELT DRIVE / ROLLER,VARIO 125 CBS,50000.0
PEMERIKSAAN LAIN - LAIN,SUPRA X 125 CW MMC,0.0
PENGGANTIAN OLI SHOCKBREAKER,ALL NEW SCOOPY PLAYFUL,25000.0
PAKET KURAS MASTER REM,REVO CW FI,30000.0
JASA PASANG 10000,SUPRA X 125 PGM FI CW DD,10000.0
PENGGANTIAN MASTER REM DEPAN,SUPRA X 125 PGM FI CW DD,50000.0
SETEL VELG DEPAN,VARIO 125 CBS ISS,75000.0
JASA PASANG 15000,REVO FIT FI,15000.0
SERVIS PAKET LENGKAP PERAWATAN PLUS,New Supra GTR150 Sporty,105000.0
PENGGANTIAN KANVAS KOPLING,NEW VARIO ESP CBS,40000.0
JASA PASANG 25000,VARIO 125 CBS ISS SP,25000.0
BONGKAR MESIN,NEW VARIO 150,250000.0
JASA PASANG 80000,NEW BEAT CAST WHEEL,80000.0
PAKET CEBAN,SUPRA X 125 HELM IN FI,10000.0
JASA PASANG 50000,NEW SCOOPY PRESTIGE,50000.0
JASA PASANG 300000,VARIO 160 ABS,300000.0
JASA PASANG 30000,VARIO 150 MMC,30000.0
PERBAIKAN MASTER REM BELAKANG,VARIO 125 CBS,25000.0
PENGGANTIAN KANVAS REM DEPAN,VARIO 160 CBS,25000.0
PERBAIKAN REM BLKNG,NEW VARIO 125 CBS,30000.0
PENGGANTIAN OLI MESIN,NEW SUPRA X 125 SW FI MMC,5000.0
JASA PASANG 75000,CB150R STREETFIRE,75000.0
JASA PASANG 95000,NEW VARIO 125 CBS-ISS,95000.0
JASA PASANG 50000,VARIO 160 CBS,50000.0
JASA PASANG 40000,BEAT POP ESP CW PIXEL,40000.0
PENGGANTIAN BAN BELAKANG,VARIO TECHNO NON CBS,30000.0
PENGGANTIAN BAN DEPAN,VARIO TECHNO NON CBS,30000.0
PAKET GOCENG,NEW VARIO 125 CBS-ISS,5000.0
PERBAIKAN BOHLAM LAMPU DEPAN / SOCKET ,NEW PCX 150 CBS,40000.0
PAKET CEBAN,SONIC 150R MATTE BLACK,10000.0
PERBAIKAN KANVAS REM BELAKANG * ABS,BEAT SW FI MMC,0.0
PERBAIKAN SARINGAN UDARA,VERZA CAST WHEEL,5000.0
SERVICE GRATIS (CSR),NEW BEAT CAST WHEEL,0.0
PENGGANTIAN KANVAS REM BELAKANG,VARIO FI,25000.0
PENGGANTIAN CVT,VARIO 150 SPORTY,55000.0
JASA PASANG 60000,VARIO 125 CBS-ISS MMC,60000.0
SERVIS PAKET RINGAN PERAWATAN,BEAT,39000.0
GANTI OLI PLUS PENGGANTIAN,PCX160 CBS,5000.0
JASA PASANG 50000,BEAT FI CBS,50000.0
PENGGANTIAN STANDAR TENGAH,NEW CB150R STREETFIRE,25000.0
PERBAIKAN DUDUKAN PLAT NOMOR + BAUT,NEW VARIO 125 CBS,5000.0
JASA PASANG 25000,NEW SCOOPY FASHION JKT,23000.0
PAKET KURAS TANGKI,NEW VARIO 125 CBS-ISS,50000.0
JASA PASANG 65000,NEW PCX 150 CBS,65000.0
PERBAIKAN BELT DRIVE / ROLLER,NEW PCX 150 CBS,65000.0
JASA PASANG 85000,NEW VARIO TECHNO PGM FI,85000.0
JASA PASANG 35000,NEW VARIO TECHNO PGM FI,35000.0
PENGGANTIAN BUSI,NEW VARIO ESP CBS ADVANCE,5000.0
JASA PASANG 20000,CB150 VERZA CW,20000.0
PAKET PEMBERSIHAN CVT,BeAT Sporty DLX Smart Key,60000.0
CEK AJA DULU,REVO DISK BRAKE,0.0
PENGGANTIAN MINYAK REM,NEW SUPRA GTR150 EXCLUSIVE,20000.0
JASA PASANG 50000,NEW SUPRA GTR150 EXCLUSIVE,50000.0
PENGGANTIAN OLI MESIN,NEW SUPRA GTR150 EXCLUSIVE,20000.0
PERBAIKAN MASTER REM BELAKANG,SCOOPY ESP,30000.0
JASA PASANG 85000,GENIO CBS,85000.0
PENGGANTIAN OLI MESIN,SUPRA X 125 CW HELM IN,5000.0
SERVIS PAKET LENGKAP PERAWATAN PLUS,SUPRA X 125 CW HELM IN,80000.0
JASA PASANG 60000,SUPRA X 125 CW MMC,60000.0
PERBAIKAN MASTER REM DEPAN,NEW BEAT CAST WHEEL,25000.0
PERBAIKAN STATOR COMP / SPULL,NEW BEAT CAST WHEEL,30000.0
PAKET RESET FI,PCX 160 CBS,85000.0
PENGGANTIAN BAN BELAKANG,VARIO CAST WHEEL,20000.0
PAKET SERVIS PLATINUM,VARIO 160 CBS,0.0
PAKET SIAP MUDIK 2025,NEW SCOOPY PRESTIGE,50000.0
JASA PASANG 80000,NEW PCX 150 CBS,80000.0
PENGGANTIAN SARINGAN UDARA,VARIO ESP CBS ADV MMC,0.0
PROMO MERDEKA 2,BEAT SPORTY CBS ISS,15000.0
PAKET SIAP MUDIK 2025,BeAT Street,50000.0
CEK AJA DULU,NEW PCX 150 CBS,0.0
JASA PASANG 35000,BeAT Sporty CBS ISS Deluxe,35000.0
PERBAIKAN SARINGAN UDARA,NEW BEAT CAST WHEEL,5000.0
SERVIS PAKET RINGAN PERAWATAN,NEW BLADE R 125 FI,80000.0
JASA PASANG 5000,SCOOPY FASHION,5000.0
JASA PASANG 45000,NEW SCOOPY STYLISH,45000.0
PEMERIKSAAN KELISTRIKAN,SPACY CW HELM IN FI,25000.0
PENGGANTIAN OLI MESIN,KARISMA 125,0.0
PENGGANTIAN BAN DEPAN,KARISMA 125,15000.0
PEMERIKSAAN KELISTRIKAN,NEW CBR 150R STD,25000.0
JASA PASANG HANDLE REM ,ALL NEW SCOOPY STYLISH,15000.0
PENGGANTIAN KANVAS REM DEPAN,VARIO TECHNO 125 CBS ISS,15000.0
KPB 4,GENIO CBS,0.0
SERVIS PAKET LENGKAP PERAWATAN PLUS,NEW CBR 150R,165000.0
PAKET RESET FI,Beat Sporty,10000.0
PENGGANTIAN AKI,BEAT FI SW,10000.0
JASA PASANG 10000,NEW SUPRA X 125 FI SW,10000.0
PENGGANTIAN MINYAK REM,SUPRA X 125 SW,25000.0
JASA PASANG 35000,SUPRA X 125 HELM IN FI,35000.0
SERVICE PERAWATAN BERKALA,SUPRA X 125 HELM IN FI,95000.0
PENGGANTIAN KANVAS REM BELAKANG * ( CAKRAM ),SUPRA X 125 HELM IN FI,30000.0
JASA PASANG 55000,BeAT Sporty CBS,55000.0
SERVIS PAKET RINGAN PERAWATAN,VARIO ESP CBS ADV MMC,85000.0
PENGGANTIAN OLI GARDAN,PCX 150,0.0
JASA PASANG 45000,BEAT FI SW,45000.0
PERBAIKAN KABEL KOPLING,BEAT STREET,0.0
PEMERIKSAAN LAIN - LAIN,CBR 250RR ABS+QS,0.0
JASA PASANG 15000,SCOOPY FI,15000.0
PERBAIKAN COM STEER,VARIO 125 CBS MMC,35000.0
GANTI OLI PLUS PENGGANTIAN,BeAT Sporty CBS ISS Deluxe,0.0
SERVICE MEDIUM,BEAT SPORTY CBS,18000.0
PENGGANTIAN STANDAR TENGAH,BeAT Sporty CBS,35000.0
PERBAIKAN SARINGAN UDARA,REVO CW,0.0
PERBAIKAN BODY COVER SET,NEW BEAT CAST WHEEL,50000.0
JASA PASANG 55000,NEW SCOOPY PRESTIGE JKT,55000.0
JASA PASANG 45000,NEW PCX 150 ABS,45000.0
PEMERIKSAAN KELISTRIKAN,CB150R STREETFIRE,69000.0
PENGGANTIAN BOHLAM SOCKET HEADLIGHT,VARIO 125 CBS,25000.0
PENGGANTIAN BEARING BELAKANG,VARIO 125 CBS,30000.0
PENGGANTIAN COM STEER,NEW SCOOPY STYLISH,75000.0
JASA PASANG 50000,New Vario 150,50000.0
PERBAIKAN BOHLAM LAMPU DEPAN / SOCKET ,BEAT FI CW,5000.0
PENGGANTIAN BUSI,BEAT FI CBS,15000.0
SERVIS PAKET CVT PLUS,PCX160 CBS,50000.0
JASA PASANG 40000,Genio CBS,40000.0
PAKET CEBAN,REVO 110 SPOKE WHEEL,10000.0
JASA PASANG 60000,ALL NEW SCOOPY STYLISH,60000.0
PERBAIKAN CVT,VARIO 110 CBS ISS,15000.0
PENGGANTIAN KANVAS REM BELAKANG * ( CAKRAM ),VARIO 125 CBS,30000.0
PAKET GOCENG,NEW SUPRA X 125 CW FI MMC,5000.0
PENGGANTIAN GEAR SET ( DRIVE CHAIN KIT ),GENIO CBS ISS,0.0
JASA PASANG 215000,VARIO 150,215000.0
PENGGANTIAN BUSI,BLADE,10000.0
JASA PASANG 35000,NEW BEAT SPOKE WHEEL,35000.0
JASA PASANG 45000,BEAT SPORTY CBS,45000.0
JASA PASANG 55000,VARIO 125 CBS ISS,55000.0
JASA PASANG 165000,VARIO 150,165000.0
JASA PASANG 300000,VARIO 150,300000.0
PERBAIKAN SARINGAN UDARA,NEW VARIO 150,0.0
PENGGANTIAN GEAR BOX,VARIO 125 CBS ISS,17000.0
PENGGANTIAN MASTER REM DEPAN,VARIO 150,45000.0
SERVICE PERAWATAN BERKALA,VARIO 150,110000.0
PENGGANTIAN HANDLE REM BELAKANG,VARIO 150,20000.0
JASA PASANG 70000,VARIO 150 MMC,70000.0
CEK AJA DULU,BLADE,0.0
JASA PASANG 45000,BeAT Sporty CBS ISS,45000.0
SERVIS PAKET RINGAN PERAWATAN,New Vario 150,155000.0
JASA PASANG 55000,BEAT STREET CBS,55000.0
PENGGANTIAN SARINGAN UDARA,SUPRA X 125-R,5000.0
JASA PASANG 240000,ADV160 ABS,240000.0
JASA PASANG 90000,VARIO 125 CBS ISS,90000.0
SERVIS PAKET LENGKAP PERAWATAN PLUS,VARIO TECHNO,95000.0
PENGGANTIAN SARINGAN UDARA,VARIO 125 CBS MMC,15000.0
JASA PASANG 250000,SUPRA X,250000.0
PENGGANTIAN BOHLAM LAMPU DEPAN / SOCKET ,BEAT POP CW,20000.0
PENGGANTIAN KANVAS REM DEPAN,BEAT POP CW,30000.0
PENGGANTIAN CVT,ALL NEW SCOOPY SPORTY,50000.0
PENGGANTIAN KANVAS REM BELAKANG,NEW PCX 150,15000.0
PENGGANTIAN KANVAS REM DEPAN,NEW PCX 150,15000.0
PENGGANTIAN KANVAS KOPLING,PCX 160 CBS,50000.0
PENGGANTIAN SARINGAN UDARA,VARIO 125 CBS ISS SP,10000.0
SERVIS PAKET RINGAN PERAWATAN,VARIO TECHNO 125 FI CBS,90000.0
JASA PASANG 30000,CRF150L,30000.0
CEK AJA DULU,NEW SUPRA X 125 CW FI MMC,0.0
PENGGANTIAN BEARING DEPAN,CB150R STREETFIRE,15000.0
PEMERIKSAAN LAIN - LAIN,ADV150 ABS,0.0
PENGGANTIAN MINYAK REM,NEW SUPRA X 125 FI CW,35000.0
PAKET PEMBERSIHAN CVT,VARIO TECHNO 125 FI CBS,35000.0
PENGGANTIAN MASTER REM DEPAN,NEW PCX 150 ABS,130000.0
PENGGANTIAN BOHLAM SOCKET HEADLIGHT,REVO X,25000.0
SERVIS PAKET LENGKAP PERAWATAN PLUS,ALL NEW CB150R STREETFIRE,85000.0
JASA PASANG 65000,GENIO CBS,65000.0
JASA PASANG 25000,New Vario 150,25000.0
PENGGANTIAN CVT,New Vario 150,60000.0
PENGGANTIAN OLI MESIN,NEW SUPRA X 125 FI SW,500.0
PENGGANTIAN MINYAK REM,NEW SUPRA X 125 FI SW,28000.0
SERVIS PAKET LENGKAP PERAWATAN,NEW SUPRA X 125 FI SW,75000.0
JASA PASANG 50000,SUPRA GTR 150,50000.0
PENGGANTIAN HEADLIGHT UNIT,BEAT SPORTY CBS ISS,46000.0
JASA PASANG 5000,SCOOPY PRESTIGE,5000.0
PERBAIKAN KUNCI SET,VARIO 150,50000.0
BONGKAR MESIN,VARIO TECHNO NON CBS,250000.0
JASA PASANG 60000,VARIO TECHNO NON CBS,60000.0
PERBAIKAN RINGAN,SPACY CW HELM IN FI,40000.0
JASA PASANG 40000,REVO 110 SPOKE WHEEL,40000.0
PENGGANTIAN BUSI,SCOOPY,0.0
PENGGANTIAN OLI GARDAN,SCOOPY,0.0
PENGGANTIAN KANVAS REM DEPAN,ALL NEW CBR 150R,20000.0
PENGGANTIAN GEAR SET ( DRIVE CHAIN KIT ),ALL NEW CBR 150R,45000.0
PERBAIKAN COM STEER,ALL NEW CBR 150R,20000.0
PAKET CEBAN,GENIO CBS ISS,10000.0
JASA PASANG 135000,VARIO 125 CBS ISS SP,135000.0
JASA PASANG 80000,VARIO 160 CBS,80000.0
PERBAIKAN STANDAR TENGAH,BEAT CW FI MMC,20000.0
JASA PASANG 5000,SUPRA X 125 CW,5000.0
JASA PASANG 100000,PCX160 CBS,100000.0
SERVIS PAKET LENGKAP PERAWATAN,SPACY SPOKE WHEEL,95000.0
SERVIS PAKET CVT PLUS,NEW PCX 150,50000.0
PERBAIKAN BOHLAM SOCKET HEADLIGHT,BEAT FI CW,10000.0
PERBAIKAN BAN DEPAN,SONIC 150R MATTE BLACK,30000.0
JASA PASANG 10000,CB150 VERZA SW,10000.0
JASA PASANG 125000,PCX 160 CBS,125000.0
JASA PASANG 60000,BeAT Sporty CBS ISS,60000.0
SERVIS PAKET RINGAN PERAWATAN,REVO 110 SPOKE WHEEL,45000.0
PAKET SERVIS PLATINUM,BeAT Sporty CBS,0.0
PERBAIKAN COM STEER,BEAT POP CW,20000.0
PAKET CEBAN,SUPRA X 125 DISK BRAKE,10000.0
PAKET SIAP MUDIK 2025,NEW BEAT CAST WHEEL,50000.0
CEK AJA DULU,ALL NEW CB150R STREETFIRE,0.0
PERBAIKAN KABEL REM BELAKANG,VARIO TECHNO 125 FI CBS,15000.0
PERBAIKAN FUEL PUMP,VARIO 150 MMC,50000.0
PENGGANTIAN DAMPER / KARET TROMOL,SCOOPY FI,15000.0
PERBAIKAN BOHLAM LAMPU DEPAN / SOCKET ,BEAT SPORTY CBS ISS,15000.0
PENGGANTIAN OLI MESIN,VARIO 150 NEW ACC,5000.0
SERVIS PAKET CVT PLUS,VARIO 150 SPORTY,50000.0
PENGGANTIAN KANVAS REM DEPAN,BEAT STREET,20000.0
PENGGANTIAN KANVAS REM BELAKANG,BEAT STREET,25000.0
JASA PASANG 60000,VARIO 160 CBS,60000.0
JASA CEK KILAT,ADV160 CBS,1.0
SPECIAL MATIC 39K,SCOOPY ESP,39000.0
PERBAIKAN KANVAS REM DEPAN,VARIO 150 MMC,15000.0
SERVIS PAKET RINGAN PERAWATAN,PCX160 CBS,155000.0
PAKET GOCENG,CBR 150R STD,5000.0
PERBAIKAN KANVAS REM DEPAN,NEW VARIO 125 CBS,15000.0
SPECIAL MATIC 50K,VARIO 150,50000.0
PAKET SIAP MUDIK 2025,BEAT STREET,15000.0
JASA PASANG 145000,BEAT SPORTY CW,145000.0
PAKET GOCENG,SONIC 150R,5000.0
PENGGANTIAN KABEL SPEEDO,BEAT SPORTY CBS ISS,15000.0
PAKET PEMBERSIHAN CVT,VARIO 125 CBS MMC,35000.0
PERBAIKAN FUEL PUMP,VARIO TECHNO 125 FI CBS,25000.0
PENGGANTIAN AKI,NEW SUPRA X 125 FI SW,0.0
PENGGANTIAN BOHLAM LAMPU DEPAN / SOCKET ,SUPRA X 125 CW MMC,10000.0
PAKET RESET FI,BeAT Sporty CBS,35000.0
JASA PASANG 55000,NEW SUPRA X 125 FI CW,55000.0
CEK AJA DULU,ALL NEW SCOOPY STYLISH,0.0
JASA PASANG 5000,NEW VARIO TECHNO CBS,0.0
SPECIAL MATIC 39K,PCX 160 CBS,39000.0
JASA PASANG 60000,VARIO 150 MMC,60000.0
JASA PASANG 300000,NEW PCX 150 ABS,300000.0
JASA PASANG 100000,NEW PCX 150 ABS,100000.0
SERVIS PAKET CVT PLUS,NEW PCX 150 ABS,65000.0
PAKET RESET FI,NEW PCX 150 ABS,85000.0
JASA PASANG 150000,NEW PCX 150 ABS,150000.0
PERBAIKAN MASTER REM DEPAN,BEAT SPORTY CW,15000.0
JASA PASANG 250000,GENIO CBS ISS,250000.0
PERBAIKAN MASTER REM DEPAN,VARIO 150,0.0
PAKET SERVIS PLATINUM,BEAT FI CBS,145000.0
PENGGANTIAN CVT,BEAT,60000.0
PENGGANTIAN SHOCKBREAKER DEPAN,VARIO 150,90000.0
PENGGANTIAN KANVAS REM DEPAN,STYLO 160 ABS,15000.0
PENGGANTIAN BUSI,BEAT STREET,10000.0
PENGGANTIAN SARINGAN UDARA,BEAT STREET,15000.0
PERBAIKAN STANDAR TENGAH,NEW VARIO TECHNO PGM FI,20000.0
PERBAIKAN BAN BELAKANG,BEAT SPORTY CW,15000.0
PERBAIKAN STANDAR TENGAH,VARIO 150,30000.0
PENGGANTIAN GEAR SET ( DRIVE CHAIN KIT ),CB150 VERZA CW,50000.0
PERBAIKAN BAN BELAKANG,VARIO 125 CBS ISS,25000.0
JASA PASANG 30000,SUPRA X 125 SW MMC,30000.0
PERBAIKAN FUEL PUMP,ADV160 CBS,60000.0
JASA PASANG 20000,VARIO 160 CBS,20000.0
SERVICE CVT,BeAT Sporty DLX Smart Key,50000.0
PAKET RESET FI,VARIO 125 CBS ISS,50000.0
JASA PASANG 80000,NEW VARIO 150,80000.0
PERBAIKAN COVER HANDLE GETAR,NEW SUPRA X 125 CW FI MMC,10000.0
KPB 4,NEW SCOOPY PRESTIDGE,0.0
PERBAIKAN BAN DEPAN,VARIO 125 CBS-ISS MMC,30000.0
BONGKAR MESIN,BeAT Sporty CBS,450000.0
JASA PASANG 75000,BEAT FI CW,75000.0
PENGGANTIAN GEAR SET ( DRIVE CHAIN KIT ),VARIO TECHNO NON CBS,0.0
PERBAIKAN BAN DEPAN,BEAT SPORTY CBS ISS,20000.0
JASA PASANG 95000,SONIC 150R,95000.0
PENGGANTIAN MINYAK REM,SONIC 150R,55000.0
PERBAIKAN FOOT STEP,REVO FIT,20000.0
PAKET PEMBERSIHAN CVT,BEAT STREET,15000.0
PERBAIKAN KANVAS REM DEPAN,ALL NEW SCOOPY SPORTY,20000.0
PERBAIKAN KANVAS REM BELAKANG,PCX 150,35000.0
JASA PASANG 50000,BEAT,50000.0
PERBAIKAN HEADLIGHT UNIT,PCX 160 ABS,25000.0
JASA PASANG 70000,NEW SCOOPY PRESTIGE JKT,70000.0
PENGGANTIAN MINYAK REM,VARIO TECHNO 125 FI ISS,17000.0
PENGGANTIAN RADIATOR COOLANT,NEW CBR 150R ABS,25000.0
JASA PASANG 5000,REVO CW,0.0
PAKET KURAS TANGKI,BEAT STREET,40000.0
CEK AJA DULU,NEW SCOOPY PRESTIGE,0.0
CEK AJA DULU,NEW VARIO 150,0.0
PERBAIKAN COVER INJEKAN ,VARIO 125 CBS,35000.0
PAKET SERVIS PLATINUM,BLADE,70000.0
SPECIAL MATIC 39K,NEW PCX 150 ABS,39000.0
JASA PASANG 5000,SUPRA X 125 SW MMC,5000.0
JASA PASANG 5000,NEW SUPRA GTR150 SPORTY,5000.0
PENGGANTIAN BOHLAM LAMPU DEPAN / SOCKET ,VARIO 125 CBS ISS,25000.0
PEMERIKSAAN KELISTRIKAN,VARIO TECHNO 125 CBS ISS,30000.0
JASA PASANG 30000,NEW SCOOPY FASHION,30000.0
JASA PASANG 85000,NEW SCOOPY FASHION,85000.0
JASA PASANG 10000,SUPRA X 125 SW MMC,10000.0
PERBAIKAN BAN BELAKANG,SUPRA X 125 SW MMC,0.0
JASA PASANG 5000,NEW SCOOPY FASHION,5000.0
PENGGANTIAN OLI MESIN,BEAT POP ESP CW COMIC,8000.0
PASANG,PCX160 RoadSync,20000.0
PENGGANTIAN OLI GARDAN,SPACY CW HELM IN FI,0.0
KPB 1,NEW BEAT CAST WHEEL,0.0
PENGGANTIAN OLI MESIN,LEGENDA,5000.0
PENGGANTIAN BUSI,BeAT Street,0.0
JASA PASANG 50000,BeAT Sporty CBS ISS,50000.0
PENGGANTIAN SARINGAN UDARA,ALL NEW SCOOPY PLAYFUL,0.0
PENGGANTIAN BUSI,ALL NEW SCOOPY PLAYFUL,0.0
PERBAIKAN STANDAR TENGAH,VARIO 150 SPORTY,0.0
PENGGANTIAN KANVAS REM BELAKANG,NEW SUPRA X 125 FI SW,20000.0
PENGGANTIAN BEARING DEPAN,BEAT SPORTY CBS,35000.0
JASA PASANG 120000,BeAT Sporty CBS,120000.0
PERBAIKAN BOHLAM LAMPU DEPAN / SOCKET ,NEW PCX 150 ABS,0.0
PERBAIKAN BAN DEPAN,NEW PCX 150 ABS,30000.0
SERVIS PAKET LENGKAP PERAWATAN PLUS,VARIO CAST WHEEL,140000.0
JASA PASANG 150000,PCX 160 ABS,150000.0
JASA PASANG 20000,VARIO 110 CBS,20000.0
SERVICE BERKALA TYPE MATIC 110-125CC,BEAT SPORTY CW,95000.0
SERVIS PAKET CVT PLUS,VARIO 110 CBS ISS,52000.0
PERBAIKAN KABEL REM BELAKANG,NEW VARIO 125 CBS-ISS,15000.0
JASA PASANG 65000,SUPRA X 125 CW MMC,65000.0
PERBAIKAN BAN DEPAN,BEAT SPORTY CW,20000.0
PAKET KURAS TANGKI,BEAT STREET CBS,70000.0
SPECIAL MATIC 39K,GENIO CBS ISS,39000.0
SERVICE LENGKAP ADV 160,ADV160 CBS,145000.0
JASA PASANG 10000,BEAT SPORTY CBS ISS DELUXE,9000.0
PENGGANTIAN OLI MESIN,BEAT SPORTY CBS ISS DELUXE,0.0
SERVIS THORTTLE BODY,VARIO 125 CBS ISS,35000.0
PENGGANTIAN BEARING BELAKANG,CRF150L,25000.0
PAKET CEBAN,VARIO 125 CBS-ISS MMC,10000.0
JASA PASANG 60000,NEW PCX 150 CBS,60000.0
PAKET KURAS TANGKI,BEAT SPORTY CW,70000.0
SPECIAL MATIC 50K,BeAT Street,50000.0
JASA PASANG 65000,NEW SCOOPY SPORTY,65000.0
PEMERIKSAAN LAIN - LAIN,CB150R STREETFIRE SPECIAL,0.0
JASA PASANG 10000,CB150R STREETFIRE SPECIAL,10000.0
PENGGANTIAN BAN BELAKANG,BEAT POP CW,15000.0
PERBAIKAN COVER HANDLE GETAR,SCOOPY ESP,10000.0
SERVICE GRATIS (CSR),Beat Sporty,0.0
PERBAIKAN CVT,PCX160 CBS,40000.0
PERBAIKAN BAN DEPAN,VARIO 125 CBS ISS,20000.0
PAKET KURAS MASTER REM,NEW VARIO TECHNO PGM FI,35000.0
PENGGANTIAN BOHLAM LAMPU DEPAN / SOCKET ,VARIO 110 CBS,20000.0
JASA PASANG 40000,NEW SCOOPY FASHION JKT,40000.0
PAKET PEMBERSIHAN CVT,SUPRA X 125 R DD,0.0
JASA PASANG 5000,BeAT Sporty DLX Smart Key,5000.0
PENGGANTIAN COM STEER,NEW SCOOPY SPORTY,65000.0
PENGGANTIAN CVT,NEW SCOOPY SPORTY,50000.0
PENGGANTIAN MINYAK REM,NEW SCOOPY SPORTY,35000.0
JASA PASANG 50000,CB150 VERZA CW,50000.0
PENGGANTIAN PIRINGAN CAKRAM DEPAN,CB150 VERZA CW,25000.0
JASA PASANG 90000,BEAT SPORTY CBS,90000.0
JASA PASANG 125000,ADV160 CBS,125000.0
PAKET RESET FI,BeAT Sporty CBS ISS Deluxe,85000.0
BONGKAR MESIN,NEW VARIO TECHNO PGM FI,450000.0
PAKET KURAS OLI SHOCK,SUPRA X 125 CW MMC,50000.0
JASA PASANG 100000,NEW VARIO TECHNO PGM FI,100000.0
JASA PASANG 125000,BEAT FI SW,125000.0
JASA PASANG 15000,VARIO CAST WHEEL,15000.0
SERVIS PAKET LENGKAP PERAWATAN,BEAT SPORTY DLX SMART KEY,98000.0
JASA PASANG 80000,CB150R STREETFIRE,80000.0
JASA PASANG 190000,VARIO 125 CBS,190000.0
PAKET SERVICE LENGKAP INJECTOR + STEAM,VARIO 125 CBS,170000.0
KELISTRIKAN RINGAN,SUPRA X 125 CW MMC,55000.0
PENGGANTIAN DAMPER / KARET TROMOL,BEAT SPORTY CW,0.0
BONGKAR MESIN,NEW VARIO 125 CBS,400000.0
JASA PASANG 180000,NEW VARIO 125 CBS,180000.0
PENGGANTIAN AKI,NEW SCOOPY PRESTIGE,12000.0
PENGGANTIAN SHOCKBREAKER DEPAN,BEAT FI CW,80000.0
JASA PASANG 95000,BEAT FI CW,95000.0
PAKET SERVIS PUBLIC AREA,SCOOPY ESP,65000.0
PAKET INJECTOR CLEANER,NEW SCOOPY PRESTIGE,38000.0
PENGGANTIAN COM STEER,BeAT Sporty CBS,55000.0
JASA PASANG 15000,NEW SUPRA X 125 CW FI MMC,15000.0
PAKET KURAS OLI SHOCK,BEAT STREET CBS,25000.0
JASA PASANG 125000,BEAT SPORTY CW,125000.0
JASA PASANG 80000,VARIO CAST WHEEL,80000.0
JASA PASANG 15000,SUPRA FIT D,15000.0
JASA PASANG 10000,BEAT POP CW,10000.0
PENGGANTIAN KANVAS REM DEPAN,GENIO CBS ISS,15000.0
SERVIS PAKET CVT PLUS,GENIO CBS ISS,50000.0
PERBAIKAN BAN BELAKANG,NEW VARIO 150,25000.0
PENGGANTIAN SEAL 29X44X7,BEAT SPORTY CW,100000.0
PEMERIKSAAN KELISTRIKAN,ADV150 CBS,100000.0
PEMERIKSAAN KELISTRIKAN,BEAT CW FI MMC,50000.0
JASA PASANG 15000,NEW MEGA PRO CW,15000.0
PERBAIKAN SARINGAN UDARA,NEW MEGA PRO CW,0.0
JASA PASANG 15000,NEW VARIO ESP CBS ADVANCE,15000.0
PAKET KURAS RADIATOR,BEAT FI CW,0.0
PROMO MERDEKA 2,BEAT SPORTY CW,15000.0
PENGGANTIAN KAMPAS REM DEPAN,VARIO 160 CBS,20000.0
JASA PASANG 25000,NEW VARIO ESP CBS ADVANCE,25000.0
PAKET KURAS RADIATOR,NEW VARIO ESP CBS ADVANCE,0.0
JASA PASANG 30000,NEW CBR250RR ABS,30000.0
PENGGANTIAN MINYAK REM,PCX HYBRID,45000.0
KPB 2,NEW SCOOPY PRESTIDGE,0.0
JASA PASANG 10000,PCX 160 e:HEV,10000.0
JASA PASANG 15000,VARIO 110 CBS ISS,15000.0
JASA PASANG 55000,VARIO 125 CBS MMC,55000.0
JASA PASANG 60000,BEAT SPORTY CBS,60000.0
SERVICE PAKET LENGKAP PERAWATAN,NEW SCOOPY STYLISH,95000.0
STEL ULANG,BeAT Street,0.0
PENGGANTIAN OLI SHOCKBREAKER,BeAT Street,60000.0
JASA PASANG 170000,NEW VARIO TECHNO PGM FI,170000.0
PEMERIKSAAN LAIN - LAIN,NEW VARIO,0.0
JASA PASANG 15000,VARIO 150 SPORTY,15000.0
JASA PASANG 15000,VARIO 125 CBS MMC,15000.0
VISIT FEE,BEAT FI CW,0.0
PAKET INJECTOR CLEANER,ADV 160 ABS,40000.0
PAKET PEMBERSIHAN CVT,ADV 160 ABS,0.0
JASA PASANG 10000,STYLO 160 ABS,10000.0
PERBAIKAN DAMPER / KARET TROMOL,New Vario 150,35000.0
LCR GANTI,BeAT Sporty CBS ISS,0.0
PAKET SIAP MUDIK 2025,VARIO 160 ABS,50000.0
PENGGANTIAN BUSI,VARIO 125 CBS MMC,0.0
PERBAIKAN BODY COVER SET,BEAT SPORTY CBS ISS,40000.0
JASA PASANG 50000,ADV150 ABS,50000.0
PENGGANTIAN DAMPER / KARET TROMOL,REVO FIT,85000.0
PENGGANTIAN BOHLAM LAMPU DEPAN / SOCKET ,REVO FIT,25000.0
SERVICE GRATIS (CSR),ADV160 CBS,0.0
PAKET RESET FI,NEW CBR 150R,50000.0
PERBAIKAN STANDAR TENGAH,VARIO FI,50000.0
PERBAIKAN KANVAS REM DEPAN * ABS,VARIO FI,30000.0
PERBAIKAN MASTER REM DEPAN,VARIO 125 CBS-ISS MMC,30000.0
SETEL VELG DEPAN,VARIO 125 CBS-ISS MMC,50000.0
PENGGANTIAN OLI SHOCKBREAKER,BeAT Sporty CBS ISS Deluxe,75000.0
PASANG BOHLAM REM,BeAT Sporty CBS ISS Deluxe,5000.0
PAKET KURAS TANGKI,BeAT Sporty CBS ISS Deluxe,70000.0
GANTI OLI PLUS PENGGANTIAN,NEW PCX 150 CBS,0.0
PERBAIKAN BAN DEPAN,VARIO 125 CBS MMC,20000.0
PEMERIKSAAN KELISTRIKAN,NEW BLADE R 125 FI,0.0
JASA PASANG 35000,NEW BLADE R 125 FI,35000.0
JASA PASANG 5000,Genio CBS ISS,5000.0
PENGGANTIAN AKI,PCX 150,20000.0
JASA PASANG 40000,BEAT POP CW,40000.0
PENGGANTIAN KANVAS REM DEPAN,BEAT FI CW,30000.0
PERBAIKAN BAN DEPAN,NEW PCX 150 CBS,30000.0
PENGGANTIAN SHOCKBREAKER DEPAN,NEW PCX 150 CBS,100000.0
GANTI BOHLAM REM / BELAKANG,BeAT Street,10000.0
JASA PASANG 100000,NEW VARIO 150,100000.0
PENGGANTIAN FUEL PUMP,VARIO TECHNO 125 FI ISS,25000.0
PENGGANTIAN KANVAS REM BELAKANG,VARIO TECHNO 125 FI ISS,20000.0
PENGGANTIAN RANTAI KETENG ,VARIO TECHNO 125 FI ISS,50000.0
PENGGANTIAN KANVAS REM DEPAN,VARIO TECHNO 125 FI ISS,15000.0
PERBAIKAN CVT,NEW VARIO 125 CBS ISS,55000.0
PENGGANTIAN SARINGAN OLI,BEAT STREET,0.0
PERBAIKAN KANVAS REM DEPAN,BeAT Sporty CBS,10000.0
PENGGANTIAN RADIATOR COOLANT,NEW CB150R STREETFIRE,25000.0
PENGGANTIAN RADIATOR COOLANT,PCX HYBRID,10000.0
JASA PASANG 45000,GENIO CBS ISS SE,45000.0
JASA PASANG 50000,PCX 160 ABS,45500.0
PERGANTIAN OLI MESIN,ADV160 CBS,5000.0
KPB 2,NEW PCX 150 CBS,0.0
PENGGANTIAN RADIATOR COOLANT,ALL NEW SONIC 150 R,0.0
PAKET GOCENG,REVO FIT,5000.0
SERVIS PAKET RINGAN PERAWATAN,NEW VARIO CBS PGM FI,45000.0
JASA PASANG 45000,NEW VARIO 125 CBS ISS,45000.0
JASA PASANG 30000,ADV150 ABS,30000.0
PENGGANTIAN RADIATOR COOLANT,BEAT STREET CBS,0.0
PENGGANTIAN RADIATOR COOLANT,SUPRA X 125 CW MMC,0.0
PERBAIKAN BAN BELAKANG,VARIO 125 CBS MMC,15000.0
JASA PASANG 25000,VARIO CAST WHEEL,25000.0
JASA PASANG 80000,VARIO 125 CBS ISS,80000.0
SERVIS PAKET RINGAN PERAWATAN,NEW CB150R STREETFIRE,65000.0
JASA PASANG 60000,VARIO FI,60000.0
PENGGANTIAN AKI,VARIO TECHNO 125 FI CBS,15000.0
PENGGANTIAN AKI,STYLO 160 ABS,10000.0
JASA PASANG 40000,PCX 160 CBS,40000.0
SERVICE PAKET LENGKAP PERAWATAN,PCX 160 CBS,150000.0
PENGGANTIAN BUSI,ALL NEW CBR150R,20000.0
PENGGANTIAN SEAL SHOCK BREAKER DEPAN,SCOOPY FI,15000.0
PENGGANTIAN KANVAS REM BELAKANG,VARIO 150 MMC,20000.0
JASA PASANG 50000,SUPRA X 125 SW MMC,50000.0
PENGGANTIAN CVT,NEW BLADE 125 FI R,0.0
PENGGANTIAN KANVAS REM DEPAN,SONIC 150R MATTE BLACK,15000.0
PENGGANTIAN GEAR SET ( DRIVE CHAIN KIT ),SONIC 150R MATTE BLACK,20000.0
PENGGANTIAN FUEL PUMP,SONIC 150R MATTE BLACK,0.0
PENGGANTIAN RADIATOR COOLANT,SONIC 150R MATTE BLACK,0.0
PENGGANTIAN KANVAS REM BELAKANG,SONIC 150R MATTE BLACK,20000.0
PENGGANTIAN BUSI,SONIC 150R MATTE BLACK,0.0
PENGGANTIAN RANTAI KETENG ,SONIC 150R MATTE BLACK,50000.0
PENGGANTIAN AKI,SONIC 150R HRR,10000.0
JASA PASANG 25000,ADV 160 CBS,25000.0
SERVIS PAKET LENGKAP PERAWATAN,SUPRA GTR 150,105000.0
JASA PASANG 60000,NEW BEAT CAST WHEEL,60000.0
PERBAIKAN BOHLAM LAMPU DEPAN / SOCKET ,VARIO 150,0.0
JASA PASANG 110000,VARIO 150,110000.0
SERVIS PAKET MATIC 110-125CC,BEAT SPORTY CW,160000.0
PAKET SIAP MUDIK 2025,GENIO CBS ISS SE,50000.0
JASA PASANG 135000,NEW PCX 150 CBS,135000.0
PENGGANTIAN KANVAS KOPLING,NEW VARIO ESP CBS ISS,0.0
PAKET CEBAN,ADV150 CBS,10000.0
JASA PASANG 25000,CBR 250RR STD,25000.0
PENGGANTIAN BAN DEPAN,NEW SCOOPY SPORTY,20000.0
PENGGANTIAN OLI SHOCKBREAKER,NEW VARIO 150,55000.0
JASA PASANG 185000,BeAT Sporty CBS,185000.0
PAKET KURAS TANGKI,SPACY CW HELM IN FI,50000.0
PERBAIKAN BAN DEPAN,CBR 150R STD,20000.0
PENGGANTIAN MASTER REM DEPAN,VARIO 150 SPORTY,65000.0
JASA PASANG 50000,CB150R STREETFIRE,50000.0
SERVIS PAKET LENGKAP PERAWATAN PLUS,VARIO ESP CBS ADV MMC,100000.0
PAKET KURAS TANGKI,VARIO TECHNO 125 FI CBS,50000.0
SERVIS PAKET LENGKAP PERAWATAN PLUS,PCX,185000.0
SERVIS THORTTLE BODY,BEAT SPORTY CBS,35000.0
PENGGANTIAN BAN BELAKANG,NEW SCOOPY PRESTIDGE,27000.0
PENGGANTIAN PIRINGAN CAKRAM DEPAN,NEW VARIO TECHNO PGM FI,20000.0
JASA PASANG 50000,ALL NEW CB150R STREETFIRE,50000.0
SERVICE LENGKAP ADV 160,ADV160 ABS,145000.0
PENGGANTIAN MINYAK REM,REVO FIT,37000.0
PERBAIKAN KANVAS KOPLING,NEW VARIO 125 CBS,35000.0
JASA PASANG 50000,GENIO CBS,50000.0
PENGGANTIAN BAN DEPAN,NEW SONIC 150R SPECIAL,40000.0
PAKET PEMBERSIHAN CVT,VARIO 160 ABS,55000.0
SERVIS PAKET LENGKAP PERAWATAN PLUS,VARIO 160 ABS,96000.0
GANTI OLI PLUS PENGGANTIAN,NEW SCOOPY STYLISH,0.0
PENGGANTIAN KANVAS REM BELAKANG,ADV160 CBS,30000.0
KELISTRIKAN 100,VARIO 150,100000.0
CEK AJA DULU,VARIO 150,0.0
GOKIL (GANTI OLI KILAT),BEAT POP ESP CW COMIC,0.0
JASA PASANG 20000,ALL NEW SONIC 150 R,20000.0
PERBAIKAN BAN DEPAN,CB150R STREETFIRE SPECIAL,15000.0
PAKET CEK REM GRATIS,STYLO 160 ABS,0.0
PAKET RESET FI,ADV160 ABS,50000.0
PERBAIKAN COMSTEER,ADV160 ABS,75000.0
PENGGANTIAN BUSI,PCX 160 CBS,15000.0
JASA PASANG 75000,NEW SUPRA X 125 FI CW,75000.0
JASA PASANG 80000,BEAT,80000.0
PERBAIKAN BAN BELAKANG,SCOOPY ESP,20000.0
PERBAIKAN BAN BELAKANG,VARIO TECHNO 125 CBS ISS,15000.0
pembersihan cvt plus,VARIO 160 ABS,86000.0
PEMERIKSAAN LAIN - LAIN,All New Scoopy Stylish Plus,0.0
PENGGANTIAN BEARING DEPAN,BeAT Sporty DLX Smart Key,30000.0
JASA PASANG 50000,NEW VARIO 125 CBS ISS,50000.0
SERVIS PAKET CVT PLUS,PCX HYBRID,50000.0
PAKET KURAS RADIATOR,ALL NEW CBR150R,35000.0
PENGGANTIAN CVT,ALL NEW SCOOPY STYLISH,60000.0
SERVICE PERAWATAN BERKALA,ALL NEW SCOOPY STYLISH,110000.0
PENGGANTIAN SEAL SHOCK BREAKER DEPAN,ALL NEW SCOOPY STYLISH,60000.0
PAKET SIAP MUDIK 2025,ADV160 CBS,50000.0
PENGGANTIAN KANVAS REM DEPAN,SUPRA X,25000.0
JASA PASANG 80000,SCOOPY ESP,80000.0
KELISTRIKAN,PCX 160 ABS,35000.0
PROMO MERDEKA 2,GENIO CBS,15000.0
PAKET SERVIS PUBLIC AREA,BeAT Street,80000.0
SPECIAL MATIC 50K,VARIO 125 CBS MMC,50000.0
JASA PASANG 30000,NEW CBR250RR STD,30000.0
SPECIAL MATIC 50K,VARIO TECHNO 125 FI CBS,50000.0
JASA PASANG 50000,VARIO FI,50000.0
PERBAIKAN BOHLAM LAMPU DEPAN / SOCKET ,VARIO FI,10000.0
PAKET KURAS TANGKI,BEAT CW FI MMC,70000.0
PENGGANTIAN OLI MESIN,SONIC 150R,0.0
PERBAIKAN COVER HANDLE GETAR,NEW PCX 150 CBS,20000.0
PERBAIKAN BOHLAM SOCKET HEADLIGHT,SUPRA X 125 R DD,10000.0
JASA PASANG,PCX160 ABS,50000.0
JASA PASANG 60000,BeAT Sporty CBS ISS Deluxe,60000.0
PERBAIKAN CVT,NEW SUPRA X 125 FI CW,55000.0
PERBAIKAN COM STEER,BEAT,30000.0
TUNE UP,BEAT,90000.0
JASA PASANG 65000,BEAT,65000.0
JASA PASANG 125000,VARIO TECHNO,125000.0
JASA PASANG 15000,REVO 110 CAST WHEEL,15000.0
PENGGANTIAN AKI,CS1,5000.0
PENGGANTIAN OLI GARDAN,BEAT POP CBS ISS,10000.0
PAKET KURAS RADIATOR,ALL NEW CBR 150R,30000.0
SERVICE GRATIS (CSR),VARIO TECHNO 125 CBS ISS,0.0
GANTI OLI PLUS PENGGANTIAN,Verza,0.0
JASA PASANG 55000,NEW VARIO TECHNO PGM FI,55000.0
JASA PASANG 50000,VARIO TECHNO 125 CBS ISS,50000.0
SERVICE LENGKAP PERAWATAN,NEW VARIO 125 CBS,125000.0
JASA PASANG 75000,Beat Sporty,75000.0
PERBAIKAN CVT,BeAT Sporty CBS ISS,95000.0
PAKET SERVIS PUBLIC AREA,REVO FIT,65000.0
PENGGANTIAN AKI,REVO CW FI,10000.0
JASA PASANG 35000,BEAT POP ESP CBS PIXEL,35000.0
JASA PASANG 110000,ALL NEW SCOOPY SPORTY,110000.0
PERBAIKAN KANVAS REM BELAKANG,VARIO 125 CBS,0.0
PENGGANTIAN OLI MESIN,PCX160 RoadSync,0.0
SERVIS PAKET LENGKAP PERAWATAN,NEW PCX 150,90000.0
PERBAIKAN BAN DEPAN,BEAT FI CBS,20000.0
SERVIS PAKET LENGKAP PERAWATAN,VARIO SPOKE WHEEL,110000.0
SERVIS PAKET LENGKAP PERAWATAN,REVO AT,85000.0
SERVIS PAKET LENGKAP PERAWATAN ,PCX 160 ABS,155000.0
PENGGANTIAN OLI SHOCKBREAKER,SCOOPY ESP,55000.0
PERBAIKAN SARINGAN UDARA,ALL NEW CBR150R,10000.0
PERBAIKAN BAN BELAKANG,Beat Sporty,20000.0
JASA PASANG 215000,NEW SCOOPY PRESTIGE,215000.0
SERVIS PAKET LENGKAP PERAWATAN PLUS,NEW MEGA PRO CW,105000.0
VISIT FEE,SCOOPY ESP,0.0
SERVIS THORTTLE BODY,NEW BEAT CAST WHEEL,35000.0
JASA PASANG 35000,GENIO CBS,35000.0
PENGGANTIAN KANVAS REM BELAKANG,GENIO CBS,30000.0
JASA PASANG 35000,VARIO 160 CBS,35000.0
JASA PASANG 15000,VARIO TECHNO NON CBS,14250.0
PAKET SIAP MUDIK 2025,BEAT FI CW,50000.0
JASA PASANG 55000,BEAT STREET,55000.0
PENGGANTIAN OLI MESIN,Genio CBS ISS,5000.0
JASA PASANG 5000,BEAT POP ESP CW COMIC,5000.0
PERBAIKAN KANVAS REM BELAKANG * ( CAKRAM ),VARIO TECHNO 125 FI ISS,20000.0
PERBAIKAN KABEL KOPLING,VARIO TECHNO 125 FI ISS,25000.0
PAKET GOCENG,NEW CBR 150R,5000.0
SERVIS PAKET MATIC 110CC-125CC,VARIO 125 CBS MMC,160000.0
SERVICE LENGKAP PERAWATAN,ADV160 CBS,125000.0
JASA PASANG 25000,SUPRA X 125 HELM IN FI,25000.0
PAKET INJECTOR CLEANER,SUPRA X 125 HELM IN FI,0.0
PAKET KURAS TANGKI,NEW VARIO ESP CBS ADVANCE,70000.0
PENGGANTIAN GEAR SET ( DRIVE CHAIN KIT ),NEW VARIO 150,55000.0
PENGGANTIAN BAN BELAKANG,SCOOPY,25000.0
PERBAIKAN MASTER REM BELAKANG,ALL NEW SCOOPY STYLISH,50000.0
KPB 1,REVO FIT,0.0
PAKET GOCENG,VARIO 160 ABS,5000.0
PEMERIKSAAN LAIN - LAIN,VARIO TECHNO,0.0
JASA PASANG 35000,VARIO TECHNO 125 FI CBS,35000.0
PENGGANTIAN AKI,SUPRA X 125 HELM IN FI,0.0
PENGGANTIAN AKI,CB150R STREETFIRE,5000.0
PENGGANTIAN CVT,VARIO CAST WHEEL,40000.0
JASA PASANG 70000,NEW VARIO 150,70000.0
CEK AJA DULU,BeAT Street,0.0
JASA PASANG 170000,ADV150 CBS,170000.0
PERBAIKAN BOHLAM LAMPU DEPAN / SOCKET ,BEAT SW FI MMC,15000.0
PENGGANTIAN BODY COVER SET,PCX 160 CBS,75000.0
PENGGANTIAN BELT DRIVE / ROLLER,BEAT CW FI MMC,45000.0
JASA PASANG 115000,BEAT FI CBS,115000.0
PERBAIKAN KANVAS REM DEPAN,BEAT CW FI MMC,20000.0
PRESS SEGITIGA ,BeAT Sporty CBS ISS Deluxe,200000.0
JASA PASANG 200000,BeAT Sporty CBS ISS Deluxe,200000.0
SERVIS PAKET LENGKAP PERAWATAN MATIC PLUS,BeAT Sporty CBS ISS Deluxe,125000.0
PENGGANTIAN BUSI,REVO X,20000.0
PAKET KURAS TANGKI,NEW SONIC 150R SPECIAL,40000.0
PAKET KURAS TANGKI,BEAT SW FI MMC,70000.0
SERVIS PAKET MATIC 110CC-125CC,NEW SCOOPY STYLISH,160000.0
JASA CEK KILAT,PCX160 RoadSync,1.0
JASA PASANG 175000,NEW PCX 150 CBS,175000.0
JASA PASANG 95000,NEW PCX 150 CBS,95000.0
JASA PASANG 70000,NEW PCX 150 CBS,70000.0
SERVIS PAKET RINGAN PERAWATAN,SPACY CW HELM IN FI,55000.0
PENGGANTIAN JARI - JARI / GANTI TROMOL,BEAT FI CBS,0.0
PAKET SERVIS PLATINUM,ALL NEW SCOOPY SPORTY,125000.0
JASA PASANG 160000,BeAT Sporty CBS ISS Deluxe,160000.0
PENGGANTIAN HEADLIGHT UNIT,NEW VARIO 125 CBS,46000.0
JASA PASANG 10000,SUPRA X 125 CW,10000.0
PAKET KURAS RADIATOR,NEW VARIO CBS PGM FI,44000.0
PERBAIKAN BELT DRIVE / ROLLER,BeAT Sporty DLX Smart Key,55000.0
SERVICE GRATIS (CSR),BeAT Sporty CBS ISS Deluxe,0.0
JASA PASANG 25000,VARIO TECHNO,25000.0
PENGGANTIAN SARINGAN OLI,ADV160 ABS,0.0
STELL ULANG,VARIO 125 CBS ISS,0.0
PERAWATAN CVT,BeAT Sporty CBS,57000.0
PENGGANTIAN BEARING DEPAN,BeAT Sporty CBS,26000.0
INFUS INJEKSI+THROTTLE BODY,BeAT Sporty CBS,42000.0
JASA PASANG 10000,VARIO 160 ABS,10000.0
GANTI OLI PLUS PENGGANTIAN,NEW BLADE 125 FI R,5000.0
PERBAIKAN BOHLAM LAMPU DEPAN / SOCKET ,ALL NEW CBR150R,15000.0
PAKET GOCENG,VARIO 150 MMC,5000.0
JASA PASANG 90000,BEAT POP ESP CBS PIXEL,90000.0
SERVIS PAKET LENGKAP PERAWATAN,BEAT POP ESP CBS PIXEL,90000.0
PAKET PEMBERSIHAN CVT,ALL NEW SCOOPY PLAYFUL,30000.0
JASA PASANG 75000,SUPRA X 125 HELM IN FI,75000.0
PERBAIKAN KUNCI SET,VARIO 125 CBS,50000.0
PENGGANTIAN SARINGAN UDARA,SUPRA X 125 CW,0.0
PERBAIKAN STANDAR TENGAH,NEW PCX 150 CBS,15000.0
SERVIS PAKET RINGAN PERAWATAN,ALL NEW SCOOPY PLAYFUL,65000.0
PENGGANTIAN OLI MESIN,NEW BLADE R 125 FI,0.0
PENGGANTIAN OLI MESIN,BEAT POP CBS,5000.0
PENGGANTIAN KANVAS REM BELAKANG,BEAT POP CBS,30000.0
PAKET SERVIS SILVER,BEAT POP CBS,195000.0
JASA PASANG 20000,STYLO 160 ABS,20000.0
VISIT FEE,NEW VARIO 125 CBS,0.0
PENGGANTIAN BOHLAM LAMPU DEPAN / SOCKET ,BeAT Street,15000.0
JASA CEK KILAT,VARIO 125 CBS,1.0
KPB 1,ICON e:,0.0
PERBAIKAN BAN BELAKANG,VARIO TECHNO NON CBS,15000.0
PROMO MERDEKA 2,BeAT Street,15000.0
PENGGANTIAN KANVAS KOPLING,NEW VARIO 150,50000.0
PENGGANTIAN BUSI,VARIO 110 CBS,0.0
SERVIS THORTTLE BODY,BEAT CW FI MMC,35000.0
PENGGANTIAN MASTER REM DEPAN,PCX,50000.0
SERVIS PAKET MATIC 110CC-125CC,ALL NEW SCOOPY STYLISH,160000.0
PENGGANTIAN BUSI,SCOOPY FASHION,0.0
PENGGANTIAN KABEL SPEEDO,REVO CAST WHEEL,15000.0
PAKET KURAS TANGKI,VARIO 125 CBS,50000.0
PERBAIKAN KANVAS KOPLING,BEAT STREET CBS,50000.0
PERBAIKAN DAMPER / KARET TROMOL,BEAT STREET CBS,25000.0
PENGGANTIAN KUNCI SET,BeAT Sporty CBS ISS Deluxe,99000.0
PERBAIKAN BOHLAM LAMPU DEPAN / SOCKET ,SUPRA X 125 PGM FI CW DD,10000.0
SERVICE LENGKAP PERAWATAN,VARIO 150,125000.0
JASA PASANG 25000,CB150R,25000.0
JASA PASANG 10000,SPACY CW HELM IN,10000.0
PENGGANTIAN PIRINGAN CAKRAM DEPAN,KARISMA 125,35000.0
JASA PASANG 15000,KARISMA 125,15000.0
PENGGANTIAN KANVAS REM DEPAN,REVO 110 SPOKE WHEEL,15000.0
PAKET KURAS MASTER REM,VARIO 150 SPORTY,25000.0
PERBAIKAN BAN BELAKANG,BEAT SPORTY CBS,15000.0
JASA PASANG 25000,BEAT CW FI MMC,25000.0
PAKET GOCENG,SUPRA X 125 DISK BRAKE,5000.0
JASA PASANG 35000,ADV150 ABS,35000.0
SERVIS PAKET LENGKAP PERAWATAN PLUS,NEW SUPRA X 125 FI CW,80000.0
PERBAIKAN DAMPER / KARET TROMOL,ALL NEW SCOOPY PLAYFUL,20000.0
SERVIS PAKET RINGAN PERAWATAN,CB150R,85000.0
JASA PASANG 60000,VARIO 160 ABS,60000.0
PENGGANTIAN SEAL MAGNET,SUPRA FIT D,45000.0
PENGGANTIAN BOHLAM LAMPU DEPAN / SOCKET ,SUPRA FIT D,23000.0
JASA PASANG 85000,VARIO TECHNO 125 FI CBS,85000.0
PENGGANTIAN CVT,Beat Sporty,95000.0
PENGGANTIAN OLI MESIN,PCX160 ABS,5000.0
PENGGANTIAN BAN DEPAN,BEAT FI CBS,20000.0
GANTI OLI MESIN,BeAT Sporty CBS,5000.0
PAKET CEBAN,NEW SUPRA GTR150 SPORTY,10000.0
JASA PASANG 10000,NEW VARIO 125 CBS-ISS,10000.0
JASA PASANG 75000,New Vario 150,75000.0
SERVIS PAKET CVT PLUS,VARIO TECHNO,50000.0
PENGGANTIAN MINYAK REM,NEW SCOOPY FI,10000.0
JASA PASANG 20000,NEW SCOOPY FI,20000.0
PENGGANTIAN AKI,NEW BLADE 125 FI R,10500.0
JASA PASANG 75000,BEAT POP ESP CW COMIC,75000.0
PENGGANTIAN SARINGAN OLI,PCX 160 CBS,5000.0
JASA PASANG 25000,BeAT Sporty CBS ISS,25000.0
JASA PASANG 15000,SUPRA X,15000.0
PENGGANTIAN SARINGAN OLI,VARIO TECHNO 125 FI CBS,0.0
PENGGANTIAN KANVAS REM DEPAN,ADV160 CBS,30000.0
PENGGANTIAN CVT,ADV160 CBS,60000.0
GOKIL (GANTI OLI KILAT),PCX 160 CBS,0.0
PENGGANTIAN MASTER REM DEPAN,REVO FIT FI,50000.0
PERBAIKAN BELT DRIVE / ROLLER,ADV160 CBS,140000.0
PAKET INJECTOR CLEANER,VARIO 125 CBS-ISS MMC,40000.0
JASA PASANG 200000,REVO FIT,200000.0
JASA PASANG 80000,REVO FIT,72000.0
JASA PASANG 30000,TIGER CAST WHEEL,30000.0
PENGGANTIAN KANVAS REM BELAKANG,BEAT FI CBS,15000.0
PEMERIKSAAN LAIN - LAIN,ALL NEW SCOOPY SPORTY,0.0
PENGGANTIAN SARINGAN OLI,NEW SCOOPY STYLISH,5000.0
PEMERIKSAAN KELISTRIKAN,VARIO 110 CBS ISS,50000.0
PERBAIKAN SARINGAN UDARA,BEAT FI SW,10000.0
PENGGANTIAN KANVAS REM DEPAN,NEW SCOOPY FI,20000.0
PERBAIKAN BELT DRIVE / ROLLER,BeAT Sporty CBS,55000.0
PERBAIKAN BAN BELAKANG,VARIO 125 CBS-ISS MMC,15000.0
JASA PASANG 20000,VARIO TECHNO 125 CBS ISS,20000.0
PERBAIKAN COM STEER,BEAT SPORTY CBS,35000.0
PERBAIKAN BOHLAM LAMPU DEPAN / SOCKET ,REVO CW FI,10000.0
GANTI OLI PLUS PENGGANTIAN,SCOOPY FI,0.0
JASA PASANG 40000,VARIO FI,40000.0
GANTI KAMPAS REM,PCX 160 ABS,40000.0
PAKET SIAP MUDIK 2025,SCOOPY ESP,50000.0
SERVIS THORTTLE BODY,BEAT SPORTY CW,35000.0
PENGGANTIAN OLI MESIN,ALL NEW SONIC 150 R,0.0
PAKET RESET FI,VARIO 110 CBS ISS,80000.0
JASA PASANG 65000,NEW VARIO 150,65000.0
PERBAIKAN KANVAS KOPLING,VARIO 125 CBS MMC,35000.0
PENGGANTIAN OLI MESIN,PCX HYBRID,5000.0
JASA PASANG 10000,CBR 150R ABS,10000.0
GOKIL (GANTI OLI KILAT),CB150R STREETFIRE,0.0
KPB 1,Beat Sporty,0.0
PEMERIKSAAN LAIN - LAIN,NEW SUPRA GTR150 SPORTY,0.0
PERBAIKAN BAN BELAKANG,NEW VARIO ESP CBS,15000.0
PERBAIKAN HEADLIGHT UNIT,BEAT CW FI MMC,10000.0
PAKET SERVIS LENGKAP+CVT,SCOOPY STYLISH,115000.0
STEL RANTE 15000,MEGA PRO,15000.0
SPECIAL MATIC 50K,VERZA CAST WHEEL,25000.0
JASA PASANG 35000,Verza,35000.0
PERBAIKAN FOOT STEP,REVO FIT FI,20000.0
JASA PASANG 30000,VARIO TECHNO,30000.0
SERVIS PAKET RINGAN PERAWATAN,REVO CW,65000.0
GANTI OLI PLUS PENGGANTIAN,CBR 150R STD,0.0
PERBAIKAN KANVAS REM BELAKANG,ALL NEW CB150R STREETFIRE,25000.0
SPECIAL MATIC 50K,NEW SCOOPY FASHION,50000.0
PAKET RESET FI,ALL NEW CBR 150R,50000.0
PENGGANTIAN AKI,BeAT Sporty CBS,10000.0
KURAS MINYAK REM,BeAT Sporty CBS,25000.0
PENGGANTIAN RANTAI KETENG ,BeAT Sporty CBS,45000.0
PENGGANTIAN BAN DEPAN,BeAT Sporty CBS,20000.0
PENGGANTIAN BELT DRIVE / ROLLER,BeAT Sporty CBS,35000.0
PENGGANTIAN FUEL PUMP,BeAT Sporty CBS,45000.0
KPB 3,SUPRA X 125 CW,0.0
PENGGANTIAN CVT,VARIO 125 CBS MMC,55000.0
KURAS MINYAK REM,BEAT SPORTY CW,25000.0
CAD (CEK AJA DULU),NEW VARIO TECHNO CBS,0.0
CAD (CEK AJA DULU),VARIO TECHNO,0.0
PAKET KURAS MASTER REM,SUPRA X 125 CW MMC,25000.0
CLAIM C2 PENGGANTIAN,ADV160 CBS,0.0
JASA PASANG 225000,BeAT Sporty CBS ISS,225000.0
JASA PASANG 20000,VARIO 150 SPORTY,20000.0
JASA PASANG 60000,NEW VARIO 125 CBS,60000.0
PENGGANTIAN SARINGAN UDARA,SCOOPY FI,5000.0
PENGGANTIAN CVT,BEAT FI SW,50000.0
JASA PASANG 65000,BEAT FI SW,65000.0
PAKET SERVICE CB150X,CB150X STD,165000.0
PERBAIKAN BOHLAM LAMPU DEPAN / SOCKET ,BEAT CW FI MMC,10000.0
JASA PASANG 300000,VARIO 160 CBS,300000.0
JASA PASANG 75000,VARIO 160 CBS,75000.0
CAD (CEK AJA DULU),NEW VARIO 125 CBS,0.0
JASA PASANG 100000,GENIO CBS,100000.0
PAKET SERVIS PLATINUM,VARIO TECHNO 125 FI CBS,125000.0
SERVIS PAKET LENGKAP PERAWATAN PLUS,Genio CBS,115000.0
SERVIS PAKET LENGKAP PERAWATAN PLUS,NEW SUPRA X 125 FI SW,80000.0
PERBAIKAN BAN DEPAN,VARIO 110 CBS,0.0
PERBAIKAN KANVAS REM BELAKANG * ABS,NEW PCX 150 ABS,20000.0
SPECIAL MATIC 50K,NEW PCX 150 CBS,50000.0
PERBAIKAN HEADLIGHT UNIT,SUPRA X 125 DISK BRAKE,30000.0
JASA PASANG 20000,BEAT SW FI MMC,20000.0
JASA PASANG 175000,BEAT SPORTY CW,175000.0
JASA PASANG 40000,NEW CBR 150R,40000.0
SERVIS PAKET LENGKAP PERAWATAN,PCX160 CBS,0.0
PERBAIKAN BAN DEPAN,NEW SUPRA X 125 CW FI MMC,0.0
PAKET RESET FI,NEW SCOOPY PRESTIGE,26000.0
LCR GANTI,NEW SCOOPY PRESTIGE,0.0
SERVICE CVT,BEAT SPORTY CW,50000.0
PEMERIKSAAN LAIN - LAIN,CB150X SE,0.0
SERVICE GRATIS (CSR),CB150X SE,0.0
PERBAIKAN CVT,BEAT POP CW,35000.0
PAKET KURAS RADIATOR,ALL NEW CB150R STREETFIRE,0.0
PERBAIKAN CVT,SUPRA X 125 CW,0.0
PAKET SERVIS MATIC ASYIK,BEAT SPORTY CW,46000.0
PENGGANTIAN OLI SHOCKBREAKER,BeAT Sporty CBS,55000.0
JASA PASANG 15000,BEAT POP ESP CBS ISS,14500.0
PENGGANTIAN KANVAS REM BELAKANG,BEAT POP ESP CBS ISS,30000.0
PEMERIKSAAN KELISTRIKAN,BEAT POP ESP CBS ISS,115000.0
PAKET RESET FI,BeAT Street,80000.0
JASA PASANG 10000,ALL NEW CB150R STREETFIRE,10000.0
PAKET SERVIS SAHABAT WARGA,PCX 160 CBS,70000.0
PENGGANTIAN BAN BELAKANG,NEW VARIO TECHNO CBS,20000.0
CAD (CEK AJA DULU),VARIO TECHNO 125 FI CBS,0.0
PAKET GOCENG,SUPRA X 125 SW MMC,5000.0
PAKET SERVIS SILVER,BLADE,195000.0
CEK AJA DULU,CB150R STREETFIRE SPECIAL,0.0
CEK AJA DULU,BEAT SPORTY CBS,0.0
PERBAIKAN BAN BELAKANG,ALL NEW SCOOPY SPORTY,25000.0
PENGGANTIAN CVT,PCX 150,50000.0
SERVIS PAKET LENGKAP PERAWATAN PLUS,NEW VARIO ESP CBS ISS ADVA,95000.0
PENGGANTIAN BUSI,NEW VARIO ESP CBS ISS ADVA,0.0
PENGGANTIAN BAN BELAKANG,PCX HYBRID,25000.0
PAKET SIAP MUDIK 2024,SUPRA X,120000.0
PERBAIKAN KUNCI SET,BEAT CW FI MMC,44000.0
GANTI OLI PLUS PENGGANTIAN,CB150 VERZA CW,10000.0
JASA PASANG 15000,CB150 VERZA CW,15000.0
PEMERIKSAAN LAIN - LAIN,NEW SCOOPY FASHION,0.0
JASA CEK KILAT,VARIO 160 CBS,1.0
PENGGANTIAN OLI MESIN,NEW VARIO ESP CBS ISS ADVA,5000.0
PENGGANTIAN SEAL SHOCK BREAKER DEPAN,SUPRA X 125 CW,75000.0
PAKET KURAS MASTER REM,NEW SCOOPY FASHION,35000.0
PENGGANTIAN MINYAK REM,NEW SCOOPY FASHION,15500.0
PENGGANTIAN CVT,VARIO 125 CBS-ISS MMC,40000.0
JASA PASANG 30000,BEAT CW FI MMC,30000.0
PEMERIKSAAN LAIN - LAIN,NEW VARIO 125 CBS ISS,0.0
PENGGANTIAN SARINGAN OLI,BeAT Sporty CBS ISS Deluxe,0.0
CAD (CEK AJA DULU),VARIO 150,0.0
PENGGANTIAN KUNCI SET,BEAT FI SW,65000.0
PENGGANTIAN BAN DEPAN,ALL NEW SCOOPY SPORTY,0.0
JASA PASANG 35000,ALL NEW CBR 150R,35000.0
JASA PASANG 55000,BEAT SW FI MMC,55000.0
PENGGANTIAN KANVAS KOPLING,BeAT Street,40000.0
CAD (CEK AJA DULU),VARIO TECHNO 125 FI ISS,0.0
JASA PASANG 15000,VARIO TECHNO 125 FI CBS,10000.0
PENGGANTIAN COM STEER,ADV160 CBS,200000.0
PENGGANTIAN BOHLAM LAMPU DEPAN / SOCKET ,NEW SCOOPY STYLISH,20000.0
SERVIS PAKET LENGKAP PERAWATAN,REVO SPOKE,90000.0
PENGGANTIAN KANVAS REM DEPAN,REVO SPOKE,20000.0
PERBAIKAN SARINGAN UDARA,NEW PCX 150 ABS,0.0
JASA PASANG 30000,ADV150 CBS,30000.0
JASA PASANG 20000,Genio CBS ISS,20000.0
PAKET PEMBERSIHAN CVT,Genio CBS ISS,50000.0
PAKET PEMBERSIHAN CVT,New Vario 150,70000.0
JASA PASANG 120000,VERZA CAST WHEEL,120000.0
JASA PASANG 135000,BEAT FI CBS,135000.0
JASA PASANG 65000,VARIO 125 CBS MMC,65000.0
CEK AJA DULU,SPACY CW HELM IN FI,0.0
PAKET INJECTOR CLEANER,GENIO CBS ISS SE,100000.0
PERBAIKAN THROTTLE BODY,VARIO 125 CBS ISS,40000.0
PAKET GOCENG,VARIO 110 CBS,5000.0
JASA PASANG 105000,SUPRA X 125 HELM IN FI,105000.0
BONGKAR MESIN,SUPRA X 125 HELM IN FI,300000.0
SERVICE GRATIS (CSR),VARIO 125 CBS,0.0
PENGGANTIAN BODY COVER SET,ALL NEW SCOOPY SPORTY,50000.0
SERVIS PAKET LENGKAP PERAWATAN PLUS,NEW SONIC 150R SPECIAL,100000.0
PENGGANTIAN RANTAI KETENG ,SCOOPY FI,30000.0
PENGGANTIAN BAN DEPAN,SCOOPY FI,25000.0
PENGGANTIAN FUEL PUMP,SCOOPY FI,35000.0
KURAS MINYAK REM,SCOOPY FI,25000.0
JASA PASANG 5000,NEW MEGA PRO CW,5000.0
PAKET PEMBERSIHAN CVT,NEW VARIO ESP CBS ISS,70000.0
JASA PASANG 100000,REVO 110 CAST WHEEL,100000.0
PENGGANTIAN OLI MESIN,SUPRA X 125 SW,0.0
SERVIS PAKET LENGKAP PERAWATAN,SUPRA X 125 SW,70000.0
PAKET RESET FI,VARIO 125 CBS ISS SP,25000.0
JASA PASANG 10000,BEAT POP ESP CW COMIC,10000.0
PENGGANTIAN BEARING DEPAN,BeAT Sporty CBS ISS Deluxe,18000.0
JASA PASANG 20000,SUPRA X 125 HELM IN FI,20000.0
SERVICE BERKALA TYPE MATIC 150FI,VARIO 160 CBS,95000.0
PENGGANTIAN AKI,NEW CBR 150R ABS,5000.0
JASA PASANG 85000,BeAT Sporty CBS,85000.0
PENGGANTIAN PIRINGAN CAKRAM DEPAN,BEAT SPORTY CBS ISS,35000.0
SERVIS PAKET LENGKAP PERAWATAN PLUS,NEW SONIC 150R REPSOL,100000.0
JASA PASANG 15000,SUPRA X 125 HELM IN FI,15000.0
JASA PASANG 5000,BEAT CBS FI MMC,5000.0
PAKET SERVICE LENGKAP,ADV160 CBS,160000.0
JASA PASANG 10000,VARIO 110 CBS ISS,10000.0
PAKET RESET FI,VARIO ESP CBS ADV MMC,0.0
PAKET KURAS TANGKI,SCOOPY,50000.0
PAKET GOCENG,BEAT SW FI MMC,5000.0
PENGGANTIAN OLI MESIN,MEGA PRO,10000.0
PENGGANTIAN FUEL PUMP,NEW VARIO ESP CBS ISS,65000.0
SERVIS PAKET LENGKAP PERAWATAN,NEW VARIO ESP CBS ISS,103000.0
PENGGANTIAN KANVAS REM DEPAN,NEW VARIO ESP CBS ISS,25000.0
PENGGANTIAN BAN BELAKANG,NEW VARIO ESP CBS ISS,65000.0
PENGGANTIAN KANVAS REM BELAKANG,NEW VARIO ESP CBS ISS,35000.0
PENGGANTIAN RANTAI KETENG ,NEW VARIO ESP CBS ISS,150000.0
JASA PASANG 75000,VARIO 150 MMC,75000.0
JASA PASANG 120000,BEAT SPORTY CBS,120000.0
PENGGANTIAN PIRINGAN CAKRAM DEPAN,BEAT SPORTY CBS,30000.0
PENGGANTIAN OLI GARDAN,VARIO 110 CBS,0.0
PERBAIKAN KANVAS REM BELAKANG,VARIO 125 CBS ISS,15000.0
JASA PASANG 65000,VARIO 125 CBS,65000.0
SERVIS PAKET LENGKAP PERAWATAN MATIC PLUS,VARIO 125 CBS ISS,130000.0
VISIT FEE,BeAT Sporty CBS ISS,0.0
JASA PASANG 30000,BLADE,30000.0
JASA PASANG 15000,NEW SUPRA X 125 FI CW,11250.0
GANTI OLI PLUS PENGGANTIAN,BLADE,5000.0
JASA PASANG 30000,SUPRA X,30000.0
CEK NITROGEN BAN DEPAN 2000,SUPRA X 125 PGM FI CW DD,2000.0
PERBAIKAN KANVAS REM DEPAN * ABS,BEAT SPORTY CW,33000.0
JASA PASANG 30000,SPACY CW HELM IN FI,30000.0
PERBAIKAN BOHLAM LAMPU DEPAN / SOCKET ,NEW SCOOPY STYLISH,25000.0
JASA PASANG 50000,NEW BLADE 125 FI R STD,50000.0
JASA PASANG 25000,TIGER CAST WHEEL,25000.0
PERBAIKAN COM STEER,BEAT POP ESP CW COMIC,100000.0
PERBAIKAN SARINGAN UDARA,ALL NEW SCOOPY STYLISH,10000.0
PENGANTIAN OLI MESIN,PCX 160 CBS,8000.0
BONGKAR CVT ,PCX 160 CBS,57500.0
GOKIL (GANTI OLI KILAT),BEAT,0.0
JASA PASANG 100000,NEW PCX 150 CBS,100000.0
PENGGANTIAN BELT DRIVE / ROLLER,ALL NEW SCOOPY SPORTY,45000.0
PENGGANTIAN MASTER REM BELAKANG,CB150 VERZA CW,30000.0
SERVICE CVT,BEAT FI SW,50000.0
PAKET KURAS RADIATOR,REVO FIT FI,0.0
JASA PASANG 50000,MEGAPRO CW FI,50000.0
PERBAIKAN BOHLAM LAMPU DEPAN / SOCKET ,VARIO 110 CBS ISS,30000.0
PRESS FORK / SEGITIGA,VARIO 160 ABS,300000.0
JASA PASANG 110000,VARIO 160 ABS,110000.0
JASA CEK KILAT,NEW VARIO 125 CBS-ISS,1.0
SERVIS PAKET CVT PLUS,VARIO TECHNO 125 CBS ISS,39000.0
SERVIS PAKET LENGKAP PERAWATAN PLUS,SONIC 150R MATTE BLACK,100000.0
JASA PASANG 5000,SPACY CW HELM IN,5000.0
PERBAIKAN FUEL PUMP,VARIO 125 CBS,50000.0
PAKET SERVIS LENGKAP,ADV160 CBS,160000.0
SERVIS PAKET RINGAN PERAWATAN,BLADE R,65000.0
JASA PASANG 30000,PCX 150,30000.0
JASA PASANG 15000,VARIO 125 CBS-ISS MMC,10000.0
KPB 1,NEW VARIO 125 CBS-ISS,0.0
PERGANTIAN KANVAS REM BELAKANG,SUPRA X 125 CW MMC,25000.0
KPB 2,BEAT STREET CBS,0.0
JASA PASANG 30000,NEW SCOOPY SPORTY,30000.0
PAKET SIAP MUDIK 2025,NEW SCOOPY FASHION,50000.0
PAKET CEBAN,Genio CBS,10000.0
PAKET PAS,ALL NEW SCOOPY STYLISH,50000.0
PENGGANTIAN FUEL PUMP,NEW VARIO 125 CBS,30000.0
JASA PASANG KOMSTIR,NEW VARIO 150,125000.0
PENGGANTIAN BEARING DEPAN,BEAT FI CBS,20000.0
PENGGANTIAN SARINGAN UDARA,NEW SCOOPY FI,10000.0
PENGGANTIAN KANVAS REM BELAKANG,NEW SCOOPY FI,20000.0
JASA PASANG 15000,VARIO TECHNO 125 CBS ISS,10000.0
JASA PASANG 30000,KARISMA 125,30000.0
KURAS MINYAK REM,VARIO 150,35000.0
SERVIS PAKET LENGKAP PERAWATAN PLUS,CBR 150R ABS,143000.0
PAKET INJECTOR CLEANER,SUPRA X 125 R DD,25000.0
GOKIL (GANTI OLI KILAT),GENIO CBS,0.0
PERBAIKAN KABEL REM BELAKANG,VARIO TECHNO 125 FI ISS,20000.0
JASA PASANG 10000,PCX160 CBS,10000.0
JASA PASANG 45000,NEW BEAT CAST WHEEL,45000.0
JASA PASANG 45000,Beat Sporty,45000.0
JASA PASANG 30000,SUPRA X 125 R DD,30000.0
JASA PASANG 35000,KARISMA 125,35000.0
PAKET CEBAN,Genio CBS ISS,10000.0
PERBAIKAN CVT,VARIO TECHNO NON CBS,45000.0
JASA PASANG 150000,VARIO 125 CBS ISS,150000.0
PENGGANTIAN BELT DRIVE / ROLLER,BEAT STREET CBS,30000.0
PENGGANTIAN COM STEER,VARIO 160 CBS,69000.0
PENGGANTIAN GEAR SET ( DRIVE CHAIN KIT ),CBR 150R,50000.0
PERBAIKAN COM STEER,SONIC 150R HRR,25000.0
SERVIS PAKET LENGKAP PERAWATAN,SONIC 150R HRR,120000.0
PAKET PEMBERSIHAN CVT,PCX,30000.0
PENGGANTIAN SARINGAN UDARA,ALL NEW SCOOPY SPORTY,0.0
PAKET KURAS OLI SHOCK,CRF150L,55000.0
PAKET CEK REM GRATIS,BeAT Sporty DLX Smart Key,0.0
PENGGANTIAN AKI,SPACY CW HELM IN FI,15000.0
PERBAIKAN BOHLAM SOCKET HEADLIGHT,NEW VARIO,10000.0
SERVIS PAKET LENGKAP PERAWATAN PLUS,SUPRA FIT,85000.0
JASA PASANG 35000,SUPRA FIT,35000.0
JASA PASANG 50000,SUPRA FIT,50000.0
JASA PASANG 40000,New Vario 150,40000.0
PAKET KURAS OLI SHOCK,BeAT Sporty CBS ISS,25000.0
PAKET SERVIS GOLD,VARIO TECHNO 125 FI CBS,70000.0
PAKET INJECTOR CLEANER,BEAT FI CW,40000.0
JASA PASANG 60000,REVO FIT,60000.0
GANTI ACCU,BEAT SPORTY CW,5000.0
JASA PASANG 30000,VARIO 110 CBS,30000.0
JASA PASANG 110000,ADV160 CBS,110000.0
PERBAIKAN BAN BELAKANG,ALL NEW SCOOPY STYLISH,25000.0
JASA PASANG 115000,NEW PCX 150 ABS,115000.0
PAKET CEBAN,NEW SCOOPY STYLISH,10000.0
PENGGANTIAN GEAR SET ( DRIVE CHAIN KIT ),CB150R STREETFIRE,25000.0
PENGGANTIAN SHOCKBREAKER BELAKANG,VARIO 125 CBS ISS,30000.0
PERBAIKAN COM STEER,PCX 160 ABS,0.0
JASA PASANG 160000,NEW SCOOPY FASHION,160000.0
PENGGANTIAN OLI GARDAN,SCOOPY STYLISH,5000.0
PENGGANTIAN OLI MESIN,SCOOPY STYLISH,10000.0
PERBAIKAN STANDAR TENGAH,SCOOPY ESP,30000.0
PERBAIKAN BAN DEPAN,VARIO 150,30000.0
PERBAIKAN BAN BELAKANG,SUPRA X 125 CW MMC,25000.0
JASA PASANG 70000,ALL NEW SCOOPY STYLISH,70000.0
PENGGANTIAN SAKLAR DIMMER,BEAT SPORTY CW,10000.0
PENGGANTIAN FUEL PUMP,BeAT Sporty DLX Smart Key,55000.0
PERBAIKAN SARINGAN UDARA,BeAT Sporty DLX Smart Key,6600.0
JASA PASANG 25000,REVO X,25000.0
PAKET GOCENG,NEW PCX 150,5000.0
VISIT FEE,NEW SCOOPY PRESTIGE,0.0
PAKET KURAS TANGKI,SCOOPY FI,25000.0
PAKET INJECTOR CLEANER,SCOOPY FI,45000.0
PAKET PEMBERSIHAN CVT,SCOOPY FI,40000.0
JASA PASANG 100000,SCOOPY FI,100000.0
JASA PASANG 35000,PCX HYBRID,35000.0
PAKET SERVIS SILVER,VARIO 150,195000.0
PENGGANTIAN GEAR SET ( DRIVE CHAIN KIT ),REVO 110 SPOKE WHEEL,35000.0
PERBAIKAN KUNCI SET,Beat Sporty,50000.0
JASA PASANG 65000,REVO,65000.0
PERBAIKAN BAN DEPAN,CB150 VERZA CW,0.0
SERVICE CVT,NEW SCOOPY STYLISH,80000.0
PENGGANTIAN KANVAS REM BELAKANG,SUPRA X 125 CW,20000.0
JASA PASANG 55000,REVO 110 SPOKE WHEEL,55000.0
JASA PASANG 65000,BeAT Sporty DLX Smart Key,65000.0
PENGGANTIAN SEAL SHOCK BREAKER DEPAN,NEW PCX 150 CBS,50000.0
PASANG SHOCK BELAKANG,NEW PCX 150 CBS,50000.0
PENGGANTIAN AKI,NEW SCOOPY FI,15000.0
SERVICE BERKALA TYPE PCX,PCX 160 CBS,145000.0
PERBAIKAN KANVAS REM DEPAN * ABS,NEW BLADE R 125 FI,20000.0
PAKET CEK REM GRATIS,VARIO 150 SPORTY,0.0
PAKET MATIC 110-125,Beat Sporty,160000.0
PAKET SERVIS SILVER,REVO CW FI,130000.0
PENGGANTIAN OLI GARDAN,REVO CW FI,0.0
JASA PASANG 5000,NEW BLADE 125 FI R STD,5000.0
JASA PASANG 125000,BEAT FI CW,125000.0
JASA PASANG 30000,REVO 110 SPOKE WHEEL,30000.0
PENGGANTIAN MINYAK REM,REVO 110 SPOKE WHEEL,55000.0
PENGGANTIAN KANVAS REM BELAKANG,REVO 110 SPOKE WHEEL,30000.0
JASA PASANG 50000,BEAT SW FI MMC,50000.0
PENGGANTIAN AKI,BLADE,5000.0
JASA PASANG 10000,ADV160 CBS,10000.0
SERVIS PAKET LENGKAP PERAWATAN,NEW SUPRA GTR150 EXCLUSIVE,115000.0
PENGGANTIAN SARINGAN UDARA,NEW SUPRA GTR150 EXCLUSIVE,0.0
PENGGANTIAN FUEL PUMP,NEW VARIO TECHNO PGM FI,50000.0
JASA PASANG 5000,NEW PCX 150,5000.0
PAKET PASCA MUDIK MATIC,PCX 160 CBS,50000.0
JASA PASANG 30000,NEW SCOOPY STYLISH,30000.0
JASA PASANG 20000,NEW VARIO,20000.0
PERBAIKAN MASTER REM DEPAN,BeAT Sporty CBS,25000.0
SERVIS PAKET RINGAN PERAWATAN,Genio CBS ISS,50000.0
PENGGANTIAN BUSI,SUPRA X,5000.0
PERBAIKAN STANDAR TENGAH,VARIO TECHNO 125 FI ISS,20000.0
PENGGANTIAN GEAR BOX,VARIO FI,35000.0
JASA PASANG 40000,SCOOPY FI,40000.0
SERVIS PAKET RINGAN PERAWATAN,CBR 150R,65000.0
PENGGANTIAN OLI MESIN,BEAT POP ESP CBS-ISS,10000.0
PENGGANTIAN BUSI,SUPRA FIT,5000.0
PENGGANTIAN BAN BELAKANG,VARIO 125 CBS-ISS MMC,25000.0
GOKIL (GANTI OLI KILAT),SUPRA X 125 CW MMC,0.0
SERVIS PAKET LENGKAP PERAWATAN MATIC PLUS,PCX 160 CBS,155000.0
JASA PASANG 75000,NEW VARIO ESP CBS ADVANCE,75000.0
PENGGANTIAN OLI GARDAN,NEW VARIO ESP CBS ADVANCE,0.0
PAKET SERVICE LENGKAP,ADV160 ABS,165000.0
SERVICE BERKALA TYPE MATIC 110-125CC,BEAT SPORTY CBS ISS,95000.0
GANTI OLI PLUS PENGGANTIAN,NEW SCOOPY FASHION,10000.0
JASA PASANG 55000,BEAT FI SW,55000.0
PERBAIKAN BAN BELAKANG,NEW PCX 150 CBS,0.0
JASA PASANG 15000,CRF150L,15000.0
PENGGANTIAN OLI,BeAT Sporty CBS,0.0
PERBAIKAN BELT DRIVE / ROLLER,ADV160 ABS,140000.0
PERBAIKAN KANVAS REM DEPAN,VARIO TECHNO,30000.0
PERBAIKAN KANVAS REM BELAKANG,VARIO 150 MMC,20000.0
JASA PASANG 95000,VARIO 125 CBS ISS SP,95000.0
PENGGANTIAN FUEL PUMP,BEAT FI SW,65000.0
PENGGANTIAN RANTAI KETENG ,BEAT FI SW,150000.0
PERBAIKAN SARINGAN UDARA,PCX 160 ABS,0.0
SERVICE CVT,STYLO 160 CBS,85000.0
PENGGANTIAN BEARING BELAKANG,BeAT Sporty CBS,25000.0
PERBAIKAN KANVAS REM BELAKANG,SUPRA X 125 R DD,15000.0
PAKET KURAS MASTER REM,BEAT FI CBS,55000.0
PERBAIKAN COVER HANDLE GETAR,NEW BEAT CAST WHEEL,25000.0
JASA PASANG 45000,SCOOPY ENERGETIC,45000.0
PENGGANTIAN CVT,SCOOPY,50000.0
SPECIAL MATIC 50K,GENIO CBS ISS SE,50000.0
JASA PASANG 20000,NEW CB150R STREETFIRE,20000.0
JASA PASANG 255000,Genio CBS,250800.0
JASA PASANG 85000,BEAT FI SW,85000.0
SERVIS PAKET LENGKAP PERAWATAN PLUS,NEW SONIC 150R STANDARD,100000.0
PENGGANTIAN SHOCKBREAKER DEPAN,VARIO 125 CBS,45000.0
STEL KOMSTIR,VARIO 150,21000.0
SERVIS PAKET RINGAN PERAWATAN,GENIO CBS ISS,50000.0
JASA PASANG 185000,BeAT Sporty CBS ISS,182400.0
PENGGANTIAN MASTER REM DEPAN,CB150 VERZA CW,35000.0
GOKIL (GANTI OLI KILAT),VARIO 125 CBS,0.0
PENGGANTIAN OLI MESIN,NEW VARIO TECHNO CBS,0.0
JASA PASANG 20000,NEW VARIO TECHNO CBS,20000.0
PENGGANTIAN OLI GARDAN,NEW VARIO TECHNO CBS,0.0
JASA PASANG 35000,BEAT POP CW,35000.0
PENGGANTIAN SHOCKBREAKER BELAKANG,VARIO TECHNO 125 FI ISS,50000.0
PAKET SERVIS POS H1,ALL NEW SCOOPY SPORTY,60000.0
JASA PASANG 45000,SUPRA FIT,45000.0
PENGGANTIAN GEAR SET ( DRIVE CHAIN KIT ),REVO X,50000.0
PENGGANTIAN BAN DEPAN,REVO X,30000.0
GANTI OLI PLUS PENGGANTIAN,NEW VARIO,0.0
PAKET KURAS TANGKI,CB150R STREETFIRE,60000.0
JASA PASANG 70000,VARIO 125 CBS,70000.0
KPB 2,VARIO 125 CBS ISS SP,0.0
PENGGANTIAN KANVAS REM BELAKANG * ABS,BeAT Sporty CBS ISS Deluxe,0.0
PENGGANTIAN KANVAS REM BELAKANG * ( CAKRAM ),BeAT Sporty CBS ISS Deluxe,0.0
VISIT FEE,NEW VARIO 150,0.0
JASA PASANG 30000,NEW SCOOPY FI,30000.0
PAKET KURAS OLI SHOCK,SPACY CW HELM IN FI,100000.0
CASH ACCU,SPACY CW HELM IN FI,10000.0
PENGGANTIAN BUSI,BEAT POP ESP CW COMIC,10000.0
PENGGANTIAN BAN BELAKANG,CB150R,0.0
PAKET GOCENG,VARIO TECHNO,5000.0
PENGGANTIAN KANVAS REM DEPAN,STYLO 160 CBS,30000.0
PAKET SERVIS GOLD,STYLO 160 CBS,215000.0
PENGGANTIAN KANVAS REM BELAKANG,STYLO 160 CBS,35000.0
PERBAIKAN BODY COVER SET,REVO FIT,30000.0
JASA PASANG 90000,REVO X,90000.0
PAKET SERVIS PLATINUM,BEAT FI CW,130000.0
JASA PASANG 150000,VARIO 110 CBS ISS,150000.0
SERVIS PAKET LENGKAP PERAWATAN PLUS,ADV160 ABS,95000.0
STEELL rante,CB150R,25000.0
PERBAIKAN HEADLIGHT UNIT,BEAT FI CBS,30000.0
VISIT FEE,NEW SCOOPY STYLISH,0.0
PENGGANTIAN SHOCKBREAKER BELAKANG,Beat Sporty,25000.0
JASA PASANG 125000,VARIO 125 CBS ISS,125000.0
PERBAIKAN KUNCI SET,BEAT SPORTY CBS ISS,50000.0
PAKET CEBAN,SUPRA FIT,10000.0
PAKET KURAS RADIATOR,VARIO TECHNO 125 FI CBS,35000.0
JASA PASANG 65000,NEW PCX 150 ABS,65000.0
PERBAIKAN BOHLAM SOCKET HEADLIGHT,REVO 110 CAST WHEEL,10000.0
SERVIS PAKET LENGKAP PERAWATAN PLUS,VERZA SPOKE WHEEL,93000.0
JASA PASANG 250000,SUPRA FIT,250000.0
PERBAIKAN SARINGAN UDARA,VARIO 150,10000.0
PERBAIKAN COVER HANDLE GETAR,VARIO FI,20000.0
JASA CEK KILAT,VARIO 150,1.0
SERVIS PAKET CVT PLUS,ADV160 ABS,50000.0
PENGGANTIAN CVT,PCX,70000.0
PAKET KURAS MASTER REM,NEW VARIO 125 CBS,25000.0
PENGGANTIAN STANDAR TENGAH,NEW VARIO ESP CBS ISS ADVA,25000.0
PENGGANTIAN MINYAK REM,NEW SUPRA GTR150 SPORTY,25000.0
JASA PASANG 55000,ALL NEW SCOOPY STYLISH,55000.0
PERBAIKAN MASTER REM BELAKANG,CB150R STREETFIRE,25000.0
PROMO MERDEKA 1,BeAT Sporty CBS ISS,0.0
GENERAL CEK UP,VARIO CAST WHEEL,10000.0
PENGGANTIAN BEARING DEPAN,REVO FIT FI,36000.0
JASA PASANG 300000,NEW BEAT CAST WHEEL,300000.0
JASA PASANG 100000,BEAT FI SW,100000.0
JASA PASANG 100000,BEAT FI CBS,100000.0
PENGGANTIAN AKI,BEAT CW FI MMC,10000.0
SERVIS PAKET LENGKAP PERAWATAN,FORZA,0.0
PERBAIKAN STANDAR TENGAH,REVO,30000.0
PAKET KURAS OLI SHOCK,CB150R STREETFIRE,80000.0
JASA PASANG 5000,MEGAPRO CW FI,5000.0
PERBAIKAN MASTER REM BELAKANG,BEAT SPORTY CW,30000.0
PERBAIKAN BAN BELAKANG,NEW VARIO TECHNO PGM FI,50000.0
GANTI KARET GEAR ,REVO FIT,30000.0
PERBAIKAN BAN DEPAN,NEW VARIO 150,50000.0
PEMBERSIHAN FUEL TANK,STYLO 160 ABS,0.0
JASA PASANG 20000,SPACY CW HELM IN,20000.0
PENGGANTIAN BUSI,TIGER CAST WHEEL,15000.0
PENGGANTIAN AKI,BeAT Sporty DLX Smart Key,10000.0
JASA PASANG 75000,CB150R,75000.0
PENGGANTIAN SARINGAN UDARA,CRF150L,5000.0
PENGGANTIAN BUSI,CRF150L,10000.0
PAKET SERVIS PLATINUM,GENIO CBS,85000.0
PAKET GOCENG,VARIO 125 CBS-ISS MMC,5000.0
PENGGANTIAN OLI GARDAN,VARIO TECHNO,3000.0
JASA PASANG 10000,SUPRA X 125 DISK BRAKE,10000.0
PERBAIKAN MASTER REM BELAKANG,NEW PCX 150 CBS,30000.0
PAKET SIAP MUDIK 2025,SCOOPY STYLISH,50000.0
PENGGANTIAN KABEL KOPLING,VARIO 125 CBS,30000.0
PERGANTIAN OLI MESIN,VARIO 110 CBS,5000.0
JASA PASANG 100000,LEGENDA,100000.0
SERVIS PAKET LENGKAP PERAWATAN PLUS,SONIC 150R HRR,100000.0
SERVIS PAKET RINGAN PERAWATAN,GENIO CBS,50000.0
JASA PASANG 30000,SUPRA X 125 DISK BRAKE,30000.0
PAKET KURAS MASTER REM,BEAT POP CBS,25000.0
JASA PASANG 15000,BLADE S,15000.0
JASA PASANG 10000,SONIC 150R HRR,10000.0
JASA PASANG BOHLAM DEPAN,BEAT SPORTY CW,15000.0
JASA PASANG 75000,STYLO 160 ABS,75000.0
PENGGANTIAN BAN DEPAN,VARIO TECHNO 125 FI CBS,0.0
PENGGANTIAN BAN BELAKANG,NEW VARIO,0.0
PENGGANTIAN KANVAS REM DEPAN,VARIO TECHNO,15000.0
PENGGANTIAN GEAR SET ( DRIVE CHAIN KIT ),BLADE,45000.0
PAKET PAS,REVO,50000.0
PENGGANTIAN SARINGAN UDARA,PCX HYBRID,15000.0
JASA PASANG 35000,CB150R STREETFIRE,35000.0
JASA PASANG 30000,VARIO 125 CBS ISS SP,30000.0
PENGGANTIAN AKI,BEAT FI CBS,10000.0
JASA PASANG 160000,BEAT SW FI MMC,160000.0
JASA PASANG 20000,VARIO 160 ABS,20000.0
PERBAIKAN BELT DRIVE / ROLLER,ALL NEW SCOOPY STYLISH,35000.0
PENGGANTIAN BEARING DEPAN,SUPRA X 125 DISK BRAKE,34500.0
KPB 3,NEW SCOOPY FASHION,0.0
PERBAIKAN BELT DRIVE / ROLLER,CB150 VERZA CW,50000.0
JASA PASANG 185000,BeAT Sporty CBS ISS Deluxe,185000.0
PENGGANTIAN KANVAS REM DEPAN,CBR 150R STD,20000.0
SERVIS PAKET LENGKAP PERAWATAN,SUPRA X 125 DISK BRAKE,80000.0
JASA PASANG 10000,NEW SONIC 150R STANDARD,10000.0
JASA PASANG 235000,NEW SCOOPY FI,235000.0
JASA PASANG 65000,BeAT Sporty CBS,65000.0
JASA PASANG 55000,BEAT CBS FI MMC,55000.0
SERVIS PAKET LENGKAP PERAWATAN,SUPRA X 125-R,80000.0
PENGGANTIAN OLI MESIN,SUPRA X 125-R,5000.0
PAKET INJECTOR CLEANER,VARIO 150 MMC,50000.0
PAKET SPESIAL SERVIS MOTOR 2018,NEW PCX 150 CBS,105000.0
KPB 3,REVO X,0.0
PEMERIKSAAN KELISTRIKAN,VARIO 125 CBS ISS SP,35000.0
SETEL VELG BELAKANG,NEW BLADE R 125 FI,40000.0
JASA PASANG 75000,BEAT SPORTY CBS,75000.0
SERVIS PAKET LENGKAP PERAWATAN,SUPRA FIT,80000.0
PENGGANTIAN OLI GARDAN,STYLO 160 ABS,10000.0
PENGGANTIAN RANTAI KETENG ,BLADE,50000.0
JASA PASANG 40000,VARIO ESP CBS MMC,40000.0
SERVIS PAKET LENGKAP PERAWATAN PLUS,TIGER,95000.0
PERBAIKAN KABEL REM BELAKANG,BEAT STREET CBS,20000.0
SERVIS PAKET LENGKAP PERAWATAN PLUS,ADV160 CBS,170000.0
PENGGANTIAN RADIATOR COOLANT,VARIO 125 CBS-ISS MMC,36000.0
PENGGANTIAN BEARING DEPAN,BEAT,20000.0
SPECIAL MATIC 50K,NEW SCOOPY STYLISH,50000.0
PAKET SERVIS PLATINUM,BEAT CW FI MMC,150000.0
JASA PASANG 40000,VARIO 150 SPORTY,40000.0
PAKET KURAS RADIATOR,MEGAPRO CW FI,35000.0
PAKET RESET FI,SPACY CW HELM IN FI,35000.0
JASA PASANG 60000,NEW VARIO 150,60000.0
PAKET GOCENG,NEW SCOOPY FASHION,5000.0
SERVIS PAKET LENGKAP PERAWATAN,SCOOPY STYLISH,85000.0
GANTI BOS SHOCK BELAKANG,Beat Sporty,13500.0
PENGGANTIAN AKI,REVO X,10000.0
PENGGANTIAN BOHLAM LAMPU DEPAN / SOCKET ,NEW SUPRA X 125 CW FI MMC,15000.0
JASA PASANG 15000,NEW CB150R STREETFIRE,15000.0
PENGGANTIAN BELT DRIVE / ROLLER,VARIO 150 SPORTY,50000.0
BONGKAR CVT,VARIO 125 CBS MMC,35000.0
JASA PASANG 20000,SUPRA FIT,20000.0
JASA PASANG 30000,NEW BEAT CAST WHEEL,30000.0
JASA PASANG 160000,PCX 160 CBS,160000.0
KPB 4,ALL NEW SCOOPY SPORTY,0.0
JASA PASANG 135000,PCX 160 CBS,135000.0
PAKET CEK REM GRATIS,BEAT SPORTY CBS ISS,0.0
PENGGANTIAN BUSI,SONIC 150R,10000.0
JASA PASANG 150000,BEAT SPORTY CBS,150000.0
PAKET KURAS MASTER REM,BEAT FI CW,55000.0
PENGGANTIAN BAN BELAKANG,VARIO FI,15000.0
PAKET KURAS RADIATOR,VARIO FI,25000.0
PENGGANTIAN SEAL MAGNET,VARIO 125 CBS-ISS MMC,150000.0
PENGGANTIAN MASTER REM DEPAN,VARIO 125 CBS ISS,35000.0
PERBAIKAN KELISTRIKAN,VARIO 160 ABS,50000.0
JASA PASANG 65000,Beat Sporty,65000.0
PENGGANTIAN SEAL MAGNET,NEW SCOOPY FASHION,25000.0
JASA PASANG 55000,PCX 160 CBS,55000.0
PENGGANTIAN STANG,BEAT STREET,50000.0
PAKET CEK REM GRATIS,Beat Sporty,0.0
SERVICE LENGKAP,NEW PCX 150 ABS,162000.0
JASA PASANG 60000,REVO CW FI,60000.0
JASA PASANG 15000,PCX 150,15000.0
PENGGANTIAN FUEL PUMP,NEW SUPRA X 125 CW FI MMC,50000.0
PAKET KURAS MASTER REM,REVO FIT FI,35000.0
PENGGANTIAN GEAR SET ( DRIVE CHAIN KIT ),VERZA CAST WHEEL,45000.0
JASA PASANG 15000,SUPRA X 125 SW MMC,15000.0
PENGGANTIAN COM STEER,BEAT STREET CBS,105000.0
PERBAIKAN SARINGAN UDARA,CB150R STREETFIRE SPECIAL,0.0
PENGGANTIAN BUSI,CBR 150R,10000.0
JASA PASANG KABEL GAS ,BEAT SPORTY CW,50000.0
KPB 3,BEAT STREET CBS,0.0
PERBAIKAN MASTER REM DEPAN,CB150R STREETFIRE SPECIAL,25000.0
JASA PASANG 70000,CRF150L,70000.0
PERBAIKAN KANVAS REM DEPAN,SCOOPY,25000.0
PERBAIKAN COM STEER,SCOOPY,25000.0
PERBAIKAN KABEL KOPLING,SCOOPY,25000.0
JASA PASANG 150000,NEW VARIO 125 CBS,150000.0
PERBAIKAN KANVAS REM BELAKANG,NEW MEGA PRO CW,25000.0
SAFETY CHECK,BLADE,1000.0
PAKET GOCENG,ADV150 ABS,5000.0
PENGGANTIAN COM STEER,PCX 160 CBS,160000.0
PERBAIKAN KABEL REM BELAKANG,BEAT POP CW,20000.0
SERVIS PAKET CVT PLUS,SPACY CW HELM IN FI,50000.0
JASA PASANG 35000,BEAT FI CBS,35000.0
PAKET SERVIS LENGKAP NEW SCOOPY,NEW SCOOPY PRESTIGE,118000.0
PENGGANTIAN BEARING DEPAN,NEW SCOOPY PRESTIGE,30000.0
PAKET SERVIS PLATINUM,BEAT SPORTY CW,125000.0
JASA PASANG 10000,GENIO CBS ISS SE,10000.0
PENGGANTIAN SEAL SHOCK BREAKER DEPAN,NEW VARIO,45000.0
JASA PASANG BAUT 3000,BEAT SPORTY CW,3000.0
PAKET KURAS OLI SHOCK,SUPRA X 125 HELM IN FI,65000.0
PENGGANTIAN MINYAK REM,BeAT Sporty CBS ISS,45000.0
PENGGANTIAN BOHLAM LAMPU DEPAN / SOCKET ,VARIO TECHNO 125 CBS ISS,15000.0
JASA PASANG AKI,VARIO 160 ABS,10000.0
PAKET CEK REM GRATIS,BEAT FI CBS,0.0
JASA PASANG 100000,VARIO 160 CBS,100000.0
PENGGANTIAN KANVAS KOPLING,VARIO 150 MMC,50000.0
PAKET GOCENG,PCX 150,5000.0
JASA PASANG 185000,BEAT FI CBS,185000.0
PERBAIKAN,CB150X SE,35000.0
PERBAIKAN CVT,BEAT FI CBS,70000.0
PAKET RESET FI,BEAT POP CW,50000.0
PAKET INJECTOR CLEANER,BEAT STREET CBS,75000.0
JASA PASANG 10000,SUPRA FIT DISKBRAKE,10000.0
PAKET SERVIS SILVER,PCX 160 CBS,195000.0
SETEL VELG DEPAN,PCX,40000.0
PERBAIKAN KANVAS REM BELAKANG * ( CAKRAM ),NEW SUPRA X 125 CW FI MMC,0.0
PERBAIKAN KANVAS REM BELAKANG * ABS,NEW SUPRA X 125 CW FI MMC,0.0
JASA PASANG 15000,PCX HYBRID,15000.0
JASA PASANG 5000,PCX HYBRID,5000.0
PAKET CEK REM GRATIS,NEW VARIO 150,0.0
PENGGANTIAN KANVAS KOPLING,VARIO 150 SPORTY,68000.0
JASA PASANG 5000,NEW VARIO ESP CBS ISS ADVA,5000.0
PENGGANTIAN STANG,SCOOPY FI,65000.0
PENGGANTIAN GEAR SET ( DRIVE CHAIN KIT ),NEW VARIO 125 CBS,0.0
SAFETY CHECK,REVO 110 CAST WHEEL,1000.0
PENGGANTIAN BEARING DEPAN,VARIO TECHNO,35000.0
PENGGANTIAN BELT DRIVE / ROLLER,ALL NEW SCOOPY STYLISH,45000.0
PAKET SERVIS PLATINUM,VARIO 150,188000.0
PENGGANTIAN KANVAS REM DEPAN,BEAT CBS FI MMC,15000.0
SERVIS PAKET LENGKAP PERAWATAN PLUS,BEAT CBS FI MMC,78750.0
JASA PASANG 300000,REVO 110 SPOKE WHEEL,300000.0
PENGGANTIAN MINYAK REM,ADV160 ABS,23000.0
PERBAIKAN BELT DRIVE / ROLLER,ALL NEW CBR150R,0.0
JASA CEK KILAT,VARIO 160 ABS,1.0
JASA PASANG 25000,NEW VARIO 125 CBS-ISS,25000.0
PAKET GOCENG,VARIO ESP CBS ADV MMC,5000.0
JASA PASANG 105000,VARIO 150 MMC,105000.0
JASA PASANG 215000,NEW SCOOPY FASHION,215000.0
JASA PASANG 185000,BEAT FI CW,185000.0
PAKET GOCENG,SUPRA X 125-R,5000.0
PENGGANTIAN RANTAI KETENG ,BEAT FI CW,150000.0
PENGGANTIAN FUEL PUMP,BEAT FI CW,65000.0
SAFETY CHECK,REVO 110 SPOKE WHEEL,1000.0
JASA PASANG 45000,SCOOPY FI,45000.0
PAKET SERVIS PLATINUM,VARIO 125 CBS,0.0
KPB 4,REVO FIT,0.0
JASA PASANG 210000,VARIO 160 CBS,210000.0
PENGGANTIAN OLI GARDAN,VARIO 150 SPORTY,5000.0
PAKET SERVIS SILVER,VARIO 150 SPORTY,195000.0
PENGGANTIAN CVT,NEW PCX 150 CBS,80000.0
PENGGANTIAN BEARING DEPAN,GENIO CBS,30000.0
JASA PASANG 35000,VARIO TECHNO NON CBS,35000.0
PENGGANTIAN MASTER REM DEPAN,BeAT Sporty CBS ISS,45000.0
SERVIS PAKET LENGKAP PERAWATAN,PCX160 RoadSync,120000.0
PERBAIKAN MASTER REM DEPAN,NEW CB150R STREETFIRE,25000.0
PERBAIKAN COVER HANDLE GETAR,BEAT SPORTY CW,25000.0
JASA PASANG 30000,BEAT,30000.0
PAKET SERVIS PLATINUM,NEW SCOOPY SPORTY,125000.0
PENGGANTIAN KANVAS REM DEPAN,NEW SCOOPY SPORTY,35000.0
PENGGANTIAN JARI - JARI / GANTI TROMOL,BEAT SPORTY CW,0.0
PENGGANTIAN SHOCKBREAKER BELAKANG,BEAT SPORTY CW,25000.0
PERBAIKAN SARINGAN UDARA,ALL NEW CBR 150R,0.0
SPECIAL MATIC 39K,VARIO 160 ABS,39000.0
JASA PASANG 30000,VARIO 150 SPORTY,30000.0
PERBAIKAN HEADLIGHT UNIT,VARIO 125 CBS ISS,15000.0
PERBAIKAN STANDAR TENGAH,NEW CB150R STREETFIRE,0.0
PENGGANTIAN MASTER REM DEPAN,VARIO 110 CBS,27000.0
PAKET KURAS MASTER REM,NEW PCX 150 CBS,20000.0
PAKET KURAS MASTER REM,BEAT POP CW,25000.0
PERBAIKAN KANVAS REM BELAKANG,VARIO 110 CBS,35000.0
PENGGANTIAN BUSI,VARIO FI,15000.0
PENGGANTIAN MINYAK REM,VARIO 125 CBS MMC,10000.0
SERVIS PAKET RINGAN PERAWATAN,BLADE S,55000.0
PENGGANTIAN KAMPASS REM DEPAN,CB150R STREETFIRE,40000.0
PEMERIKSAAN KELISTRIKAN,Genio CBS,50000.0
SERVIS PAKET RINGAN PERAWATAN,Genio CBS,75000.0
KPB 2,NEW PCX 150 ABS,0.0
PAKET KURAS MASTER REM,VARIO FI,55000.0
SPECIAL MATIC 50K,VARIO FI,50000.0
PENGGANTIAN SARINGAN OLI,ALL NEW CBR 150R,50000.0
PENGGANTIAN SARINGAN OLI,NEW VARIO TECHNO PGM FI,0.0
PROMO MERDEKA 1,BEAT FI CBS,0.0
PAKET 4 CBU/BEBEK,SUPRA X 125 HELM IN FI,110000.0
PAKET KURAS TANGKI,SONIC 150R,50000.0
PENGGANTIAN KANVAS REM DEPAN,VARIO 150 SPORTY NEW ACC,25000.0
SERVIS PAKET LENGKAP PERAWATAN,VARIO 150 SPORTY NEW ACC,160000.0
JASA PASANG 110000,NEW SCOOPY STYLISH,110000.0
PEMERIKSAAN LAIN - LAIN,VARIO 125 CBS,0.0
JASA PASANG 5000,NEW SUPRA X 125 FI CW,5000.0
JASA PASANG 150000,Beat Sporty,150000.0
JASA PASANG 25000,ADV150 CBS,25000.0
JASA PASANG 40000,NEW BEAT CAST WHEEL,40000.0
JASA PASANG 45000,VARIO TECHNO NON CBS,45000.0
SAFETY CHECK,SUPRA X 125 R DD,1000.0
PENGGANTIAN RANTAI KETENG ,REVO FIT FI,80000.0
KPB 1,CUV e: RoadSync Duo,0.0
JASA PASANG 55000,NEW PCX 150 CBS,55000.0
JASA PASANG 40000,NEW PCX 150 CBS,40000.0
PAKET KURAS TANGKI,ALL NEW CBR150R,60000.0
PERBAIKAN STANG,NEW CB150R STREETFIRE,25000.0
PEMERIKSAAN KELISTRIKAN,BEAT CBS FI MMC,50000.0
PENGGANTIAN OLI GARDAN,BEAT CBS FI MMC,5000.0
PERBAIKAN MASTER REM DEPAN,SCOOPY ESP,30000.0
JASA PASANG 30000,NEW VARIO,30000.0
PEMERIKSAAN KELISTRIKAN,NEW BEAT SPOKE WHEEL,50000.0
PENGGANTIAN BAN BELAKANG,VARIO 110 CBS,35000.0
PENGGANTIAN FUEL PUMP,VARIO 110 CBS,55000.0
PENGGANTIAN RANTAI KETENG ,VARIO 110 CBS,120000.0
PEMERIKSAAN KELISTRIKAN,VARIO 160 ABS,75000.0
PERBAIKAN BAN DEPAN,SCOOPY ESP,30000.0
SERVIS PAKET LENGKAP PERAWATAN,NEW SCOOPY FASHION JKT,111000.0
JASA PASANG 125000,REVO 110 SPOKE WHEEL,125000.0
PENGGANTIAN MINYAK REM,PCX 160 ABS,15000.0
PENGGANTIAN BAN BELAKANG,VARIO 160 CBS,0.0
PENGGANTIAN FUEL PUMP,VARIO 160 CBS,0.0
PENGGANTIAN RANTAI KETENG ,VARIO 160 CBS,0.0
PENGGANTIAN OLI MESIN,ADV 160 ABS,0.0
PENGGANTIAN DAMPER / KARET TROMOL,BEAT FI CBS,15000.0
BONGKAR CVT,VARIO 125 CBS,35000.0
BONGKAR MESIN,GENIO CBS,350000.0
SERVIS PAKET LENGKAP PERAWATAN,PCX 160 e:HEV,0.0
PENGGANTIAN OLI MESIN,PCX 160 e:HEV,0.0
PENGGANTIAN SARINGAN UDARA,PCX 160 e:HEV,0.0
PAKET CEBAN,REVO DISK BRAKE,10000.0
PAKET KURAS MASTER REM,VARIO 125 CBS,55000.0
JASA PASANG 30000,CB150 VERZA CW,30000.0
PENGGANTIAN OLI MESIN,SUPRA X 125 DISK BRAKE,0.0
PERBAIKAN BOHLAM SOCKET HEADLIGHT,SUPRA X 125 CW MMC,25000.0
PENGGANTIAN BELT DRIVE / ROLLER,BeAT Sporty CBS ISS,40000.0
JASA PASANG 160000,VARIO 160 CBS,160000.0
PENGGANTIAN KANVAS KOPLING,CB150R STREETFIRE,84000.0
PENGGANTIAN SARINGAN UDARA,NEW CBR250RR ABS,10000.0
PENGGANTIAN OLI MESIN,NEW CBR250RR ABS,5000.0
JASA PASANG 10000,SUPRA X,10000.0
JASA PASANG 15000,NEW SCOOPY SPORTY,15000.0
PENGGANTIAN AKI,VARIO TECHNO 125 FI ISS,15000.0
PENGGANTIAN KANVAS REM BELAKANG * ( CAKRAM ),PCX 160 CBS,20000.0
PAKET SERVICE LENGKAP  INJECTOR + STEAM,BeAT Sporty CBS ISS Deluxe,170000.0
PENGGANTIAN BUSI,BEAT CBS FI MMC,5000.0
SPECIAL MATIC 50K,PCX 160 ABS,50000.0
JASA PENGECEKAN,ALL NEW SCOOPY STYLISH,50000.0
PAKET RESET FI,ADV160 CBS,25000.0
JASA PASANG 145000,NEW VARIO 150,145000.0
PAKET PEMBERSIHAN CVT,VARIO FI,15000.0
BONGKAR PASANG GARDAN,NEW SCOOPY PRESTIGE,80000.0
Pembersihan CVT ,BeAT Sporty DLX Smart Key,50000.0
JASA PASANG 25000,KARISMA 125,25000.0
SERVICE GRATIS (CSR),VARIO TECHNO 125 FI CBS,0.0
PAKET KURAS TANGKI,ADV150 CBS,60000.0
PENGGANTIAN AKI,ADV150 CBS,20000.0
JASA PASANG 75000,VARIO 160 ABS,75000.0
JASA PASANG 70000,REVO 110 SPOKE WHEEL,0.0
CEK AJAH DULU,NEW VARIO 150,0.0
PAKET PEMBERSIHAN CVT,NEW VARIO ESP CBS,30000.0
PENGGANTIAN COM STEER,NEW PCX 150 CBS,190900.0
SERVIS PAKET LENGKAP PERAWATAN SUPER HEMAT,SUPRA X 125 CW MMC,235000.0
PENGGANTIAN KANVAS REM DEPAN,PCX HYBRID,0.0
PENGGANTIAN RANTAI KETENG ,PCX HYBRID,0.0
PENGGANTIAN KANVAS REM BELAKANG,PCX HYBRID,0.0
PENGGANTIAN BUSI,PCX HYBRID,0.0
PENGGANTIAN FUEL PUMP,PCX HYBRID,0.0
PAKET KURAS MASTER REM,VARIO 150,20000.0
PENGGANTIAN BAN BELAKANG,NEW MEGA PRO CW,20000.0
PENGGANTIAN SARINGAN UDARA,REVO FIT FI,5000.0
PENGGANTIAN BUSI,REVO FIT FI,15000.0
JASA PASANG 35000,NEW SUPRA X 125 CW FI MMC,35000.0
PENGGANTIAN SARINGAN UDARA,VARIO 125 CBS-ISS MMC,10000.0
PENGGANTIAN MINYAK REM,VARIO FI,35000.0
PAKET PEMBERSIHAN CVT,PCX 150,40000.0
JASA PASANG 45000,REVO SW FI,0.0
JASA PASANG 35000,New Vario 150,35000.0
PENGGANTIAN KANVAS REM DEPAN,New Vario 150,25000.0
PENGGANTIAN BEARING BELAKANG,REVO FIT FI,25000.0
PROMO CAD1,NEW VARIO TECHNO PGM FI,1000.0
JASA PASANG 215000,NEW SCOOPY STYLISH,215000.0
JASA PASANG 125000,VARIO 125 CBS,125000.0
CEK AJA DULU,New Vario 150,0.0
JASA PASANG 5000,New Vario 150,5000.0
PENGGANTIAN SEAL SHOCK BREAKER DEPAN,PCX 160 ABS,70000.0
PENGGANTIAN BEARING DEPAN,PCX 160 ABS,35000.0
SERVIS LENGKAP ,NEW SCOOPY PRESTIGE,102750.0
JASA PASANG 55000,VARIO 110 CBS,55000.0
JASA PASANG 15000,NEW CBR 150R STD,15000.0
PENGGANTIAN BAN BELAKANG,CRF150L,0.0
JASA PASANG 150000,ADV160 CBS,150000.0
JASA PASANG 300000,PCX 160 CBS,300000.0
PAKET KURAS MASTER REM,BEAT CW FI MMC,55000.0
PEMERIKSAAN KELISTRIKAN,VARIO 150 SPORTY,50000.0
PAKET PEMBERSIHAN CVT,VARIO TECHNO 125 CBS ISS,35000.0
PAKET CEBAN,CB150R STREETFIRE SPECIAL,10000.0
JASA PASANG 55000,PCX 160 ABS,55000.0
GANTI OLI PLUS PENGGANTIAN,SCOOPY STYLISH,0.0
GANTI OLI PLUS PENGGANTIAN,VARIO TECHNO 125 FI ISS,0.0
PENGGANTIAN MASTER REM BELAKANG,BEAT SPORTY CW,55000.0
PAKET SERVIS PLATINUM,PCX160 RoadSync,120000.0
JASA PASANG 45000,ADV150 CBS,45000.0
PENGGANTIAN SARINGAN UDARA,VARIO 160 CBS,10000.0
PAKET CEK REM GRATIS,NEW VARIO 125 CBS-ISS,0.0
JASA PASANG 130000,REVO FIT,128000.0
PENGGANTIAN AKI,ALL NEW CBR 150R,10000.0
PENGGANTIAN COM STEER,GENIO CBS ISS,75000.0
PENGGANTIAN BAN DEPAN,GENIO CBS ISS,20000.0
PENGGANTIAN BAN BELAKANG,GENIO CBS ISS,20000.0
PERBAIKAN CVT,REVO FIT FI,0.0
SERVIS PAKET CVT PLUS,BEAT POP CW,50000.0
JASA PASANG 15000,SUPRA X 125 PGM FI CW DD,15000.0
JASA PASANG 35000,VARIO CAST WHEEL,35000.0
PERBAIKAN MASTER REM BELAKANG,BEAT FI CW,55000.0
JASA PASANG 120000,SUPRA GTR 150,120000.0
PAKET CEBAN,FORZA,10000.0
PAKET KURAS MASTER REM,ADV150 CBS,55000.0
VISIT FEE,ALL NEW SCOOPY SPORTY,0.0
PENGGANTIAN HEADLIGHT UNIT,BeAT Sporty CBS ISS Deluxe,30000.0
KURAS MINYAK REM,NEW SUPRA X 125 FI SW,20000.0
PENGGANTIAN RANTAI KETENG ,NEW SUPRA X 125 FI SW,50000.0
PENGGANTIAN BUSI,NEW SUPRA X 125 FI SW,10000.0
PENGGANTIAN BAN BELAKANG,NEW SUPRA X 125 FI SW,25000.0
PENGGANTIAN KANVAS REM DEPAN,NEW SUPRA X 125 FI SW,25000.0
PENGGANTIAN BAN DEPAN,NEW SUPRA X 125 FI SW,25000.0
PENGGANTIAN FUEL PUMP,NEW SUPRA X 125 FI SW,25000.0
PENGGANTIAN GEAR SET ( DRIVE CHAIN KIT ),NEW SUPRA X 125 FI SW,25000.0
JASA PASANG 5000,NEW SONIC 150R SPECIAL,500.0
PENGGANTIAN OLI MESIN,REVO DISK BRAKE,7000.0
SERVIS PAKET RINGAN PERAWATAN,PCX,85000.0
PAKET KURAS TANGKI,NEW BEAT CAST WHEEL,35000.0
JASA PASANG 25000,REVO CW,25000.0
PERBAIKAN FUEL PUMP,VARIO FI,25000.0
PENGGANTIAN STANDAR TENGAH,VARIO 160 ABS,45000.0
PENGGANTIAN KANVAS REM DEPAN,VARIO 160 ABS,30000.0
PENGGANTIAN MASTER REM DEPAN,ALL NEW SCOOPY SPORTY,25000.0
JASA PASANG 300000,VARIO TECHNO NON CBS,300000.0
JASA PASANG 65000,VARIO 150 SPORTY,0.0
PENGGANTIAN BAN BELAKANG,REVO X,0.0
SERVIS PAKET CVT PLUS,ADV 160 ABS,50000.0
PENGGANTIAN SEAL SHOCK BREAKER DEPAN,NEW BLADE R 125 FI,45000.0
JASA PASANG 15000,ADV750 ED,15000.0
PERBAIKAN KABEL KOPLING,NEW BEAT CAST WHEEL,0.0
JASA PASANG 25000,Verza,25000.0
PENGGANTIAN AKI,NEW VARIO ESP CBS,0.0
PERBAIKAN BAN BELAKANG,NEW VARIO 125 CBS-ISS,25000.0
JASA PASANG 80000,PCX 160 ABS,80000.0
PENGGANTIAN KANVAS REM BELAKANG,SUPRA X 125 HELM IN FI,30000.0
SERVIS PAKET RINGAN PERAWATAN,REVO AT,75000.0
PRESS FORK / SEGITIGA,VARIO 150 MMC,180000.0
PENGGANTIAN COM STEER,VARIO 150 MMC,125000.0
PENGGANTIAN BOHLAM LAMPU DEPAN / SOCKET ,REVO SW FI,10000.0
JASA PASANG 215000,NEW PCX 150 CBS,215000.0
"PAKET PASCA MUDIK CUB, SPORT",SUPRA X 125 CW MMC,60000.0
SERVIS TUNE UP,ADV160 ABS,50000.0
PENGGANTIAN OLI MESIN,VARIO 150 SPORTY NEW ACC,5000.0
JASA PASANG 90000,BeAT Sporty CBS ISS Deluxe,90000.0
JASA PASANG 55000,STYLO 160 ABS,55000.0
SERVIS PAKET LENGKAP PERAWATAN PLUS,NEW VARIO CBS PGM FI,100000.0
GANTI OLI PLUS PENGGANTIAN,PCX 160 ABS,0.0
JASA PASANG 45000,VARIO 110 CBS,45000.0
PENGGANTIAN BAN BELAKANG,NEW VARIO 125 CBS ISS,30000.0
KPB 4,SUPRA X 125 SW MMC,0.0
PENGGANTIAN AKI,NEW BLADE R 125 FI,10000.0
PENGGANTIAN BAN DEPAN,NEW BLADE R 125 FI,25000.0
PENGGANTIAN RANTAI KETENG ,NEW BLADE R 125 FI,50000.0
PENGGANTIAN BAN BELAKANG,NEW BLADE R 125 FI,25000.0
PENGGANTIAN FUEL PUMP,NEW BLADE R 125 FI,25000.0
PENGGANTIAN KANVAS REM BELAKANG,NEW BLADE R 125 FI,25000.0
PENGGANTIAN KANVAS REM DEPAN,NEW BLADE R 125 FI,25000.0
KURAS MINYAK REM,NEW BLADE R 125 FI,20000.0
PENGGANTIAN GEAR SET ( DRIVE CHAIN KIT ),NEW BLADE R 125 FI,35000.0
PERBAIKAN CVT,NEW VARIO 125 CBS-ISS,20000.0
PENGGANTIAN RADIATOR COOLANT,VARIO TECHNO 125 CBS ISS,20000.0
JASA PASANG 35000,PCX,35000.0
KURAS MINYAK REM,NEW VARIO 150,25000.0
PENGGANTIAN RANTAI KETENG ,NEW VARIO 150,30000.0
PENGGANTIAN BELT DRIVE / ROLLER,NEW VARIO 150,40000.0
PENGGANTIAN FUEL PUMP,NEW VARIO 150,35000.0
PENGGANTIAN BAN DEPAN,NEW VARIO 150,25000.0
PENGGANTIAN FUEL PUMP,CB150 VERZA CW,35000.0
PENGGANTIAN SARINGAN UDARA,VARIO TECHNO 125 FI CBS,10000.0
JASA PASANG 80000,VERZA CAST WHEEL,0.0
JASA PASANG 35000,NEW CB150R STREETFIRE,35000.0
CEK AJA DULU,NEW VARIO 125 CBS ISS,1000.0
GANTI OLI PLUS PENGGANTIAN,REVO 110 SPOKE WHEEL,0.0
PENGGANTIAN KANVAS REM DEPAN,New Supra GTR150 Exclusive,10000.0
PENGGANTIAN RANTAI KETENG ,New Supra GTR150 Exclusive,0.0
KURAS MINYAK REM,New Supra GTR150 Exclusive,0.0
PENGGANTIAN BAN BELAKANG,New Supra GTR150 Exclusive,0.0
PENGGANTIAN GEAR SET ( DRIVE CHAIN KIT ),New Supra GTR150 Exclusive,25000.0
PENGGANTIAN BUSI,New Supra GTR150 Exclusive,0.0
PENGGANTIAN AKI,New Supra GTR150 Exclusive,10000.0
PENGGANTIAN OLI MESIN,New Supra GTR150 Exclusive,0.0
PENGGANTIAN BAN DEPAN,New Supra GTR150 Exclusive,0.0
PENGGANTIAN KANVAS REM BELAKANG,New Supra GTR150 Exclusive,0.0
PENGGANTIAN FUEL PUMP,New Supra GTR150 Exclusive,0.0
PENGGANTIAN RADIATOR COOLANT,New Supra GTR150 Exclusive,0.0
PERBAIKAN BOHLAM SOCKET HEADLIGHT,BEAT STREET,15000.0
PEMBERSIHAN CVT,VARIO 160 CBS,30000.0
PERBAIKAN DAMPER / KARET TROMOL,ALL NEW SCOOPY STYLISH,15000.0
PAKET PEMBERSIHAN CVT,CRF150L,50000.0
JASA PASANG 45000,VARIO FI,45000.0
PROMO CAD1,SPACY CW HELM IN FI,1000.0
PENGGANTIAN BAN BELAKANG,VARIO TECHNO 125 CBS ISS,15000.0
JASA PASANG 210000,BeAT Sporty CBS ISS Deluxe,210000.0
PENGGANTIAN BELT DRIVE / ROLLER,NEW VARIO 125 CBS ISS,45000.0
JASA PASANG 15000,CB500X,15000.0
SERVICE PERAWATAN BERKALA,ALL NEW SCOOPY SPORTY,110000.0
JASA PASANG 120000,VARIO 110 CBS,120000.0
PERBAIKAN KANVAS REM BELAKANG,BEAT STREET,15000.0
PAKET SIAP MUDIK 2024,ADV150 CBS,200000.0
JASA PASANG 70000,New Vario 150,70000.0
PENGGANTIAN BAN DEPAN,SONIC 150R MATTE BLACK,35000.0
PENGGANTIAN COM STEER,BEAT FI CW,105000.0
LCR GANTI,NEW SCOOPY STYLISH,0.0
GANTI OLI PLUS PENGGANTIAN,SUPRA FIT DISKBRAKE,5000.0
PENGGANTIAN COM STEER,Beat Sporty,65000.0
JASA PASANG 15000,CMX500 REBEL,15000.0
PAKET GOCENG,BEAT POP CBS ISS,5000.0
PERBAIKAN COM STEER,BEAT STREET,50000.0
JASA PASANG 170000,SCOOPY FI,170000.0
JASA PASANG 20000,VARIO 125 CBS MMC,20000.0
PENGGANTIAN STANDAR TENGAH,NEW VARIO 125 CBS,25000.0
JASA PASANG 50000,NEW VARIO 150,50000.0
JASA PASANG 10000,BEAT POP CBS,10000.0
PENGGANTIAN RADIATOR COOLANT,NEW PCX 150,25000.0
PAKET SIAP MUDIK 2025,NEW VARIO TECHNO PGM FI,50000.0
PENGGANTIAN OLI GARDAN / OIL FINAL GEAR,BeAT Sporty CBS ISS,8000.0
PENGGANTIAN KANVAS REM BELAKANG * ( CAKRAM ),NEW VARIO 150,20000.0
PENGGANTIAN SARINGAN UDARA,PCX 150,5000.0
KPB 3,ALL NEW SCOOPY STYLISH,0.0
JASA PASANG 75000,VARIO 150 SPORTY,75000.0
JASA PASANG 5000,SUPRA X 125 PGM FI,5000.0
PENGGANTIAN RANTAI KETENG ,NEW PCX 150 CBS,0.0
PENGGANTIAN FUEL PUMP,NEW PCX 150 CBS,0.0
SERVICE PAKET LENGKAP,CB150R STREETFIRE,90000.0
JASA PASANG 175000,VARIO CAST WHEEL,175000.0
JASA PASANG 200000,PCX160 ABS,200000.0
PENGGANTIAN OLI GARDAN,BEAT POP CBS,5000.0
PERBAIKAN BOHLAM SOCKET HEADLIGHT,SUPRA X 125 HELM IN FI,15000.0
PENGGANTIAN OLI GARDAN,BLADE,0.0
PENGGANTIAN SARINGAN OLI,VARIO 125 CBS-ISS MMC,0.0
PEMERIKSAAN LAIN - LAIN,MEGAPRO CW FI,1000.0
CEK AJA DULU,BEAT POP CW,1000.0
INFUS INJECTOR,BEAT CW FI MMC,50000.0
PAKET SERVIS SILVER,BeAT Street,195000.0
PROMO MERDEKA 1,BeAT Sporty DLX Smart Key,0.0
KURAS MINYAK REM,VARIO 125 CBS ISS,25000.0
PENGGANTIAN BELT DRIVE / ROLLER,VARIO 125 CBS ISS,40000.0
PENGGANTIAN FUEL PUMP,VARIO 125 CBS ISS,35000.0
PENGGANTIAN RANTAI KETENG ,VARIO 125 CBS ISS,30000.0
KPB 4,BEAT SPORTY CBS ISS,0.0
PAKET GOCENG,VARIO TECHNO 125 CBS ISS,5000.0
KPB 2,NEW SUPRA GTR150 SPORTY,0.0
CEK AJA DULU,NEW BEAT CAST WHEEL,1000.0
KPB 1,BEAT CBS FI MMC,0.0
JASA PASANG 20000,VARIO CAST WHEEL,20000.0
JASA PASANG 40000,ADV160 ABS,36000.0
SERVIS PAKET RINGAN PERAWATAN,ADV160 ABS,108000.0
PENGGANTIAN BAN DEPAN,CRF150L,40000.0
PENGGANTIAN BODY COVER SET,VARIO 125 CBS ISS,117500.0
PERBAIKAN MASTER REM DEPAN,BEAT CW FI MMC,30000.0
PENGGANTIAN COM STEER,REVO 110 SPOKE WHEEL,75000.0
JASA PASANG 25000,VARIO 150 SPORTY,25000.0
JASA PASANG 15000,Verza,15000.0
KPB 2,ALL NEW SCOOPY SPORTY,0.0
PROMO MERDEKA 2,GENIO CBS ISS,15000.0
PENGGANTIAN SARINGAN OLI,GENIO CBS ISS,22000.0
PENGGANTIAN AKI,NEW SUPRA GTR150 SPORTY,10000.0
CEK AJA DULU,NEW VARIO,1000.0
PENGGANTIAN BELT DRIVE / ROLLER,SCOOPY ESP,35000.0
PAKET SERVIS PUBLIC AREA,VARIO 150,42500.0
SERVIS PAKET LENGKAP PERAWATAN PLUS,BEAT POP ESP CW COMIC,70000.0
SPECIAL MATIC 39K,ALL NEW SCOOPY PLAYFUL,39000.0
PENGGANTIAN BAN DEPAN,PCX 160 CBS,30000.0
KURAS MINYAK REM,PCX 160 CBS,35000.0
GANTI OLI,NEW SCOOPY STYLISH,5000.0
PERBAIKAN HEADLIGHT UNIT,GENIO CBS ISS,25000.0
JASA PASANG 55000,BeAT Sporty CBS ISS Deluxe,55000.0
PENGGANTIAN BOHLAM LAMPU DEPAN / SOCKET ,BEAT POP CBS ISS,25000.0
PERBAIKAN STANDAR TENGAH,BeAT Sporty CBS,65000.0
SERVICE PERAWATAN BERKALA,BeAT Sporty CBS,110000.0
PENGGANTIAN OLI GARDAN / OIL FINAL GEAR,VARIO 150 MMC,0.0
PENGGANTIAN BOHLAM SOCKET HEADLIGHT,NEW VARIO TECHNO PGM FI,15000.0
PERBAIKAN HEADLIGHT UNIT,BeAT Sporty CBS,25000.0
SERVIS PAKET LENGKAP PERAWATAN PLUS,PCX160 CBS,185000.0
SERVIS PAKET LENGKAP PERAWATAN PLUS,CB150 VERZA SW,95000.0
JASA PASANG 30000,VARIO 125 CBS-ISS MMC,30000.0
SPECIAL MATIC 39K,BEAT FI CBS,39000.0
JASA PASANG 25000,REVO 110 SPOKE WHEEL,25000.0
JASA PASANG 200000,VARIO 150,200000.0
PEMERIKSAAN LAIN - LAIN,VARIO TECHNO 125 CBS ISS,0.0
PENGGANTIAN BAN DEPAN,NEW PCX 150 CBS,25000.0
KURAS MINYAK REM,NEW PCX 150 CBS,25000.0
PENGGANTIAN BELT DRIVE / ROLLER,NEW PCX 150 CBS,40000.0
JASA PASANG 75000,BEAT CW FI MMC,75000.0
JASA PASANG 45000,SCOOPY ESP,45000.0
PENGGANTIAN CVT,BeAT Sporty CBS ISS,40000.0
JASA PASANG 25000,REVO 110 CAST WHEEL,25000.0
JASA PASANG 50000,SUPRA X 125 HELM IN FI,50000.0
PENGGANTIAN BEARING DEPAN,NEW VARIO 125 CBS,31500.0
PAKET CEK REM GRATIS,REVO,0.0
PENGGANTIAN BUSI,ALL NEW CBR 150R,10000.0
PENGGANTIAN INJECTOR,REVO FIT,50000.0
JASA PASANG 50000,SUPRA X 125 R DD,50000.0
PERBAIKAN KANVAS REM DEPAN,NEW VARIO ESP CBS ISS,25000.0
PAKET SERVIS GROUP CUSTOMER,NEW CB150R STREETFIRE,100000.0
SERVIS PAKET LENGKAP PERAWATAN MATIC PLUS,BeAT Sporty CBS,125000.0
PERBAIKAN COM STEER,NEW BLADE 125 FI R STD,35000.0
GANTI OLI PLUS PENGGANTIAN,REVO FIT,2000.0
JASA PASANG 15000,CBR1000RR,15000.0
JASA PASANG 80000,NEW SCOOPY FI,80000.0
PENGGANTIAN OLI MESIN,SUPRA FIT,5000.0
JASA PASANG 10000,SCOOPY,10000.0
JASA PASANG 15000,ADV160 CBS,15000.0
PERBAIKAN SARINGAN UDARA,VARIO FI,0.0
PENGGANTIAN CVT,VARIO TECHNO 125 CBS ISS,50000.0
JASA PASANG 105000,VARIO 150,105000.0
JASA PASANG 115000,VARIO 150 MMC,115000.0
PERBAIKAN STANG,VARIO 125 CBS-ISS MMC,30000.0
PENGGANTIAN SEAL SHOCK BREAKER DEPAN,BeAT Sporty CBS ISS,25000.0
PENGGANTIAN BAN BELAKANG,REVO FIT,25000.0
JASA PASANG 35000,ADV160 ABS,35000.0
PENGGANTIAN AKI,ALL NEW CBR150R,0.0
GANTI OLI PLUS PENGGANTIAN,VARIO CAST WHEEL,0.0
JASA PASANG 60000,BEAT SW FI MMC,60000.0
JASA PASANG 170000,NEW SCOOPY PRESTIGE,170000.0
PENGGANTIAN BUSI,NEW SUPRA X 125 CW FI MMC,10000.0
SPECIAL MATIC 39K,VARIO CAST WHEEL,39000.0
PENGGANTIAN SHOCKBREAKER DEPAN,CBR1000RR,270000.0
PENGGANTIAN SEAL SHOCK BREAKER DEPAN,CBR1000RR,0.0
PERBAIKAN CVT,SPACY CW HELM IN FI,50000.0
GOKIL (GANTI OLI KILAT),VARIO 160 CBS,0.0
PAKET SERVIS SILVER,NEW SCOOPY SPORTY,195000.0
JASA PASANG 25000,GENIO CBS,25000.0
PENGGANTIAN RADIATOR COOLANT,SUPRA X,0.0
PENGGANTIAN AKI,SUPRA X,0.0
PENGGANTIAN KANVAS REM BELAKANG,SUPRA X,25000.0
PENGGANTIAN BAN DEPAN,SUPRA X,30000.0
PENGGANTIAN RANTAI KETENG ,SUPRA X,55000.0
PENGGANTIAN BAN BELAKANG,SUPRA X,30000.0
KURAS MINYAK REM,SUPRA X,30000.0
PENGGANTIAN FUEL PUMP,SUPRA X,0.0
PRESS FORK / SEGITIGA,PCX 160 CBS,300000.0
PENGGANTIAN BEARING DEPAN,NEW SCOOPY STYLISH,25000.0
PENGGANTIAN OLI MESIN,NEW SONIC 150R STANDARD,5000.0
PENGGANTIAN AKI,NEW SONIC 150R STANDARD,15000.0
PEMERIKSAAN KELISTRIKAN,NEW SCOOPY SPORTY,65000.0
SAFETY CHECK,BEAT FI SW,2000.0
JASA PASANG 45000,SUPRA X 125 CW MMC,45000.0
JASA,VARIO 125 CBS ISS,25000.0
SAFETY CHECK,NEW VARIO TECHNO PGM FI,2000.0
SAFETY CHECK,BEAT SPORTY CBS ISS,2000.0
PENGGANTIAN AKI,NEW PCX 150 ABS,10000.0
PENGGANTIAN FUEL PUMP,NEW PCX 150 ABS,0.0
PENGGANTIAN BAN DEPAN,NEW PCX 150 ABS,30000.0
PENGGANTIAN BELT DRIVE / ROLLER,NEW PCX 150 ABS,45000.0
PENGGANTIAN RADIATOR COOLANT,NEW PCX 150 ABS,0.0
KURAS MINYAK REM,NEW PCX 150 ABS,20000.0
PENGGANTIAN RANTAI KETENG ,NEW PCX 150 ABS,0.0
SAFETY CHECK,SCOOPY,2000.0
SERVIS PAKET LENGKAP PERAWATAN,BEAT SPORTY CBS ISS DELUXE,95000.0
PAKET SERVIS LENGKAP+CVT,VARIO 125 CBS ISS,115000.0
JASA PASANG 45000,BEAT SW FI MMC,45000.0
SAFETY CHECK,NEW SONIC 150R SPECIAL,2000.0
PERBAIKAN COM STEER,CBR 150R STD,70000.0
PENGGANTIAN BAN BELAKANG,CB150R STREETFIRE,20000.0
SAFETY CHECK,BEAT FI CW,2000.0
PAKET SERVIS SILVER,SCOOPY ESP,195000.0
SAFETY CHECK,NEW MEGA PRO CW,2000.0
PAKET SERVIS SILVER,BeAT Sporty CBS ISS Deluxe,195000.0
PAKET SERVIS SILVER,BEAT STREET CBS,195000.0
JASA PASANG 10000,ADV160 ABS,10000.0
JASA,VARIO 150 SPORTY,45000.0
JASA PASANG 10000,BEAT POP ESP CW,10000.0
PAKET SPESIAL SERVIS MOTOR 2018,REVO FIT FI,110000.0
PENGGANTIAN SARINGAN UDARA,NEW CBR 150R,7000.0
PERBAIKAN CVT,PCX 150,52500.0
PAKET SERVIS SILVER,SUPRA FIT,195000.0
PAKET SERVIS SILVER,VARIO 150 MMC,195000.0
PERBAIKAN COM STEER,VARIO 150 MMC,50000.0
PENGGANTIAN BAN BELAKANG,TIGER CAST WHEEL,20000.0
PAKET KURAS MASTER REM,REVO FIT,55000.0
KELISTRIKAN,VARIO 125 CBS,60000.0
JASA PASANG 20000,GENIO CBS,20000.0
JASA PASANG LAMPU REM,BEAT FI CW,10000.0
JASA 0,BEAT FI SW,0.0
PENGGANTIAN BUSI,BeAT Sporty DLX Smart Key,0.0
JASA PASANG 10000,Beat Sporty,10000.0
PENGGANTIAN KANVAS REM BELAKANG,BeAT Sporty DLX Smart Key,25000.0
PENGGANTIAN BUSI,NEW VARIO 125 CBS ISS,15000.0
SERVIS PAKET RINGAN PERAWATAN,NEW CBR 250RR ABS,100000.0
PENGGANTIAN KANVAS REM BELAKANG,GENIO CBS ISS,25000.0
SPECIAL MATIC 50K,BEAT STREET,50000.0
PAKET KURAS TANGKI,NEW BLADE R 125 FI,70000.0
JASA PASANG 20000,NEW BLADE R 125 FI,0.0
STEL KOMSTIR,BeAT Sporty DLX Smart Key,30000.0
SPECIAL MATIC 50K,NEW PCX 150 ABS,50000.0
SERVIS PAKET RINGAN PERAWATAN,CB150R STREETFIRE SPECIAL,175000.0
PENGGANTIAN BAN BELAKANG,BEAT STREET,15000.0
PAKET KURAS TANGKI,VARIO TECHNO NON CBS,70000.0
JASA PASANG 145000,VARIO 125 CBS ISS,145000.0
PERBAIKAN BOHLAM LAMPU DEPAN / SOCKET ,VARIO CAST WHEEL,10000.0
SPECIAL MATIC 50K,ADV150 ABS,50000.0
SERVIS PAKET RINGAN PERAWATAN,BEAT POP CW,100000.0
JASA PASANG 25000,NEW SCOOPY STYLISH,25000.0
PENGGANTIAN MINYAK REM,NEW VARIO ESP CBS ADVANCE,20000.0
JASA PASANG 60000,ALL NEW CBR150R,0.0
KPB 3,PCX,0.0
JASA PASANG 90000,BeAT Sporty CBS,90000.0
JASA PASANG 50000,SPACY CW HELM IN FI,50000.0
JASA PASANG 90000,MEGA PRO,86000.0
JASA PASANG 90000,ALL NEW CBR150R,90000.0
JASA PASANG 80000,NEW SCOOPY PRESTIGE,80000.0
PENGGANTIAN KABEL KOPLING,VERZA CAST WHEEL,15000.0
PAKET CEBAN,New Supra GTR150 Sporty,10000.0
PAKET CEBAN,VARIO 160 CBS,10000.0
JASA PASANG 10000,REVO 110 CAST WHEEL,10000.0
JASA PASANG 65000,REVO 110 CAST WHEEL,65000.0
PENGGANTIAN BAN BELAKANG,SPACY CW HELM IN FI,15000.0
PENGGANTIAN BAN DEPAN,VARIO 150 MMC,35000.0
PEMERIKSAAN KELISTRIKAN,VARIO TECHNO 125 FI ISS,50000.0
KPB 2,NEW VARIO 125 CBS ISS,0.0
PENGGANTIAN CVT,VARIO FI,50000.0
JASA PASANG 35000,NEW VARIO 150,35000.0
PEMERIKSAAN KELISTRIKAN,ADV160 CBS,10000.0
PENGGANTIAN SHOCKBREAKER DEPAN,VARIO 150 MMC,50000.0
PENGGANTIAN SARINGAN OLI,SUPRA X 125 SW MMC,8000.0
PENGGANTIAN OLI GARDAN,VARIO 125 CBS-ISS MMC,5000.0
PENGGANTIAN BUSI,VARIO 125 CBS-ISS MMC,10000.0
PAKET KURAS TANGKI,VARIO 125 CBS-ISS MMC,70000.0
PENGGANTIAN BUSI,SUPRA X 125 SW,15000.0
KPB 1,ALL NEW SCOOPY STYLISH,0.0
PEMBERSIHAN PAHA REM BELAKANG,BEAT SPORTY CW,35000.0
SPECIAL MATIC 39K,NEW SCOOPY FASHION,39000.0
PAKET KURAS TANGKI,VARIO FI,70000.0
JASA PASANG VISOR,PCX 160 CBS,30000.0
CEK TEKANAN MOTOR,SCOOPY FI,35000.0
JASA PASANG 25000,PCX160 CBS,25000.0
PERBAIKAN BATOK DEPAN,BEAT FI SW,30000.0
PENGGANTIAN KABEL REM BELAKANG,PCX 160 CBS,50000.0
PEMERIKSAAN LAIN - LAIN,NEW PCX 150 CBS,0.0
PAKET KURAS TANGKI,VARIO 125 CBS MMC,70000.0
SERVICE SPORT 150CC,CB150R STREETFIRE,120000.0
PENGGANTIAN OLI SHOCKBREAKER,CB150R STREETFIRE,75000.0
SPECIAL MATIC 39K,ADV150 CBS,39000.0
CEK AJA DULU,VARIO TECHNO,1.0
LEM BESI,VARIO 125 CBS,15000.0
PENGGANTIAN SARINGAN UDARA,BEAT SW FI MMC,10000.0
KPB 1,BEAT,0.0
PAKET KURAS TANGKI,ALL NEW SCOOPY STYLISH,30000.0
PENGGANTIAN OLI MESIN,NEW SUPRA GTR150 SPORTY,5000.0
PERBAIKAN SARINGAN UDARA,BEAT SPORTY CBS ISS,0.0
PERBAIKAN SARINGAN UDARA,SUPRA X 125 R DD,0.0
PASANG AKI,VARIO 150,15000.0
PENGGANTIAN BOHLAM SOCKET HEADLIGHT,ALL NEW SCOOPY STYLISH,25000.0
LEM TRIBON,REVO 110 SPOKE WHEEL,15000.0
JASA PASANG 100000,BEAT SPORTY CBS,100000.0
JASA PASANG 10000,BEAT POP ESP CBS ISS PIXEL,10000.0
PENGGANTIAN BEARING DEPAN,NEW BLADE R 125 FI,25000.0
PERBAIKAN BAN DEPAN,SPACY CW HELM IN FI,25000.0
PERBAIKAN BOHLAM LAMPU DEPAN / SOCKET ,BeAT Street,10000.0
JASA PASANG 15000,NEW PCX 150,15000.0
BONGKAR CVT,SCOOPY PRESTIGE,15000.0
PERBAIKAN CVT,Genio CBS ISS,15000.0
PENGGANTIAN BAN BELAKANG,BEAT CBS FI MMC,15000.0
JASA PASANG 25000,SUPRA X 125 SW MMC,25000.0
GANTI OLI PLUS PENGGANTIAN,TIGER STD,7000.0
SERVIS KUNJUNG,BEAT SPORTY CBS,15000.0
CEK AJA DULU,NEW VARIO CBS PGM FI,1.0
PERBAIKAN STANG,CBR 150R ABS,25000.0
PERBAIKAN STANG,BEAT SPORTY CBS,20000.0
CEK AJA DULU,NEW VARIO 125 CBS,1.0
PENGGANTIAN COM STEER,SUPRA X 125 SW MMC,50000.0
PENGGANTIAN AKI,BEAT POP CW,15000.0
PAKET KURAS TANGKI,BEAT FI CBS,70000.0
PERGANTIAN OLI MESIN,VARIO 150,5000.0
SERVIS PAKET RINGAN PERAWATAN,NEW CBR 150R,120000.0
JASA PASANG 35000,SUPRA X 125 R DD,35000.0
PENGGANTIAN GEAR BOX,SUPRA X 125 CW,15000.0
PENGGANTIAN GEAR SET ( DRIVE CHAIN KIT ),SUPRA X 125 CW,40000.0
JASA PASANG 45000,New Vario 150,45000.0
PAKET KURAS TANGKI,NEW SUPRA GTR150 SPORTY,70000.0
JASA PASANG 50000,ADV160 ABS,50000.0
PENGGANTIAN MASTER REM DEPAN,BEAT STREET CBS,57500.0
JASA  PERBAIKAN 30000,NEW BEAT CAST WHEEL,30000.0
JASA PASANG OLI,ALL NEW SCOOPY STYLISH,0.0
JASA PERBAIKAN 65000,BeAT Street,65000.0
JASA PASANG 50000,VARIO TECHNO NON CBS,50000.0
PENGGANTIAN COM STEER,VARIO TECHNO NON CBS,125000.0
PAKET KURAS TANGKI,NEW PCX 150 ABS,200000.0
JASA PASANG 40000,BEAT,40000.0
BONGKAR MESIN,SUPRA X,300000.0
PERBAIKAN KANVAS KOPLING,REVO FIT FI,50000.0
JASA PASANG 20000,PCX 150,20000.0
JASA PASANG 275000,NEW PCX 150 CBS,275000.0
PAKET KURAS TANGKI,SUPRA X 125 CW,70000.0
SERVIS PAKET LENGKAP PERAWATAN,CB150X STD,170000.0
PENGGANTIAN BEARING DEPAN,BEAT STREET CBS,18000.0
PENGGANTIAN SHOCKBREAKER DEPAN,BeAT Street,100000.0
PENGGANTIAN KANVAS REM BELAKANG,VARIO 125 CBS ISS SP,35000.0
PENGGANTIAN SEAL SHOCK BREAKER DEPAN,BEAT SPORTY CW,70000.0
JASA PASANG 75000,BEAT FI CBS,75000.0
BONGKAR CVT,VARIO 150 SPORTY,70000.0
PENGGANTIAN LAMPU BELAKANG,SUPRA X 125 R DD,15000.0
PENGGANTIAN SEAL SHOCK BREAKER DEPAN,SUPRA X 125 R DD,70000.0
JASA PASANG 20000,BEAT POP ESP CBS ISS PIXEL,20000.0
PENGGANTIAN BOHLAM LAMPU DEPAN / SOCKET ,MEGA PRO,25000.0
JASA PASANG 45000,MEGA PRO,45000.0
PENGGANTIAN CVT,VARIO 110 CBS ISS,45000.0
JASA PASANG 5000,KARISMA 125,5000.0
PENGGANTIAN OLI MESIN,REVO SPOKE,0.0
PERBAIKAN MASTER REM DEPAN,REVO SPOKE,20000.0
JASA PASANG 20000,NEW VARIO 125 CBS ISS,20000.0
PAKET PEMBERSIHAN CVT,NEW VARIO ESP CBS ADVANCE,70000.0
PAKET KURAS TANGKI,BEAT POP CBS,70000.0
KPB 4,SCOOPY STYLISH,0.0
PENGGANTIAN BUSI,VARIO 160 ABS,10000.0
PENGGANTIAN OLI MESIN,New Vario 150 Exclusive ACCS,0.0
PENGGANTIAN SHOCKBREAKER BELAKANG,BeAT Sporty CBS,31500.0
PENGGANTIAN CVT,MEGA PRO,0.0
PENGGANTIAN OLI GARDAN,MEGA PRO,0.0
PAKET KURAS RADIATOR,BEAT SW FI MMC,20000.0
PENGGANTIAN KANVAS REM BELAKANG,SUPRA FIT D,15000.0
PAKET SERVIS PLATINUM,PCX 150,0.0
PAKET PEMBERSIHAN CVT,BEAT,70000.0
PAKET CEK AJA DULU,BEAT CBS FI MMC,0.0
PAKET KURAS TANGKI,NEW BEAT SPOKE WHEEL,70000.0
PAKET CEK AJA DULU,VARIO 125 CBS,0.0
PAKET CEK AJA DULU,SCOOPY,0.0
PENGGANTIAN CVT,ADV150 CBS,52500.0
PAKET CEK AJA DULU,NEW VARIO 125 CBS,0.0
PENGGANTIAN BAN DEPAN,NEW VARIO 125 CBS,17000.0
KURAS MINYAK REM,NEW VARIO 125 CBS,35000.0
PENGGANTIAN RANTAI KETENG ,NEW VARIO 125 CBS,50000.0
PAKET CEK AJA DULU,NEW VARIO TECHNO PGM FI,0.0
PENGGANTIAN CVT,SUPRA X 125 CW MMC,0.0
SERVICE EKONOMIS,NEW SUPRA X 125 FI CW,35000.0
JASA PASANG 55000,VARIO 150 SPORTY,55000.0
PENGGANTIAN KANVAS REM DEPAN,VARIO 150 SPORTY,25000.0
PENGGANTIAN RANTAI KETENG ,VARIO 125 CBS-ISS MMC,50000.0
KURAS MINYAK REM,VARIO 125 CBS-ISS MMC,35000.0
PENGGANTIAN BAN DEPAN,VARIO 125 CBS-ISS MMC,17000.0
PENGGANTIAN FUEL PUMP,VARIO 125 CBS-ISS MMC,35000.0
PENGGANTIAN KANVAS REM BELAKANG,VARIO 125 CBS-ISS MMC,25000.0
PERBAIKAN STANG,NEW VARIO 125 CBS-ISS,20000.0
PAKET PEMBERSIHAN CVT,NEW VARIO ESP CBS ISS ADVA,70000.0
JASA PASANG 5000,MEGA PRO CW,5000.0
PAKET CEK REM GRATIS,BeAT Sporty CBS,0.0
JASA PASANG 45000,PCX HYBRID,45000.0
PENGGANTIAN OLI GARDAN,BEAT POP ESP CW,0.0
PENGGANTIAN KANVAS REM DEPAN,NEW CB150R STREETFIRE,25000.0
SERVICE EKONOMIS,REVO FIT FI,35000.0
SERVIS PAKET RINGAN PERAWATAN,SUPRA X 125 PGM FI CW DD,75000.0
SERVICE EKONOMIS,BEAT SPORTY CW,35000.0
BONGKAR MESIN,VARIO 150,225000.0
SERVICE EKONOMIS,NEW SUPRA X 125 FI SW,35000.0
CUCI MOTOR,NEW PCX 150 ABS,0.0
SERVICE EKONOMIS,BEAT SPORTY CBS ISS,35000.0
SERVICE EKONOMIS,NEW VARIO 125 CBS,35000.0
JASA PASANG 135000,CRF150L,135000.0
SERVICE EKONOMIS,NEW BLADE R 125 FI,35000.0
PAKET SERVIS SILVER,NEW PCX 150 ABS,185000.0
PENGGANTIAN STANDAR TENGAH,NEW PCX 150 ABS,75000.0
PENGGANTIAN COM STEER,ALL NEW CBR 150R,60000.0
JASA PASANG 70000,BeAT Sporty DLX Smart Key,50000.0
PAKET SERVIS SILVER,VARIO 125 CBS,160000.0
JASA PASANG 30000,VARIO TECHNO 125 FI CBS,30000.0
PENGGANTIAN KANVAS REM DEPAN,NEW SUPRA X 125 CW FI MMC,20000.0
PENGGANTIAN RADIATOR COOLANT,ALL NEW CBR 150R,0.0
PERBAIKAN STANDAR TENGAH,SUPRA X 125 CW,35000.0
CUCI MOTOR,VARIO 150 SPORTY,0.0
SERVICE EKONOMIS,BEAT SPORTY CBS,35000.0
PENGGANTIAN SEAL KRUK AS D / B,BEAT CW FI MMC,10000.0
PENGGANTIAN SEAL MASTER,BEAT CW FI MMC,30000.0
KURAS MINYAK REM,BEAT CW FI MMC,50000.0
SERVIS PAKET LENGKAP PERAWATAN MATIC PLUS,NEW PCX 150 CBS,175000.0
JASA PASANG 285000,NEW PCX 150 CBS,285000.0
JASA PASANG 50000,SONIC 150R HRR,50000.0
kelistrikan 100,VARIO 125 CBS-ISS MMC,100000.0
SERVICE PERAWATA LENGKAP,BeAT Street,90000.0
JASA PASANG 50000,CB150R STREETFIRE SPECIAL,50000.0
PRESS BODY,VARIO 125 CBS ISS,400000.0
JASA PASANG 250000,VARIO 125 CBS ISS,250000.0
PERBAIKAN BAN BELAKANG,NEW SCOOPY STYLISH,25000.0
PEMERIKSAAN LAIN - LAIN,SUPRA X 125 HELM IN FI,0.0
PAKET RESET FI,VARIO TECHNO 125 FI ISS,85000.0
JASA PASANG 40000,BeAT Street,40000.0
JASA PASANG 50000,BeAT Street,50000.0
SERVIS PAKET RINGAN PERAWATAN,SUPRA X 125 SW MMC,80000.0
PRESS FORK / SEGITIGA,VARIO 125 CBS ISS,0.0
JASA PASANG 85000,VARIO 110 CBS,85000.0
KPB 2,NEW SUPRA X 125 CW FI MMC,0.0
JASA PASANG 70000,NEW SCOOPY SPORTY,70000.0
CUCI MOTOR,ADV160 CBS,0.0
JASA PASANG 10000,BEAT STREET,10000.0
JASA PASANG 55000,NEW SCOOPY FASHION,55000.0
CUCI MOTOR,VARIO TECHNO 125 FI CBS,0.0
SERVICE GOLD,BeAT Sporty CBS ISS Deluxe,78850.0
JASA PASANG 60000,BEAT FI CW,60000.0
PAKET RESET FI,ALL NEW CB150R STREETFIRE,85000.0
JASA PENGECEKAN RINGAN,BeAT Sporty CBS ISS Deluxe,30000.0
SERVICE EKONOMIS,NEW VARIO 125 CBS ISS,35000.0
CUCI MOTOR,VARIO 160 CBS,0.0
JASA PASANG 60000,NEW SCOOPY SPORTY,60000.0
JASA PASANG 20000,NEW SCOOPY SPORTY,20000.0
SERVICE EKONOMIS,BEAT POP CW,35000.0
PERBAIKAN CVT,NEW PCX 150 CBS,60000.0
GANTI KOMSTIR,VARIO 125 CBS,95000.0
PAKET SERVIS SMK,NEW VARIO 125 CBS,100000.0
SERVICE EKONOMIS,BEAT POP CBS ISS,35000.0
PENGGANTIAN KANVAS REM DEPAN,VARIO 150 MMC,20000.0
SERVICE GOLD,VARIO 150 MMC,100000.0
PENGGANTIAN OLI SHOCKBREAKER,VARIO 150 MMC,50000.0
CUCI MOTOR,CBR 150R,0.0
CUCI MOTOR,PCX 160 CBS,0.0
PENGGANTIAN OLI MESIN,FORZA,0.0
PENGGANTIAN OLI SHOCKBREAKER,NEW PCX 150 ABS,84000.0
PAKET RESET FI,ALL NEW SCOOPY PLAYFUL,25000.0
JASA PENGECEKAN,NEW VARIO 125 CBS-ISS,50000.0
CUCI MOTOR,ALL NEW SCOOPY STYLISH,0.0
PERBAIKAN COM STEER,VERZA CAST WHEEL,40000.0
JASA PASANG 105000,VARIO 125 CBS,105000.0
PAKET INJECTOR CLEANER,VARIO 125 CBS,30000.0
GANTI OLI PLUS PENGGANTIAN,BEAT,5000.0
PENGGANTIAN BEARING BELAKANG,CB150R STREETFIRE SPECIAL,30000.0
PENGGANTIAN KANVAS REM DEPAN,CB150R STREETFIRE SPECIAL,23000.0
PRESS FORK / SEGITIGA,VARIO 150,275000.0
JASA PASANG 30000,NEW SUPRA X 125 FI CW,30000.0
JASA PASANG 95000,BEAT FI SW,92000.0
PERBAIKAN STANDAR TENGAH,BEAT FI SW,135000.0
SERVIS PAKET RINGAN PERAWATAN,NEW SUPRA X 125 CW FI MMC,90000.0
VISIT FEE,GENIO CBS ISS,0.0
VISIT FEE,BeAT Sporty CBS,0.0
JASA PASANG 250000,SCOOPY,250000.0
PEMERIKSAAN KELISTRIKAN,VARIO SPOKE WHEEL,50000.0
KPB 3,SUPRA X 125 CW MMC,0.0
VISIT FEE,GENIO CBS,0.0
VISIT FEE,BeAT Sporty CBS ISS Deluxe,0.0
PENGGANTIAN BUSI,BEAT POP ESP CW,7000.0
PENGGANTIAN BOHLAM LAMPU DEPAN / SOCKET ,BEAT POP ESP CW,25000.0
PENGGANTIAN OLI GARDAN / OIL FINAL GEAR,BEAT POP ESP CW,7000.0
PENGGANTIAN BAN DEPAN,BEAT POP ESP CW,45000.0
PENGGANTIAN BAN BELAKANG,BEAT POP ESP CW,45000.0
CUCI MOTOR,VARIO TECHNO 125 FI ISS,0.0
CUCI MOTOR,VARIO 125 CBS,0.0
CUCI MOTOR,SUPRA X 125 CW MMC,0.0
CLAIM C2 PENGGANTIAN,BeAT Sporty CBS,0.0
SERVIS PAKET LENGKAP + PERAWATAN CVT,BeAT Street,130000.0
PENGGANTIAN MINYAK REM,VARIO 160 CBS,20000.0
PERBAIKAN BOHLAM SOCKET HEADLIGHT,NEW VARIO 125 CBS,25000.0
JASA PASANG 40000,VARIO 110 CBS,40000.0
PAKET CEBAN,ALL NEW SCOOPY PLAYFUL,10000.0
PENGGANTIAN SARINGAN OLI,BEAT CBS FI MMC,0.0
JASA PASANG 25000,BEAT POP CBS,25000.0
PERBAIKAN BAN BELAKANG,VARIO 150 MMC,20000.0
JASA PASANG 20000,BEAT,20000.0
JASA PERGANTIAN 2,NEW SCOOPY PRESTIGE,6000.0
PENGGANTIAN SHOCKBREAKER BELAKANG,NEW PCX 150 CBS,30000.0
PAKET GOCENG,SUPRA X 125 CW,5000.0
PENGGANTIAN KANVAS REM BELAKANG,STYLO 160 ABS,25000.0
PERBAIKAN CVT,STYLO 160 ABS,50000.0
PENGGANTIAN PIRINGAN CAKRAM BLK,PCX 160 CBS,35000.0
SERVICE EKONOMIS,SCOOPY ESP,35000.0
jasa pengecekan,PCX 160 CBS,85000.0
PAKET GOCENG,NEW VARIO CBS PGM FI,1000.0
jasa pasang per cvt,NEW SCOOPY STYLISH,15000.0
PAKET PEMBERSIHAN CVT,GENIO CBS,50000.0
KPB 2,Beat Sporty,0.0
JASA PASANG 60000,ALL NEW SCOOPY SPORTY,60000.0
PAKET KURAS OLI SHOCK,SCOOPY ESP,40000.0
PAKET KURAS TANGKI,ALL NEW SCOOPY SPORTY,40000.0
PAKET INJECTOR CLEANER,PCX 160 CBS,40000.0
JASA PASANG 100000,VARIO 150 MMC,100000.0
SERVICE EKONOMIS,VARIO FI,35000.0
PENGGANTIAN SARINGAN OLI,CB150R STREETFIRE SE,8000.0
TURUN MESIN,CRF150L,350000.0
PEMERIKSAAN LAIN - LAIN,GENIO CBS,0.0
PENGGANTIAN BEARING DEPAN,VARIO 110 CBS,31500.0
PENGGANTIAN CVT,BEAT CBS FI MMC,55000.0
PENGGANTIAN KANVAS REM DEPAN,BEAT FI CBS,34500.0
PENGGANTIAN MASTER REM DEPAN,BEAT FI CBS,57500.0
JASA PASANG 300000,NEW VARIO 150,300000.0
PAKET SIAP MUDIK 2025,BEAT SPORTY CW,50000.0
JASA PASANG 25000,REVO FIT FI,25000.0
PENGGANTIAN BAN DEPAN,VARIO 125 CBS ISS SP,20000.0
SERVIS PAKET LENGKAP PERAWATAN,Genio CBS,109000.0
PENGGANTIAN KANVAS REM DEPAN,Genio CBS,34500.0
PENGGANTIAN KANVAS REM DEPAN * ABS,NEW VARIO TECHNO PGM FI,34500.0
JASA PERGANTIAN 1,NEW SCOOPY PRESTIGE,5000.0
CEK REM GRATIS,VARIO 125 CBS ISS SP,0.0
JASA PASANG 100000,VARIO TECHNO NON CBS,100000.0
JASA PASANG 10000,VARIO ESP CBS MMC,10000.0
JASA PASANG 60000,MEGA PRO CW,60000.0
PAKET SERVIS PLATINUM,ALL NEW SCOOPY STYLISH,0.0
PAKET PAS,ADV160 CBS,50000.0
PENGGANTIAN SEAL MAGNET,BEAT SPORTY CBS,20000.0
PAKET KURAS MASTER REM,ALL NEW SCOOPY STYLISH,45000.0
JASA PASANG 50000,NEW PCX 150,50000.0
JASA PASANG 50000,NEW SCOOPY STYLISH,50000.0
BONGKAR MESIN,SPACY CW HELM IN FI,228000.0
PENGGANTIAN BELT DRIVE / ROLLER,NEW VARIO,45000.0
JASA PASANG 15000,BEAT POP CBS ISS,15000.0
PENGGANTIAN INJECTOR,BEAT STREET CBS,10000.0
KELISTRIKAN RINGAN,BEAT SPORTY CW,61500.0
CEK REM GRATIS,BEAT FI CBS,0.0
PENGGANTIAN KANVAS REM DEPAN,CRF150L,42000.0
JASA PASANG 190000,VARIO TECHNO NON CBS,190000.0
PENGGANTIAN AKI,REVO 110 SPOKE WHEEL,10000.0
PENGGANTIAN GEAR BOX,REVO 110 SPOKE WHEEL,20000.0
PENGGANTIAN PIRINGAN CAKRAM DEPAN,REVO 110 SPOKE WHEEL,25000.0
PENGGANTIAN OLI SHOCKBREAKER,REVO 110 SPOKE WHEEL,75000.0
JASA PASANG 45000,REVO 110 SPOKE WHEEL,45000.0
PENGGANTIAN KABEL SPEEDO,REVO 110 SPOKE WHEEL,20000.0
PAKET SERVIS SMK,GENIO CBS ISS,110000.0
PERBAIKAN BODY COVER SET,PCX 160 CBS,100000.0
JASA PASANG 75000,ALL NEW SCOOPY PLAYFUL,75000.0
JASA PASANG 20000,VARIO ESP CBS ADV MMC,20000.0
JASA PASANG 200000,PCX 160 CBS,200000.0
JASA CEK KILAT,STYLO 160 ABS,0.9
KPB 1,CB150 VERZA CW,0.0
JASA PASANG 20000,SUPRA X 125 SW MMC,20000.0
PERBAIKAN KANVAS REM BELAKANG,BEAT CW FI MMC,25000.0
JASA PASANG 10000,NEW SCOOPY SPORTY,10000.0
PENGGANTIAN OLI MESIN,NEW SCOOPY STYLISH JKT,5000.0
PENGGANTIAN INJECTOR,SPACY CW HELM IN FI,10000.0
JASA PASANG 70000,GENIO CBS ISS,70000.0
JASA PASANG 125000,BEAT STREET CBS,125000.0
PENGGANTIAN CVT,ADV160 ABS,67000.0
PAKET CEBAN,BEAT POP ESP CW COMIC,10000.0
CEK REM GRATIS,BEAT STREET CBS,0.0
PERBAIKAN COVER HANDLE GETAR,NEW VARIO ESP CBS,24000.0
PERBAIKAN THROTTLE BODY 50.000,BEAT SPORTY CW,50000.0
PERBAIKAN LAMPU BELAKANG,VARIO 150,50000.0
JASA PASANG 35000,CBR 250R STD,35000.0
JASA PASANG 20000,ADV150 CBS,20000.0
JASA PASANG 100000,NEW VARIO 125 CBS ISS,100000.0
PAKET CEBAN,NEW SCOOPY FASHION,10000.0
PENGGANTIAN BELT DRIVE / ROLLER,VARIO CAST WHEEL,71000.0
PAKET CEBAN,NEW BLADE 125 FI R STD,10000.0
PAKET SPESIAL SERVIS MOTOR 2018,VARIO 150,95000.0
JASA PASANG 25000,SUPRA X 125 CW,25000.0
PAKET GOCENG,NEW BLADE R 125 FI,5000.0
PENGGANTIAN SARINGAN UDARA,NEW BLADE R 125 FI,10000.0
CEK REM GRATIS,NEW SCOOPY SPORTY,0.0
JASA PASANG 35000,SCOOPY,35000.0
PAKET CEK REM GRATIS,VARIO CAST WHEEL,0.0
PEMERIKSAAN KELISTRIKAN,NEW VARIO ESP CBS,50000.0
PENGGANTIAN OLI GARDAN / OIL FINAL GEAR,BEAT SPORTY CBS ISS,5000.0
JASA PASANG 35000,NEW VARIO 125 CBS-ISS,35000.0
PENGGANTIAN MASTER REM DEPAN,NEW SCOOPY PRESTIGE,45000.0
PENGGANTIAN OLI SHOCKBREAKER,NEW SCOOPY PRESTIGE,80000.0
PAKET SERVIS GOLD,BeAT Sporty CBS ISS Deluxe,160000.0
SERVIS PAKET RINGAN PERAWATAN,KARISMA 125 D,53000.0
JASA PASANG 100000,VARIO TECHNO,100000.0
PENGGANTIAN FUEL PUMP,NEW VARIO 125 CBS-ISS,35000.0
SERVIS PAKET LENGKAP PERAWATAN + SCAN FI,BEAT SPORTY CW,85000.0
JASA PASANG 20000,VERZA CAST WHEEL,20000.0
SERVIS PAKET LENGKAP PERAWATAN PLUS,SUPRA X 125 DRUM BRAKE,80000.0
PEMERIKSAAN LAIN - LAIN,GENIO CBS ISS,0.0
PENGGANTIAN BELT DRIVE / ROLLER,BEAT CBS FI MMC,45000.0
PAKET KURAS MASTER REM,NEW VARIO 150,40000.0
PAKET SERVIS PLATINUM,CB150R STREETFIRE SPECIAL,100000.0
PENGGANTIAN OLI,SCOOPY PRESTIGE,7000.0
JASA CEK KILAT,NEW PCX 150 ABS,1.0
GOKIL (GANTI OLI KILAT),ADV160 ABS,0.0
PAKET SERVIS PLATINUM,NEW SCOOPY STYLISH,100000.0
JASA CEK KILAT,BEAT SPORTY CBS,1.0
GOKIL (GANTI OLI KILAT),CB150X SE,0.0
PENGGANTIAN KANVAS REM DEPAN * ABS,ALL NEW SCOOPY STYLISH,31500.0
JASA CEK KILAT,REVO SPOKE,1.0
JASA CEK KILAT,ALL NEW CB150R STREETFIRE,1.0
PERBAIKAN COVER HANDLE GETAR,NEW VARIO 150,45000.0
JASA PASANG 110000,BeAT Sporty CBS,110000.0
SERVIS LENGKAP PERAWATAN,ADV160 ABS,150000.0
PENGGANTIAN OLI GARDAN,ADV 160 CBS,0.0
PENGGANTIAN KANVAS REM DEPAN,ADV 160 CBS,25000.0
JASA PASANG 150000,ALL NEW SCOOPY STYLISH,150000.0
JASA PASANG 150000,VARIO 125 CBS,150000.0
JASA PASANG 140000,NEW VARIO TECHNO PGM FI,138000.0
PAKET KURAS MASTER REM,ALL NEW SCOOPY SPORTY,50000.0
PAKET GOCENG,BeAT Sporty DLX Smart Key,5000.0
JASA PASANG 110000,VARIO 125 CBS ISS,110000.0
PERBAIKAN MASTER REM DEPAN,NEW VARIO 125 CBS,25000.0
JASA PASANG 125000,NEW VARIO 150,125000.0
PAKET INJECTOR CLEANER,NEW VARIO 150,32500.0
PAKET INJECTOR CLEANER,BeAT Street,25000.0
SERVIS PAKET LENGKAP PERAWATAN PLUS,SUPRA FIT D,80000.0
PAKET KURAS RADIATOR,VARIO 125 CBS ISS,50000.0
JASA PASANG 135000,BEAT SPORTY CBS ISS,132400.0
PENGGANTIAN KABEL SPEEDO,NEW PCX 150 ABS,34500.0
PENGGANTIAN KANVAS REM BELAKANG * ( CAKRAM ),PCX 160 ABS,0.0
PAKET PEMBERSIHAN CVT,ADV150 CBS,75000.0
PERBAIKAN KANVAS REM DEPAN,NEW PCX 150 CBS,0.0
PAKET GOCENG,PCX160 RoadSync,5000.0
PERBAIKAN COM STEER,New Vario 150,35000.0
PENGGANTIAN SEAL SHOCK BREAKER DEPAN,SCOOPY,55000.0
PENGGANTIAN COM STEER,SCOOPY,90000.0
PENGGANTIAN KANVAS REM BELAKANG,SCOOPY,32000.0
PAKET RESET FI,BEAT POP ESP CBS PIXEL,60000.0
KPB 4,CRF150L,0.0
PERBAIKAN COM STEER,STYLO 160 CBS,55000.0
PENGGANTIAN BAN DEPAN,VARIO TECHNO 125 FI ISS,32000.0
JASA PASANG 110000,BeAT Sporty CBS ISS Deluxe,110000.0
JASA PASANG 110000,SPACY CW HELM IN FI,110000.0
PAKET CEBAN,MEGA PRO CW,10000.0
PAKET INJECTOR CLEANER,GENIO CBS,25000.0
JASA PASANG 110000,VARIO TECHNO 125 FI CBS,110000.0
JASA PASANG 20000,New Vario 150,20000.0
JASA PASANG 20000,SUPRA X,20000.0
JASA PASANG 20000,SPACY CW HELM IN FI,20000.0
JASA PASANG 130000,VARIO 160 ABS,130000.0
JASA PASANG 15000,ALL NEW CBR150R,15000.0
PENGGANTIAN BOHLAM LAMPU DEPAN / SOCKET ,BEAT,23000.0
PAKET RESET FI,CRF150L,45000.0
PAKET CEBAN,NEW SONIC 150R STANDARD,10000.0
PAKET CEBAN,NEW SONIC 150R SPECIAL,10000.0
PAKET RESET FI,CB150 VERZA CW,50000.0
PAKET RESET FI,VERZA CAST WHEEL,50000.0
PENGGANTIAN SHOCKBREAKER BELAKANG,NEW VARIO 150,35000.0
JASA PASANG 60000,NEW VARIO 125 CBS ISS,60000.0
JASA PASANG 45000,VERZA CAST WHEEL,45000.0
PENGGANTIAN AKI,VERZA CAST WHEEL,12000.0
PAKET INJECTOR CLEANER,REVO FIT FI,35000.0
PAKET KURAS OLI SHOCK,REVO FIT FI,60000.0
PAKET SERVIS SMK,REVO SW FI,75000.0
JASA PASANG 110000,NEW PCX 150 ABS,110000.0
JASA PASANG 85000,ALL NEW CB150R STREETFIRE,85000.0
JASA PASANG 150000,NEW CBR 150R ABS,150000.0
JASA PASANG 45000,NEW SCOOPY SPORTY,45000.0
PAKET SERVIS GOLD,NEW VARIO 125 CBS,70000.0
PAKET SERVIS GOLD,BEAT POP ESP CBS ISS,70000.0
SERVIS PAKET LENGKAP PERAWATAN + SCAN FI,BEAT SPORTY CBS,85000.0
PAKET SERVIS GOLD,NEW VARIO ESP CBS ADVANCE,70000.0
PAKET SERVIS GOLD,BEAT POP CW,70000.0
JASA PASANG 85000,VERZA CAST WHEEL,85000.0
JASA PASANG 200000,REVO,200000.0
PAKET KURAS MASTER REM,REVO,55000.0
JASA PASANG 105000,NEW SCOOPY PRESTIGE,105000.0
JASA PASANG 205000,SUPRA X 125 CW HELM IN,205000.0
PAKET SERVIS GROUP CUSTOMER,ALL NEW CB150R STREETFIRE,155000.0
PAKET SERVIS GOLD,VARIO 125 CBS MMC,70000.0
PAKET SERVIS GOLD,NEW SCOOPY FI,70000.0
PAKET SERVIS GOLD,NEW BEAT CAST WHEEL,70000.0
PAKET SERVIS SAHABAT WARGA,BEAT CW FI MMC,70000.0
PAKET SERVIS SILVER,CB150R STREETFIRE,0.0
PAKET SERVIS GROUP CUSTOMER,ALL NEW SCOOPY STYLISH,70000.0
PAKET SERVIS GOLD,BEAT STREET CBS,70000.0
PAKET SERVIS SAHABAT WARGA,BEAT POP ESP CBS ISS,70000.0
SERVIS PAKET LENGKAP PERAWATAN PLUS,BEAT POP CBS ISS,70000.0
PAKET SERVIS SAHABAT WARGA,BeAT Street,70000.0
GANTI OLI PLUS PENGGANTIAN,BEAT CW FI MMC,0.0
PAKET SERVIS GOLD,SCOOPY ESP,70000.0
JASA PASANG 85000,ALL NEW SONIC 150 R,85000.0
PAKET SERVIS GOLD,VARIO 125 CBS-ISS MMC,70000.0
PEMERIKSAAN LAIN - LAIN,PCX160 CBS,0.0
JASA PASANG 70000,NEW BLADE 125 FI R STD,70000.0
PAKET RESET FI,VARIO 160 CBS,25000.0
PAKET CEBAN,NEW SONIC 150R REPSOL,10000.0
JASA PASANG 75000,NEW SUPRA X 125 CW FI MMC,75000.0
PAKET SERVIS GOLD,ALL NEW SCOOPY STYLISH,70000.0
SERVIS PAKET CVT PLUS,PCX 150,50000.0
PAKET SERVIS SILVER,NEW BEAT CAST WHEEL,70000.0
PAKET SERVIS GOLD,BEAT SPORTY CBS,70000.0
PAKET SERVIS GOLD,NEW VARIO 125 CBS-ISS,70000.0
PAKET SERVIS GROUP CUSTOMER,NEW PCX 150 CBS,105000.0
PAKET SERVIS GOLD,NEW VARIO 125 CBS ISS,70000.0
PAKET SERVIS SAHABAT WARGA,NEW VARIO 150,105000.0
PAKET SERVIS GOLD,SCOOPY FI,70000.0
JASA PASANG 70000,REVO FIT FI,70000.0
SERVIS PAKET RINGAN PERAWATAN,NEW VARIO ESP CBS ISS,100000.0
PAKET SERVIS GOLD,BEAT FI CW,70000.0
PAKET SERVIS GOLD,SUPRA X 125 R DD,70000.0
PAKET SERVIS GOLD,BEAT CW FI MMC,70000.0
PAKET SERVIS GOLD,NEW VARIO TECHNO PGM FI,70000.0
PAKET HOME SERVICE D2D,CB150R STREETFIRE,155000.0
JASA PASANG 70000,SUPRA X 125 CW MMC,70000.0
PAKET HOME SERVICE D2D,SONIC 150R,136500.0
PAKET SERVIS GROUP CUSTOMER,ALL NEW SCOOPY PLAYFUL,70000.0
PAKET SERVIS PLATINUM,NEW VARIO 150,70000.0
PAKET SERVIS SAHABAT WARGA,VARIO 150 MMC,105000.0
PAKET HOME SERVICE D2D,SUPRA X 125 CW MMC,100000.0
JASA PASANG 75000,VARIO FI,75000.0
PAKET SERVIS SAHABAT WARGA,SCOOPY ESP,70000.0
PAKET INJECTOR CLEANER,PCX160 CBS,45000.0
KPB 3,NEW SUPRA X 125 FI CW,0.0
PAKET SERVIS GOLD,BEAT POP ESP CBS,70000.0
PAKET SERVIS GOLD,VARIO FI,70000.0
PAKET PEMBERSIHAN CVT,VARIO CAST WHEEL,65000.0
PERBAIKAN CVT,VARIO TECHNO,60000.0
PERBAIKAN KANVAS REM DEPAN,BeAT Sporty DLX Smart Key,25000.0
PENGGANTIAN RADIATOR COOLANT,NEW VARIO,44000.0
PAKET KURAS RADIATOR,BeAT Sporty DLX Smart Key,25000.0
PAKET SERVIS SILVER,BeAT Sporty CBS,75000.0
PAKET GOCENG,VARIO 125 CBS ISS SP,5000.0
SPECIAL MATIC 39K,NEW SCOOPY PRESTIGE,39000.0
JASA PASANG 50000,REVO FIT FI,50000.0
PAKET GOCENG,REVO SPOKE,1000.0
SPECIAL MATIC 50K,NEW SCOOPY FI,50000.0
KELISTRIKAN RINGAN,BEAT FI CBS,61500.0
JASA PASANG 250000,NEW CB150R STREETFIRE,250000.0
BONGKAR MESIN,NEW CB150R STREETFIRE,400000.0
JASA PASANG 295000,NEW CB150R STREETFIRE,295000.0
SERVIS PAKET CVT PLUS,VARIO 160 CBS,50000.0
PAKET GOCENG,ALL NEW SONIC 150 R,1000.0
KPB 2,CB150 VERZA CW,0.0
PENGGANTIAN RANTAI KETENG ,SUPRA X 125 CW MMC,80000.0
PENGGANTIAN BELT DRIVE / ROLLER,BEAT POP CBS ISS,50000.0
SERVIS PAKET RINGAN PERAWATAN,ADV160 CBS,120000.0
PENGGANTIAN MINYAK REM,NEW SCOOPY STYLISH,25000.0
PENGGANTIAN BEARING DEPAN,NEW BEAT CAST WHEEL,30000.0
JASA PASANG 45000,REVO CW FI,45000.0
JASA PASANG 45000,REVO X,45000.0
PENGGANTIAN KANVAS REM BELAKANG * ABS,PCX 160 CBS,40000.0
JASA PASANG 60000,ADV150 CBS,60000.0
JASA PASANG 5000,SCOOPY STYLISH ,5000.0
JASA PASANG 85000,VARIO 150,85000.0
JASA PASANG 20000,BEAT POP ESP CBS PIXEL,20000.0
JASA PASANG 5000,BEAT SPORTY DLX SMART KEY,5000.0
JASA PASANG 20000,NEW SUPRA X 125 FI CW,20000.0
PENGGANTIAN OLI MESIN,NEW BLADE S 125 FI,2000.0
TUNE UP ADV 160,ADV160 CBS,170000.0
JASA PASANG 120000,ALL NEW SCOOPY SPORTY,120000.0
JASA PASANG 120000,NEW SCOOPY FI,120000.0
PENGGANTIAN MINYAK REM,VARIO 125 CBS-ISS MMC,35000.0
JASA PASANG 120000,BEAT SPORTY CW,120000.0
JASA PASANG 120000,BeAT Sporty CBS ISS Deluxe,120000.0
JASA PASANG 120000,GENIO CBS,120000.0
PENGGANTIAN BEARING DEPAN,BEAT CW FI MMC,25000.0
PENGGANTIAN COVER HANDLE GETAR,VARIO 125 CBS ISS,15000.0
JASA PASANG 120000,BeAT Sporty CBS ISS,120000.0
PEMERIKSAAN LAIN - LAIN,CBR 150R STD,0.0
JASA PASANG 10000,BEAT POP ESP CW PIXEL,10000.0
PERBAIKAN KABEL REM BELAKANG,BEAT SPORTY CW,70000.0
SERVIS PAKET LENGKAP PERAWATAN,BLADE R,80000.0
PAKET KURAS OLI SHOCK,Beat Sporty,0.0
PAKET KURAS TANGKI,Beat Sporty,20000.0
BONGKAR MESIN,BEAT,180000.0
JASA PASANG 150000,BEAT,150000.0
SERVIS PAKET LENGKAP PERAWATAN,NEW CBR250RR STD,130000.0
SERVIS PAKET LENGKAP PERAWATAN PLUS,BEAT SW FI MMC,130000.0
PAKET CEK REM GRATIS,BEAT SW FI MMC,0.0
JASA PASANG 30000,CB150R,30000.0
JASA PASANG 80000,SONIC 150R,80000.0
SERVIS PAKET RINGAN PERAWATAN,NEW BEAT SPOKE WHEEL,75000.0
JASA PASANG 20000,ADV150 ABS,20000.0
PENGGANTIAN RADIATOR COOLANT,NEW VARIO 125 CBS ISS,10000.0
PAKET RESET FI,REVO SW FI,35000.0
SERVIS PAKET LENGKAP PERAWATAN PLUS,SPACY CW HELM IN,130000.0
JASA PASANG 120000,NEW PCX 150 CBS,120000.0
PAKET CEK AJA DULU,VARIO 110 CBS,0.0
PENGGANTIAN MINYAK REM,CB150R STREETFIRE,40000.0
PAKET CEK AJA DULU,NEW VARIO 150,0.0
PENGGANTIAN MINYAK REM,PCX 150,40000.0
PERBAIKAN STANG,VARIO 110 CBS ISS,40000.0
PENGGANTIAN KANVAS REM BELAKANG * ( CAKRAM ),VARIO 125 CBS-ISS MMC,35000.0
PERBAIKAN STANDAR TENGAH,GENIO CBS ISS,50000.0
PERBAIKAN STANG,BEAT FI SW,50000.0
PERBAIKAN BAN BELAKANG,CB150R STREETFIRE,35000.0
PERBAIKAN BAN DEPAN,VARIO 150 SPORTY,30000.0
PENGGANTIAN MASTER REM BELAKANG,BEAT FI CW,0.0
PENGGANTIAN BUSI,BEAT SW FI MMC,10000.0
PENGGANTIAN BEARING BELAKANG,BEAT POP ESP CBS,50000.0
PEMERIKSAAN KELISTRIKAN,SUPRA X 125 SW MMC,50000.0
PENGGANTIAN GEAR BOX,BEAT STREET CBS,50000.0
PENGGANTIAN BODY COVER SET,VARIO 150 MMC,100000.0
PAKET KURAS RADIATOR,CB150R STREETFIRE,35000.0
PAKET CEK REM GRATIS,BEAT FI SW,0.0
PERBAIKAN COVER HANDLE GETAR,VARIO 150,25000.0
SETEL VELG BELAKANG,SUPRA X 125 CW MMC,100000.0
PERBAIKAN MASTER REM BELAKANG,SUPRA X 125 CW MMC,0.0
PENGGANTIAN STANG,BEAT FI CBS,50000.0
PAKET CEK AJA DULU,BEAT SPORTY CBS ISS,0.0
PAKET CEK AJA DULU,REVO SW FI,0.0
PERBAIKAN KANVAS REM BELAKANG,BEAT POP ESP CBS-ISS,30000.0
PERBAIKAN HEADLIGHT UNIT,NEW VARIO 150,35000.0
PERBAIKAN STANG,REVO SW FI,50000.0
PERBAIKAN STANG,CB150R,50000.0
PERBAIKAN HEADLIGHT UNIT,VARIO 150 MMC,35000.0
PERBAIKAN BOHLAM SOCKET HEADLIGHT,VARIO 150,25000.0
PERBAIKAN HEADLIGHT UNIT,VARIO 110 CBS,35000.0
PENGGANTIAN COM STEER,BEAT FI SW,85000.0
PERBAIKAN STANDAR TENGAH,BEAT FI CBS,40000.0
PENGGANTIAN BEARING DEPAN,PCX 150,30000.0
PENGGANTIAN CVT,NEW VARIO ESP CBS ADVANCE,60000.0
PENGGANTIAN BEARING DEPAN,NEW PCX 150,30000.0
JASA PASANG 15000,MEGAPRO CW FI,15000.0
PERBAIKAN FUEL PUMP,BEAT FI CW,30000.0
PERBAIKAN KUNCI SET,NEW VARIO 125 CBS-ISS,50000.0
SETEL VELG BELAKANG,SUPRA X 125 R DD,100000.0
PERBAIKAN MASTER REM DEPAN,SUPRA X 125 R DD,50000.0
PERBAIKAN KUNCI SET,SUPRA X 125 R DD,50000.0
JASA PASANG 60000,NEW SUPRA GTR150 EXCLUSIVE,0.0
PENGGANTIAN STANG,BLADE R,50000.0
JASA PASANG 60000,NEW CBR 150R,0.0
JASA PASANG 65000,VARIO TECHNO 125 FI CBS,65000.0
PENGECEKAN,VARIO 160 CBS,85000.0
PERBAIKAN COM STEER,SUPRA X 125 CW MMC,20000.0
PERBAIKAN KANVAS REM BELAKANG,NEW SUPRA X 125 FI CW,30000.0
